layer,expert_id,REAP_score,aikar_score,REAP_rank,aikar_rank,REAP_pruned,aikar_pruned,selection_count,selection_frequency,average_gate_weight,average_output_norm
0,0,1.554409128527331,0.0,84,1,0,1,49618,0.06255184498821276,0.1251589135523415,10.116970024099661
0,1,1.544957255267437,0.0,74,2,0,1,49613,0.0625455416461808,0.12595261847651212,10.093501972140837
0,2,1.5157039398410737,0.0,37,3,0,1,49508,0.062413171463509956,0.12438280914979816,9.819548941733753
0,3,1.4630392214650763,0.0,18,4,0,1,49648,0.06258966504040442,0.12060442700427555,9.756335925806424
0,4,1.5220611758082605,0.0,45,5,0,1,49600,0.06252915295689775,0.12498733899983269,9.963011727125274
0,5,1.5588646195713793,0.0,87,6,0,1,49563,0.06248250822586135,0.1281602775304743,10.10501862135008
0,6,1.5449685040438823,0.0,75,7,0,1,49569,0.06249007223629969,0.1250631482535964,9.969870714510867
0,7,1.5390406498681994,0.0,66,8,0,1,49584,0.06250898226239553,0.12709464337526877,9.967206180546947
0,8,1.418595473753209,0.0,11,9,1,1,49688,0.06264009177665998,0.11961859333745156,9.618512304825135
0,9,1.4692804816150347,0.0,21,10,0,1,49475,0.062371569406099114,0.12274935117948606,9.804302189964075
0,10,1.5318272974757945,0.0,60,11,0,1,49479,0.06237661207972467,0.12687146887027714,9.885322221414071
0,11,1.5345023740741437,0.0,62,12,0,1,49532,0.06244342750526329,0.12486894469563276,9.9315348930677
0,12,1.380466461968481,0.0,6,13,1,0,49479,0.06237661207972467,0.11500751622975579,9.530319506226286
0,13,1.5520980592486593,0.0,82,14,0,0,49651,0.06259344704562358,0.12604533781565866,10.001149369537877
0,14,1.4920273743822643,0.0,26,15,0,0,49589,0.06251528560442747,0.1241646646674392,9.815793343333102
0,15,1.8819756146328805,0.0,126,16,0,0,49705,0.0626615231395686,0.14577147891600134,11.09849362853041
0,16,1.5243898873081405,0.0,53,17,0,0,49645,0.06258588303518525,0.12434334971598049,9.93675399065925
0,17,1.844312964671184,0.0,125,18,0,0,49688,0.06264009177665998,0.13955993021601937,10.664450216231282
0,18,1.5752103401119266,0.0,102,19,0,0,49638,0.06257705835634053,0.1267156987785736,10.021942627021033
0,19,1.5233906439133367,0.0,48,20,0,0,49603,0.06253293496211691,0.12545697965769959,9.88752072503623
0,20,1.5280292640060074,0.0,57,21,0,0,49601,0.06253041362530413,0.12456547206932057,9.918293417571798
0,21,1.5730503391433857,0.0,98,22,0,0,49516,0.062423256810761066,0.1271936496847917,10.129192541894385
0,22,1.5368702408392034,0.0,63,23,0,0,49637,0.06257579768793414,0.1251139021386375,9.938093460837676
0,23,1.5177589389541837,0.0,42,24,0,0,49631,0.06256823367749581,0.12550304828326356,9.878401979397498
0,24,1.5108763347290985,0.0,34,25,0,0,49612,0.06254428097777441,0.12388221128915772,9.899371395841767
0,25,1.5240816983999483,0.0,49,26,0,0,49558,0.062476204883829406,0.12454376271735873,9.930788297509247
0,26,1.5779297209620609,0.0,104,27,0,0,49594,0.06252158894645941,0.12456511799336212,10.502739398228323
0,27,1.4991036565589388,0.0,30,28,0,0,49625,0.06256066966705748,0.12310342531064783,9.844058053664948
0,28,1.5728218387589046,0.0,97,29,0,0,49692,0.06264513445028554,0.1262452349778814,10.15780890754438
0,29,1.5589857004583663,0.0,88,30,0,0,49604,0.0625341956305233,0.1265273305101044,10.073128810615213
0,30,1.5747323689361965,0.0,101,31,0,0,49579,0.06250267892036358,0.1272856362756619,9.991286021921741
0,31,1.4327735797759318,0.0,12,32,1,0,49520,0.06242829948438662,0.1190321622141983,9.701462997308967
0,32,1.4870727792962026,0.0,25,33,0,0,49569,0.06249007223629969,0.12273379886255831,9.845416563992998
0,33,1.6779623238654593,0.0,122,34,0,0,49638,0.06257705835634053,0.12879408484667149,10.380819672419047
0,34,1.5500946181388933,0.0,80,35,0,0,49577,0.0625001575835508,0.12513545244775937,9.996075462890389
0,35,1.560962845555484,0.0,91,36,0,0,49577,0.0625001575835508,0.12470901271194841,10.179580551136484
0,36,1.5144299069525016,0.0,35,37,0,0,49512,0.06241821413713551,0.12495243717346892,9.921150532699246
0,37,1.51872787584734,0.0,43,38,0,0,49534,0.06244594884207607,0.12273682324223027,9.882115258034672
0,38,1.7085786995251881,0.0,123,39,0,0,49644,0.06258462236677886,0.12785100383158496,10.464232885919783
0,39,1.5491156108823425,0.0,78,40,0,0,49640,0.06257957969315331,0.12452525272347707,10.038042560011899
0,40,1.402391631500282,0.0,10,41,1,0,49447,0.06233627069072022,0.11951602356405575,9.55976344431771
0,41,1.6391142801607461,0.0,121,42,0,0,49551,0.062467380204984685,0.12771116138104407,10.253079581685464
0,42,0.8764342908311409,0.0,1,43,1,0,49377,0.062248023902272985,0.08707205381828637,8.000431723894213
0,43,1.4971669740816207,0.0,29,44,0,0,49542,0.06245603418932718,0.12374277173109945,9.85113377985877
0,44,1.5158836133159785,0.0,39,45,0,0,49595,0.0625228496148658,0.12528801576235996,9.841389684955486
0,45,1.516206089096242,0.0,40,46,0,0,49674,0.06262244241897054,0.12564277939979554,9.90278877861482
0,46,1.728004382961279,0.0,124,47,0,0,49618,0.06255184498821276,0.12638324266343715,10.962688723666876
0,47,1.5412162671770904,0.0,70,48,0,0,49600,0.06252915295689775,0.1259766979049891,9.99963058395342
0,48,1.5415766715946162,0.0,71,49,0,0,49607,0.06253797763574247,0.12620229288749574,9.964626760229084
0,49,1.5582651148039481,0.0,86,50,0,0,49568,0.0624888115678933,0.12593755358148062,10.065429687483546
0,50,1.544536901733136,0.0,72,51,0,0,49544,0.06245855552613996,0.12517821268013027,10.02548908014697
0,51,1.540269254012106,0.0,69,52,0,0,49563,0.06248250822586135,0.1260027971616435,9.883756784910268
0,52,1.616200626367429,0.0,119,53,0,0,49645,0.06258588303518525,0.12744229211396843,10.184534077698125
0,53,1.5169632176429868,0.0,41,54,0,0,49637,0.06257579768793414,0.12519682393689194,9.949364647219635
0,54,1.5390901426766073,0.0,67,55,0,0,49629,0.06256571234068303,0.12486681437471549,10.075510319899193
0,55,1.5597989954163936,0.0,90,56,0,0,49582,0.06250646092558275,0.12623459223200956,10.041536528559188
0,56,1.2678866539584306,0.0,4,57,1,0,49441,0.062328706680281884,0.11147399201340577,9.182301602666797
0,57,1.2594001023887684,0.0,3,58,1,0,49460,0.06235265938000328,0.11031620475978376,9.20993389762233
0,58,1.539789562849494,0.0,68,59,0,0,49576,0.06249889691514441,0.1252828980962387,9.988755217494054
0,59,1.5242124564983288,0.0,51,60,0,0,49501,0.06240434678466523,0.12461142900525787,9.931223276706117
0,60,1.5375497146713342,0.0,64,61,0,0,49610,0.06254175964096163,0.12554874960716075,9.968013801074042
0,61,1.4956594992289929,0.0,27,62,0,0,49580,0.06250393958876997,0.12400318867086083,9.837760639907916
0,62,1.5844584548900345,0.0,109,63,0,0,49525,0.062434602826418564,0.12700137568245642,10.090985988630667
0,63,1.526545131964164,0.0,54,64,0,0,49649,0.06259092570881081,0.12538580545875064,9.991621059192553
0,64,1.5287168759792331,0.0,58,65,0,0,49623,0.0625581483302447,0.12499825192266381,9.887877940459157
0,65,1.5646643968883216,0.0,95,66,0,0,49480,0.06237787274813106,0.12716980072946935,10.027841618734758
0,66,1.5687604062695184,0.0,96,67,0,0,49518,0.06242577814757384,0.12717660358883937,10.01269888969252
0,67,1.5276319153390907,0.0,56,68,0,0,49637,0.06257579768793414,0.12487205670012722,10.06150186357726
0,68,1.5896936164984548,0.0,110,69,0,0,49563,0.06248250822586135,0.12825812607589995,10.148537688278704
0,69,1.57664634151546,0.0,103,70,0,0,49578,0.0625014182519572,0.12792303234497043,10.08105466880132
0,70,1.474409910543536,0.0,22,71,0,0,49574,0.06249637557833163,0.12220679185654443,9.90754872257404
0,71,1.5939399863568136,0.0,112,72,0,0,49521,0.06242956015279301,0.1278283275354371,10.102847397625359
0,72,1.515861264460961,0.0,38,73,0,0,49588,0.06251402493602108,0.12455324202606662,9.91697002156958
0,73,1.5228787625060853,0.0,47,74,0,0,49580,0.06250393958876997,0.126698229102594,9.82248115290133
0,74,1.5590487475239467,0.0,89,75,0,0,49599,0.06252789228849136,0.12738519560255165,10.021393025820737
0,75,1.524182593980666,0.0,50,76,0,0,49498,0.06240056477944606,0.12525109117900898,9.937166538914617
0,76,1.5091742177123755,0.0,33,77,0,0,49623,0.0625581483302447,0.12340918868093642,9.852632682341136
0,77,1.5841919049449604,0.0,108,78,0,0,49592,0.06251906760964664,0.12704040904888536,10.035916531560511
0,78,1.4007591151782584,0.0,8,79,1,0,49470,0.06236526606406717,0.11931429620561487,9.50759873448702
0,79,2.032253808658426,0.0,128,80,0,0,49718,0.06267791182885166,0.15161035112449794,11.401840769270857
0,80,1.5631823723865665,0.0,92,81,0,0,49511,0.06241695346872912,0.1284792386166845,9.949030816080505
0,81,1.4492465682991889,0.0,13,82,0,0,49707,0.06266404447638138,0.1230443104430959,9.858105165824288
0,82,1.5222013930549523,0.0,46,83,0,0,49433,0.062318621333030774,0.12475428475702723,9.921208943792285
0,83,1.9864531954881328,0.0,127,84,0,0,49717,0.06267665116044527,0.1504070755804494,11.35557116011715
0,84,1.5961335456834642,0.0,113,85,0,0,49637,0.06257579768793414,0.1292418423715072,10.103848803708951
0,85,1.546156954632852,0.0,76,86,0,0,49548,0.06246359819976552,0.12447439619498211,9.9869327416551
0,86,1.5932943677715872,0.0,111,87,0,0,49553,0.06246990154179746,0.12726835334252376,10.062128867592252
0,87,1.554375220531007,0.0,83,88,0,0,49686,0.0626375704398472,0.12541759640080247,10.127122699405168
0,88,1.1433336969968666,0.0,2,89,1,0,49431,0.062316099996218,0.10239244574183506,8.729589916746672
0,89,1.4645610230919532,0.0,19,90,0,0,49561,0.06247998688904857,0.12297333142300006,9.726967519200594
0,90,1.4960492514701216,0.0,28,91,0,0,49536,0.06244847017888885,0.12427033858000149,9.873733675893686
0,91,1.5445601011074053,0.0,73,92,0,0,49636,0.06257453701952775,0.1252052912382606,9.962246068345122
0,92,1.5640587583986116,0.0,94,93,0,0,49553,0.06246990154179746,0.12658801198931982,10.008332363578438
0,93,1.3981552936184178,0.0,7,94,1,0,49470,0.06236526606406717,0.11781735326089955,9.647582639240571
0,94,1.5554177981971036,0.0,85,95,0,0,49596,0.06252411028327219,0.12588495600890895,9.98243427590465
0,95,1.550716565901379,0.0,81,96,0,0,49562,0.06248124755745496,0.12482285129779702,9.98306348019001
0,96,1.4019522776375832,0.0,9,97,1,0,49453,0.062343834701158556,0.11924141312514724,9.563080628317106
0,97,1.624808215877549,0.0,120,98,0,0,49533,0.06244468817366968,0.128907635393053,10.269341788214653
0,98,1.6071215757795936,0.0,116,99,0,0,49556,0.06247368354701663,0.1286601805458093,10.10728460837179
0,99,1.5153962354533512,0.0,36,100,0,0,49535,0.06244720951048246,0.12257761883629203,10.27596175765894
0,100,1.5824734678152614,0.0,106,101,0,0,49576,0.06249889691514441,0.12766818584110182,10.045810545638433
0,101,1.5242946190990245,0.0,52,102,0,0,49521,0.06242956015279301,0.12483082455714092,9.929502457579515
0,102,1.54885998468893,0.0,77,103,0,0,49622,0.06255688766183831,0.12696747604851313,9.969023860283754
0,103,1.5634596765994055,0.0,93,104,0,0,49647,0.06258840437199803,0.12830526847107185,10.016679402581337
0,104,1.3739794013287365,0.0,5,105,1,0,49455,0.06234635603797133,0.11539102554686248,9.47641383092396
0,105,1.600011790786667,0.0,115,106,0,0,49608,0.06253923830414886,0.12976522364185358,10.018618294823954
0,106,1.612169531331111,0.0,118,107,0,0,49570,0.06249133290470608,0.1287921795378679,10.199315526325062
0,107,1.4563235135010035,0.0,15,108,0,0,49594,0.06252158894645941,0.12136955384697845,9.709586555467725
0,108,1.5732812834821739,0.0,99,109,0,0,49681,0.06263126709781526,0.1293623522959832,10.022922642125382
0,109,1.520933507994826,0.0,44,110,0,0,49510,0.062415692800322733,0.12356874490368579,9.918298307156757
0,110,1.5799847424688,0.0,105,111,0,0,49573,0.062495114909925244,0.12781663625347137,10.152322860600403
0,111,1.4823218474711293,0.0,24,112,0,0,49606,0.06253671696733608,0.1227985827330145,9.813393411889004
0,112,1.4528432386837677,0.0,14,113,0,0,49543,0.06245729485773357,0.12114463946894936,9.694156026916872
0,113,1.59705391720071,0.0,114,114,0,0,49475,0.062371569406099114,0.12734252749636352,10.13370040606279
0,114,1.6120098965523144,0.0,117,115,0,0,49692,0.06264513445028554,0.12922051935586387,10.078928899243564
0,115,1.5828925730462786,0.0,107,116,0,0,49483,0.062381654753350224,0.1279070991635039,10.022644941913637
0,116,1.5495847024991154,0.0,79,117,0,0,49608,0.06253923830414886,0.12453841994593486,10.170150962470052
0,117,1.531977338166154,0.0,61,118,0,0,49603,0.06253293496211691,0.12339898253163424,10.040651739288075
0,118,1.504614424498575,0.0,31,119,0,0,49601,0.06253041362530413,0.12347703083786682,9.883469986961721
0,119,1.5275955051864276,0.0,55,120,0,0,49532,0.06244342750526329,0.12510344692386915,9.956605876588204
0,120,1.5070961198818806,0.0,32,121,0,0,49615,0.06254806298299358,0.12291901066024008,9.841365548058041
0,121,1.4570256523980023,0.0,16,122,0,0,49501,0.06240434678466523,0.1211849574558482,9.762755709868332
0,122,1.5741786947079721,0.0,100,123,0,0,49592,0.06251906760964664,0.12746019526930133,10.066013234083458
0,123,1.4624097675955976,0.0,17,124,0,0,49614,0.06254680231458719,0.12288761720485798,9.684025918236985
0,124,1.4754777153070446,0.0,23,125,0,0,49658,0.06260227172446832,0.12179797282932418,9.886098319467475
0,125,1.529362515576156,0.0,59,126,0,0,49534,0.06244594884207607,0.12467399161656008,10.063233402214797
0,126,1.4684566028058348,0.0,20,127,0,0,49595,0.0625228496148658,0.1225316637629009,9.726242908680222
0,127,1.5385540421150552,0.0,65,128,0,0,49599,0.06252789228849136,0.1254265621467985,9.984082750655524
1,0,0.7805905536074199,0.0,60,1,0,1,49650,0.0625921863772172,0.12527134495697753,5.053903724024846
1,1,0.7666258981049925,0.0,39,2,0,1,49567,0.06248755089948691,0.12303568409290334,5.022027871011241
1,2,0.7990145817612037,0.0,99,3,0,1,49564,0.06248376889426774,0.12836333196439598,5.036164447840603
1,3,0.7739938953523635,0.0,49,4,0,1,49524,0.062433342158012176,0.12433624722302146,5.034320044071537
1,4,0.7641174260193104,0.0,29,5,0,1,49582,0.06250646092558275,0.12366432402898456,5.00843831343098
1,5,0.7778385836454275,0.0,57,6,0,1,49596,0.06252411028327219,0.124190872440498,5.040388444502117
1,6,0.7537275188613243,0.0,10,7,1,1,49576,0.06249889691514441,0.12241530769652272,4.999333077798662
1,7,0.7733573296235298,0.0,48,8,0,1,49614,0.06254680231458719,0.12481433886575798,5.00139420723139
1,8,0.7684779310572121,0.0,42,9,0,1,49580,0.06250393958876997,0.12399535439763983,5.023908049609066
1,9,0.7885973497903733,0.0,77,10,0,1,49622,0.06255688766183831,0.12671565321374192,5.07663026721092
1,10,0.7466986023461079,0.0,8,11,1,1,49576,0.06249889691514441,0.121019158376655,4.967998766577388
1,11,0.7910376452383473,0.0,83,12,0,1,49646,0.06258714370359164,0.1270200811215442,5.046488509899241
1,12,0.7619191375019672,0.0,22,13,0,0,49469,0.06236400539566078,0.12255687710086839,5.012253088106169
1,13,0.7766968066423702,0.0,52,14,0,0,49539,0.06245225218410801,0.12514105346518664,5.025718042321276
1,14,0.76523679936732,0.0,34,15,0,0,49575,0.06249763624673802,0.12252700172054036,5.088039431506795
1,15,0.7770190586467399,0.0,55,16,0,0,49593,0.06252032827805303,0.12472410003680368,5.011044497860189
1,16,0.7633734925498685,0.0,28,17,0,0,49563,0.06248250822586135,0.12314231843279733,5.015568064595108
1,17,0.5258605691751279,0.0,1,18,1,0,49412,0.062292147296496604,0.09436962264750763,4.531515893835553
1,18,0.7914648855185604,0.0,85,19,0,0,49595,0.0625228496148658,0.12558538726362337,5.044444086290749
1,19,0.7238183924890604,0.0,7,20,1,0,49468,0.06236274472725439,0.11871926810599916,4.959005844787758
1,20,0.7880998038055179,0.0,76,21,0,0,49610,0.06254175964096163,0.12581533232235045,5.065252186910819
1,21,0.8525641256695781,0.0,122,22,0,0,49656,0.06259975038765553,0.12539398278980002,5.580863918811913
1,22,0.7923849412570579,0.0,87,23,0,0,49589,0.06251528560442747,0.12696182170767262,5.037174847536639
1,23,0.8015949387152204,0.0,103,24,0,0,49563,0.06248250822586135,0.12834640825583393,5.065761875744848
1,24,0.795053916639581,0.0,92,25,0,0,49611,0.06254302030936802,0.12704098939119424,5.054171882911955
1,25,0.7879831450182271,0.0,75,26,0,0,49625,0.06256066966705748,0.12554181597502176,5.058432411255927
1,26,0.8042541822933053,0.0,109,27,0,0,49615,0.06254806298299358,0.12749867045633717,5.0668874188243125
1,27,0.7824879014449511,0.0,65,28,0,0,49609,0.06254049897255524,0.12631870656383595,5.036091836023678
1,28,0.7824179714237737,0.0,64,29,0,0,49609,0.06254049897255524,0.12522976971624183,5.006987478795706
1,29,0.7981627443505028,0.0,94,30,0,0,49590,0.06251654627283386,0.1274042044754568,5.067691963321347
1,30,0.7605759012050446,0.0,19,31,0,0,49560,0.06247872622064218,0.12285181373592365,5.002492313517665
1,31,0.7886327873772052,0.0,78,32,0,0,49594,0.06252158894645941,0.12608614207889565,5.049814307817281
1,32,0.7935949646847656,0.0,89,33,0,0,49536,0.06244847017888885,0.12660745362284284,5.0547296419314005
1,33,0.759171223034384,0.0,17,34,0,0,49528,0.06243838483163774,0.12296719723483678,4.981072671940751
1,34,0.7910801737576583,0.0,84,35,0,0,49612,0.06254428097777441,0.1260858881905044,5.059758139525963
1,35,0.8364843211253553,0.0,118,36,0,0,49549,0.06246485886817191,0.13259068994023898,5.129730033532396
1,36,0.8174497030393929,0.0,114,37,0,0,49654,0.06259722905084275,0.1302145966976404,5.084930636896888
1,37,0.7554546709322846,0.0,14,38,0,0,49558,0.062476204883829406,0.12250875588526193,4.977673677822179
1,38,0.8022350802257671,0.0,104,39,0,0,49575,0.06249763624673802,0.1273866265279826,5.0251679613301405
1,39,0.7862908807955612,0.0,73,40,0,0,49574,0.06249637557833163,0.1258605109973389,5.056466893145733
1,40,0.7811455610137118,0.0,62,41,0,0,49614,0.06254680231458719,0.12558930805331597,5.022215334729926
1,41,0.7642040731945219,0.0,30,42,0,0,49587,0.06251276426761469,0.12392951993700427,4.999897923219276
1,42,0.765536467218485,0.0,37,43,0,0,49574,0.06249637557833163,0.1228559172672958,5.02915566857499
1,43,0.7059239791166,0.0,5,44,1,0,49452,0.06234257403275217,0.11673022504389755,4.907754623797347
1,44,0.786296977303014,0.0,74,45,0,0,49490,0.06239047943219495,0.12449325663092053,5.037037381655794
1,45,0.7627816655666448,0.0,25,46,0,0,49584,0.06250898226239553,0.12254495616266736,5.00813709347785
1,46,0.7653179910054511,0.0,35,47,0,0,49600,0.06252915295689775,0.12362757323077887,5.003036423604255
1,47,0.7845238260410775,0.0,68,48,0,0,49562,0.06248124755745496,0.1258286594361409,5.038215290613147
1,48,0.7093112826202591,0.0,6,49,1,0,49469,0.06236400539566078,0.11602201435795645,4.893077620169254
1,49,0.7768370921265102,0.0,54,50,0,0,49583,0.06250772159398914,0.12436235435168312,5.063448791861117
1,50,0.7905013944836198,0.0,81,51,0,0,49593,0.06252032827805303,0.12667317506871958,5.026679804094289
1,51,0.8111420646000537,0.0,112,52,0,0,49617,0.06255058431980637,0.12895860049950872,5.075113143296445
1,52,0.7993268341540981,0.0,100,53,0,0,49632,0.0625694943459022,0.12682645167753318,5.067153303439379
1,53,0.8036389552912412,0.0,106,54,0,0,49597,0.06252537095167858,0.12720199782973773,5.107723878864371
1,54,0.754398496407367,0.0,12,55,1,0,49471,0.06236652673247356,0.12242332361798705,5.017711629187392
1,55,0.7772416329641012,0.0,56,56,0,0,49610,0.06254175964096163,0.12472112556180555,5.041980102298832
1,56,0.8621574137855981,0.0,124,57,0,0,49654,0.06259722905084275,0.13550468035180382,5.14988837304314
1,57,0.8406326233038554,0.0,121,58,0,0,49622,0.06255688766183831,0.13269594077932442,5.088580786964485
1,58,0.6867475088656223,0.0,4,59,1,0,49457,0.06234887737478411,0.11391447500343035,4.873020930506734
1,59,0.8031418317866197,0.0,105,60,0,0,49613,0.0625455416461808,0.1274809435231071,5.122647671255291
1,60,0.7719738292941836,0.0,46,61,0,0,49609,0.06254049897255524,0.12450394788638883,5.017380028706329
1,61,0.7537959194736668,0.0,11,62,1,0,49525,0.062434602826418564,0.12238039990142129,5.006424705577702
1,62,0.8680192936187603,0.0,125,63,0,0,49580,0.06250393958876997,0.12915504935094502,5.195622025398947
1,63,0.7753971999768211,0.0,51,64,0,0,49536,0.06244847017888885,0.12420968997960086,5.022238096186312
1,64,0.7628722361884309,0.0,26,65,0,0,49599,0.06252789228849136,0.12375600197700623,5.003052710993374
1,65,0.7861294453055853,0.0,72,66,0,0,49545,0.062459816194546346,0.12659493072198044,5.047980220227806
1,66,0.922499377925538,0.0,128,67,0,0,49672,0.06261992108215776,0.1410816324300864,5.2698761733801165
1,67,0.759617493362549,0.0,18,68,0,0,49571,0.062492593573112466,0.12290607359201135,5.019627372098004
1,68,0.7607705159061687,0.0,20,69,0,0,49648,0.06258966504040442,0.12258683661466764,5.0013370069774545
1,69,0.804006343368934,0.0,107,70,0,0,49616,0.06254932365139997,0.1281044821537667,5.078455867369519
1,70,0.7924300735749004,0.0,88,71,0,0,49576,0.06249889691514441,0.1260477984133434,5.0572403090448566
1,71,0.7710007506944344,0.0,44,72,0,0,49589,0.06251528560442747,0.12403443487043893,5.025825437686942
1,72,0.7845485609809495,0.0,69,73,0,0,49596,0.06252411028327219,0.12560687355859032,5.033980719320027
1,73,0.7791736471768613,0.0,58,74,0,0,49619,0.06255310565661915,0.12515666897172506,5.027991516993853
1,74,0.7653561035108952,0.0,36,75,0,0,49601,0.06253041362530413,0.12426161363990113,5.0380891181717065
1,75,0.5879989211352808,0.0,3,76,1,0,49437,0.06232366400665633,0.1019224932524611,4.682174081951447
1,76,0.7968360689413776,0.0,93,77,0,0,49611,0.06254302030936802,0.12607539424423367,5.105395351404016
1,77,0.8223036233203939,0.0,116,78,0,0,49577,0.0625001575835508,0.1275183872458765,5.106443800159944
1,78,0.7989759254966544,0.0,98,79,0,0,49605,0.06253545629892969,0.12798663337900185,5.056456746200477
1,79,0.7552788192540869,0.0,13,80,0,0,49622,0.06255688766183831,0.12244933906746669,5.028918406636507
1,80,0.7986318393270747,0.0,95,81,0,0,49566,0.062486290231080516,0.12670052305560983,5.103953005011222
1,81,0.7645241953214086,0.0,31,82,0,0,49577,0.0625001575835508,0.12436464366059424,5.001512419706534
1,82,0.7530157211831222,0.0,9,83,1,0,49589,0.06251528560442747,0.12240060126918055,4.981065114558257
1,83,0.7613252729912209,0.0,21,84,0,0,49561,0.06247998688904857,0.12266500911107202,5.008759545149099
1,84,0.7898445835762877,0.0,80,85,0,0,49590,0.06251654627283386,0.12648697491996339,5.037773352738147
1,85,0.78173763997405,0.0,63,86,0,0,49557,0.06247494421542302,0.1250457896517609,4.994952357830079
1,86,0.762304947251514,0.0,23,87,0,0,49576,0.06249889691514441,0.12328110866727447,4.989418219364163
1,87,0.8002594310070139,0.0,102,88,0,0,49634,0.06257201568271498,0.1272994407807164,5.049625184015228
1,88,0.8336583361556182,0.0,117,89,0,0,49552,0.062468640873391074,0.12740852855854276,5.0636148531998435
1,89,0.7895814151853017,0.0,79,90,0,0,49558,0.062476204883829406,0.1268574524535131,5.04577180655887
1,90,0.7748794641928732,0.0,50,91,0,0,49595,0.0625228496148658,0.12424079865012616,5.027845607352143
1,91,0.7845202532165654,0.0,67,92,0,0,49502,0.06240560745307162,0.12469352655799862,5.0572818669063615
1,92,0.8066320843472305,0.0,110,93,0,0,49522,0.0624308208211994,0.12806241851607286,5.094055146378842
1,93,0.8041154563547606,0.0,108,94,0,0,49580,0.06250393958876997,0.12799098151687122,5.092888641179725
1,94,0.7797652406596561,0.0,59,95,0,0,49601,0.06253041362530413,0.12509075473453782,5.040671579480213
1,95,0.7768299321992268,0.0,53,96,0,0,49508,0.062413171463509956,0.12492875588377982,5.028586494450756
1,96,0.7623128630453188,0.0,24,97,0,0,49570,0.06249133290470608,0.12289225523341427,5.01804015369302
1,97,0.7919835766124862,0.0,86,98,0,0,49584,0.06250898226239553,0.12659857095088706,5.0430996413922475
1,98,0.7676305162742979,0.0,40,99,0,0,49601,0.06253041362530413,0.12338112164568221,5.011675438836887
1,99,0.799566305854903,0.0,101,100,0,0,49542,0.06245603418932718,0.12785100963226317,5.063031350014033
1,100,0.7848051202754782,0.0,70,101,0,0,49544,0.06245855552613996,0.12549239480334168,5.085738578483915
1,101,0.8131052407653143,0.0,113,102,0,0,49589,0.06251528560442747,0.1292636627664595,5.071409940998495
1,102,0.8367862945105101,0.0,119,103,0,0,49598,0.06252663162008497,0.13002318201861204,5.249814119161184
1,103,0.8205867458280608,0.0,115,104,0,0,49615,0.06254806298299358,0.1260520590150228,5.2396891393517695
1,104,0.7826100155850925,0.0,66,105,0,0,49571,0.062492593573112466,0.1253926622611742,5.033345074104334
1,105,0.7987063630119199,0.0,96,106,0,0,49561,0.06247998688904857,0.12679229100282072,5.104946502251638
1,106,0.7945534904631837,0.0,91,107,0,0,49578,0.0625014182519572,0.12731978960791288,5.028662422593636
1,107,0.8984381715612336,0.0,126,108,0,0,49657,0.06260101105606193,0.1386336909774672,5.219908717174251
1,108,0.8386189907784207,0.0,120,109,0,0,49582,0.06250646092558275,0.13245375127521858,5.119224219301336
1,109,0.780757155546881,0.0,61,110,0,0,49609,0.06254049897255524,0.12539127536384415,5.0376250458172525
1,110,0.7723683766737107,0.0,47,111,0,0,49545,0.062459816194546346,0.12380152012616545,5.021523156243797
1,111,0.8599280020984674,0.0,123,112,0,0,49640,0.06257957969315331,0.1335013494221325,5.153639580068028
1,112,0.784912698183835,0.0,71,113,0,0,49525,0.062434602826418564,0.12534515355134,5.052654825572627
1,113,0.7585656478050287,0.0,16,114,0,0,49550,0.062466119536578296,0.12222343889573861,4.986629078328532
1,114,0.7988196030642608,0.0,97,115,0,0,49554,0.06247116221020385,0.1266448153871468,5.073064027336972
1,115,0.7678736362377435,0.0,41,116,0,0,49623,0.0625581483302447,0.1235235139626344,5.062316655257368
1,116,0.7582147009545311,0.0,15,117,0,0,49597,0.06252537095167858,0.12264466767194897,5.014239217069741
1,117,0.900387130569761,0.0,127,118,0,0,49624,0.06255940899865109,0.13819940490699714,5.259308687437839
1,118,0.7632167563728545,0.0,27,119,0,0,49614,0.06254680231458719,0.12392803040753238,5.009876587184873
1,119,0.766168564283041,0.0,38,120,0,0,49593,0.06252032827805303,0.12363485752881916,4.990438492466269
1,120,0.7908699247739809,0.0,82,121,0,0,49608,0.06253923830414886,0.12623205747557684,5.054382702842612
1,121,0.807380944101084,0.0,111,122,0,0,49573,0.062495114909925244,0.12895261344398184,5.061306767051006
1,122,0.7651004813157144,0.0,33,123,0,0,49569,0.06249007223629969,0.12351356037963628,4.992789511013176
1,123,0.7646908398552046,0.0,32,124,0,0,49614,0.06254680231458719,0.12410301699698355,4.997971790598772
1,124,0.7695604744578581,0.0,43,125,0,0,49513,0.0624194748055419,0.12392790226785338,5.035798096251966
1,125,0.7715776265254697,0.0,45,126,0,0,49572,0.062493854241518855,0.12377116744573766,5.064542328407894
1,126,0.5348049245899525,0.0,2,127,1,0,49412,0.062292147296496604,0.09490788346004775,4.565752525770086
1,127,0.7940476457986919,0.0,90,128,0,0,49602,0.06253167429371052,0.1265624237741059,5.056713462409727
2,0,0.9459898158321827,0.0,100,1,0,1,49663,0.06260857506650026,0.12702296050435802,6.641098507229678
2,1,0.9651391280385792,0.0,115,2,0,1,49619,0.06255310565661915,0.12989690013041927,6.645311742892967
2,2,0.9290545437726455,0.0,70,3,0,1,49623,0.0625581483302447,0.12521690702159252,6.567774662500567
2,3,0.9089677546890875,0.0,28,4,0,1,49582,0.06250646092558275,0.12371632168515026,6.540011859138409
2,4,0.9339970961469704,0.0,78,5,0,1,49527,0.06243712416323135,0.1264464409934856,6.62237852230247
2,5,0.9330622495977998,0.0,76,6,0,1,49570,0.06249133290470608,0.12540432301655055,6.645522706257278
2,6,0.9450423230590734,0.0,99,7,0,1,49592,0.06251906760964664,0.12751172678309997,6.6331497080265445
2,7,0.922654978029367,0.0,53,8,0,1,49623,0.0625581483302447,0.12524667094727787,6.551198796754851
2,8,0.9341583537189708,0.0,79,9,0,1,49640,0.06257957969315331,0.126839380204174,6.5800343311623735
2,9,0.9521624840367643,0.0,105,10,0,1,49601,0.06253041362530413,0.12890182387638177,6.591462957541268
2,10,0.9358660019433566,0.0,83,11,0,1,49597,0.06252537095167858,0.12679496595896195,6.589799290746867
2,11,0.9183861698706204,0.0,46,12,0,1,49550,0.062466119536578296,0.12448850857021568,6.559752565628866
2,12,1.1146202918989723,0.0,128,13,0,0,49689,0.06264135244506637,0.14280851865796998,7.000030154073614
2,13,0.9247276933691361,0.0,55,14,0,0,49642,0.06258210102996609,0.12521535622818686,6.58131829805191
2,14,0.9196211965229698,0.0,48,15,0,0,49542,0.06245603418932718,0.1242212950726888,6.57690940689978
2,15,0.9570416926742177,0.0,111,16,0,0,49591,0.06251780694124025,0.12917434265165123,6.601498203186448
2,16,0.9417470166565604,0.0,95,17,0,0,49562,0.06248124755745496,0.1271549048021587,6.583421300803742
2,17,0.893944088028876,0.0,10,18,1,0,49516,0.062423256810761066,0.122152787003437,6.534040827272383
2,18,0.8952870805670223,0.0,11,19,1,0,49550,0.062466119536578296,0.12268643059915328,6.506272804279852
2,19,0.9374521399127773,0.0,86,20,0,0,49624,0.06255940899865109,0.12646831011707377,6.596589810755603
2,20,0.9142006628939728,0.0,37,21,0,0,49643,0.06258336169837247,0.1250839020273156,6.550150701420722
2,21,0.9367365099210454,0.0,85,22,0,0,49489,0.06238921876378856,0.12718304011489526,6.601579863769364
2,22,0.8898010029163278,0.0,7,23,1,0,49460,0.06235265938000328,0.12066832047124446,6.546878818199726
2,23,0.9419314614653717,0.0,96,24,0,0,49569,0.06249007223629969,0.1269162742402299,6.652435953536296
2,24,0.9005481874169458,0.0,15,25,0,0,49645,0.06258588303518525,0.1225155174893635,6.549269010156895
2,25,0.9290178319448957,0.0,69,26,0,0,49636,0.06257453701952775,0.12620785492755954,6.581753584514789
2,26,0.9037487069036287,0.0,19,27,0,0,49591,0.06251780694124025,0.12287822889153442,6.537439407062084
2,27,0.9098424018885289,0.0,31,28,0,0,49558,0.062476204883829406,0.1232962732637808,6.560130006167631
2,28,0.9162969548187804,0.0,43,29,0,0,49604,0.0625341956305233,0.12593778207957546,6.532439565876093
2,29,0.9288565608737849,0.0,67,30,0,0,49553,0.06246990154179746,0.12610441591910282,6.568310941953346
2,30,0.7036730731686471,0.0,2,31,1,0,49402,0.06227954061243271,0.10188875725785285,6.2494959684272295
2,31,0.9271059741392984,0.0,64,32,0,0,49583,0.06250772159398914,0.12528508621874349,6.604675060146062
2,32,0.8899683349176252,0.0,8,33,1,0,49464,0.06235770205362883,0.12166899642891832,6.543189752199893
2,33,0.9903371893232767,0.0,123,34,0,0,49600,0.06252915295689775,0.1313234779809136,6.667868535302145
2,34,0.9878025117988286,0.0,120,35,0,0,49586,0.0625115035992083,0.13143804223856925,6.703856495036476
2,35,0.9171380051801626,0.0,44,36,0,0,49574,0.06249637557833163,0.124660234767786,6.547046663901642
2,36,0.9515842287975662,0.0,104,37,0,0,49634,0.06257201568271498,0.12833657574098026,6.620953103964236
2,37,0.9035080255196235,0.0,18,38,0,0,49501,0.06240434678466523,0.1227483583815928,6.5604672153004575
2,38,0.9590415768644117,0.0,112,39,0,0,49576,0.06249889691514441,0.1286984797033069,6.6346125290830775
2,39,0.9396154477776307,0.0,91,40,0,0,49634,0.06257201568271498,0.12599139420425334,6.649048214781152
2,40,0.9745808215811931,0.0,117,41,0,0,49631,0.06256823367749581,0.13096925707050044,6.607084262028266
2,41,0.9346062586327969,0.0,81,42,0,0,49572,0.062493854241518855,0.126275859639187,6.592007316064594
2,42,1.0548402816583813,0.0,127,43,0,0,49585,0.06251024293080192,0.13130081341450428,6.936558107073908
2,43,0.9154131051358476,0.0,41,44,0,0,49585,0.06251024293080192,0.1245622929202533,6.55399029905098
2,44,0.909248836497135,0.0,29,45,0,0,49583,0.06250772159398914,0.12413830005603071,6.522924615217237
2,45,0.9062001397956536,0.0,22,46,0,0,49619,0.06255310565661915,0.12383136532081104,6.537323375400006
2,46,0.921480453907806,0.0,51,47,0,0,49614,0.06254680231458719,0.12452100128030093,6.5645880183559315
2,47,0.8985789041403317,0.0,13,48,0,0,49537,0.062449730847295236,0.1227196416503204,6.549597523660575
2,48,0.9261731641863564,0.0,61,49,0,0,49558,0.062476204883829406,0.12480213440460873,6.578994508947454
2,49,0.939364883187896,0.0,90,50,0,0,49623,0.0625581483302447,0.12682041070780556,6.609392117248804
2,50,0.9107169291362714,0.0,32,51,0,0,49624,0.06255940899865109,0.1227992878902575,6.564122461960517
2,51,0.9006063398695477,0.0,16,52,0,0,49565,0.06248502956267413,0.12261992669016071,6.525815836931336
2,52,0.9641317329101919,0.0,114,53,0,0,49699,0.06265395912913027,0.1302502648557072,6.680658609479025
2,53,0.9522410535536622,0.0,106,54,0,0,49646,0.06258714370359164,0.1263154097048508,6.740106321688581
2,54,0.8916806931787649,0.0,9,55,1,0,49532,0.06244342750526329,0.1217478639789884,6.552515709097527
2,55,0.938026666074004,0.0,88,56,0,0,49577,0.0625001575835508,0.12605484061056854,6.600036338309142
2,56,0.9289565744160568,0.0,68,57,0,0,49625,0.06256066966705748,0.12586834533752814,6.599484189232356
2,57,0.9000226485715473,0.0,14,58,0,0,49608,0.06253923830414886,0.1225385485804346,6.549098946890362
2,58,0.9206032413194095,0.0,50,59,0,0,49626,0.06256193033546387,0.12531123780611086,6.590218250288037
2,59,1.0029358912036948,0.0,125,60,0,0,49639,0.06257831902474692,0.1280532535652889,6.7530931924615745
2,60,0.9069712492892328,0.0,23,61,0,0,49616,0.06254932365139997,0.12344985248882342,6.559012241260388
2,61,0.9314814997917974,0.0,75,62,0,0,49596,0.06252411028327219,0.1265491534494908,6.56581886041325
2,62,0.9381754603830644,0.0,89,63,0,0,49561,0.06247998688904857,0.1298815450345809,6.564585415597452
2,63,0.9236280680219497,0.0,54,64,0,0,49618,0.06255184498821276,0.12360189360107195,6.619081346784734
2,64,0.9131110264551743,0.0,35,65,0,0,49616,0.06254932365139997,0.12459122459227727,6.5510906626307825
2,65,0.9267091229722964,0.0,63,66,0,0,49564,0.06248376889426774,0.12529936465249833,6.576878829875036
2,66,0.9197880726687521,0.0,49,67,0,0,49658,0.06260227172446832,0.12551417287830408,6.594510043698158
2,67,0.962311523351977,0.0,113,68,0,0,49608,0.06253923830414886,0.12849013514051472,6.613635151588356
2,68,0.9480351522259385,0.0,102,69,0,0,49585,0.06251024293080192,0.1281481017984335,6.578693825879956
2,69,1.035150996726204,0.0,126,70,0,0,49646,0.06258714370359164,0.13129152988331433,6.970819706805309
2,70,0.9335291358449262,0.0,77,71,0,0,49582,0.06250646092558275,0.12594231090182206,6.593426049751186
2,71,0.9082743544081021,0.0,26,72,0,0,49557,0.06247494421542302,0.12389963064623129,6.552088105019675
2,72,0.9250680090742155,0.0,57,73,0,0,49571,0.062492593573112466,0.1250027500912914,6.6050100622153645
2,73,0.9364332334354885,0.0,84,74,0,0,49589,0.06251528560442747,0.12612484279600922,6.624043696280794
2,74,0.9376948723557161,0.0,87,75,0,0,49537,0.062449730847295236,0.126271898700475,6.588660036196375
2,75,0.9292785543606413,0.0,71,76,0,0,49472,0.06236778740087995,0.12520042288356267,6.59528577261953
2,76,0.947882790940922,0.0,101,77,0,0,49531,0.062442166836856904,0.12441208127382648,6.775911320688418
2,77,0.979210052378551,0.0,118,78,0,0,49620,0.06255436632502553,0.12841279543589493,6.7653247928943285
2,78,0.9143590547142871,0.0,38,79,0,0,49534,0.06244594884207607,0.12508131175177464,6.546430377219158
2,79,0.7678232206309732,0.0,4,80,1,0,49419,0.062300971975341325,0.10960561174899584,6.327705702603384
2,80,0.9405829491523762,0.0,92,81,0,0,49622,0.06255688766183831,0.1266167152376072,6.593638646929905
2,81,0.9120665782587913,0.0,34,82,0,0,49634,0.06257201568271498,0.1253827300332872,6.517588359691531
2,82,0.9084926001299181,0.0,27,83,0,0,49622,0.06255688766183831,0.12378577688308817,6.545818870720977
2,83,0.9143944019487171,0.0,39,84,0,0,49643,0.06258336169837247,0.12542503544447065,6.537503559059273
2,84,0.9683484755857816,0.0,116,85,0,0,49628,0.06256445167227664,0.12924859812668038,6.648852731543364
2,85,0.9544863595450122,0.0,110,86,0,0,49580,0.06250393958876997,0.12802854769374047,6.615680565559648
2,86,0.9544252469250808,0.0,109,87,0,0,49549,0.06246485886817191,0.12810039300350573,6.618694987707851
2,87,0.9050651130645037,0.0,21,88,0,0,49531,0.062442166836856904,0.12421767244789403,6.513463569242517
2,88,0.9885528449809081,0.0,121,89,0,0,49599,0.06252789228849136,0.1317864763574495,6.679586238840206
2,89,0.7629649942272062,0.0,3,90,1,0,49394,0.0622694552651816,0.10420860713113331,6.536752742912453
2,90,0.9412122147878171,0.0,94,91,0,0,49558,0.062476204883829406,0.12700154982559697,6.611258837695527
2,91,0.9159832424545622,0.0,42,92,0,0,49553,0.06246990154179746,0.12490636253997528,6.554728758829532
2,92,0.928841604792762,0.0,66,93,0,0,49572,0.062493854241518855,0.12619685021399377,6.556136284664259
2,93,0.9357384294285296,0.0,82,94,0,0,49554,0.06247116221020385,0.12573215483818287,6.583705597625486
2,94,0.4947600780906765,0.0,1,95,1,0,49380,0.06225180590749215,0.07884689978789822,5.801578859210808
2,95,0.9801007229722318,0.0,119,96,0,0,49595,0.0625228496148658,0.1254443581077076,6.766277500075481
2,96,0.888262627308679,0.0,6,97,1,0,49598,0.06252663162008497,0.12164339422264227,6.506858654661445
2,97,0.9537096881652636,0.0,108,98,0,0,49491,0.06239174010060134,0.12862995552194595,6.6164011272636785
2,98,0.9300778361993977,0.0,72,99,0,0,49591,0.06251780694124025,0.125798696731471,6.590373603805298
2,99,0.9265800601275571,0.0,62,100,0,0,49605,0.06253545629892969,0.12489231556006998,6.611491044843829
2,100,0.9020745640878202,0.0,17,101,0,0,49582,0.06250646092558275,0.12334146873431268,6.548412062538171
2,101,0.9254150125617814,0.0,59,102,0,0,49557,0.06247494421542302,0.12395229152676965,6.578090749319094
2,102,0.9147089592135773,0.0,40,103,0,0,49511,0.06241695346872912,0.12437550616303228,6.595975081221036
2,103,0.9948386465067766,0.0,124,104,0,0,49585,0.06251024293080192,0.13070945092782588,6.70010659083806
2,104,0.9253759540879873,0.0,58,105,0,0,49641,0.0625808403615597,0.12429704538022729,6.592637302837603
2,105,0.9250015472365848,0.0,56,106,0,0,49619,0.06255310565661915,0.12671969306812367,6.529909148922807
2,106,0.9309761900654844,0.0,74,107,0,0,49620,0.06255436632502553,0.12619472315966826,6.596105743212147
2,107,0.9118821570381518,0.0,33,108,0,0,49570,0.06249133290470608,0.12428591227973741,6.558472409157216
2,108,0.9179752696179744,0.0,45,109,0,0,49634,0.06257201568271498,0.12478407812044728,6.549659208612875
2,109,0.9903038672374874,0.0,122,110,0,0,49686,0.0626375704398472,0.13168262659710078,6.737055829319103
2,110,0.9096160997590987,0.0,30,111,0,0,49518,0.06242577814757384,0.12366395244298738,6.575751575834163
2,111,0.913715390529931,0.0,36,112,0,0,49521,0.06242956015279301,0.12410477979073861,6.5652107989813375
2,112,0.9345538286283944,0.0,80,113,0,0,49597,0.06252537095167858,0.12530827864674127,6.649996675275825
2,113,0.9071055313290882,0.0,24,114,0,0,49479,0.06237661207972467,0.12365418970142444,6.53766466962284
2,114,0.9075995673635286,0.0,25,115,0,0,49460,0.06235265938000328,0.12315981894912476,6.566739642246314
2,115,0.9411305091173569,0.0,93,116,0,0,49600,0.06252915295689775,0.12683692403928182,6.608168490424892
2,116,0.9045992807689621,0.0,20,117,0,0,49504,0.062408128789884394,0.12275567576959298,6.649090634651142
2,117,0.9220611163039496,0.0,52,118,0,0,49557,0.06247494421542302,0.12583929959214674,6.571455101376483
2,118,0.9257773693645974,0.0,60,119,0,0,49576,0.06249889691514441,0.12605622840078978,6.562238730857346
2,119,0.7700567271258151,0.0,5,120,1,0,49442,0.06232996734868827,0.10992151412963391,6.331892501412337
2,120,0.9440816007937045,0.0,97,121,0,0,49481,0.06237913341653745,0.12742511634962692,6.595690884060443
2,121,0.9535301823279573,0.0,107,122,0,0,49518,0.06242577814757384,0.1275030491913485,6.6533390920463065
2,122,0.9191621219827161,0.0,47,123,0,0,49600,0.06252915295689775,0.12520560323447083,6.572603641369441
2,123,0.9448882779597744,0.0,98,124,0,0,49600,0.06252915295689775,0.12475506859316092,6.659312732851537
2,124,0.9285544588978908,0.0,65,125,0,0,49572,0.062493854241518855,0.12532496766966658,6.570300500715847
2,125,0.9306736068436512,0.0,73,126,0,0,49576,0.06249889691514441,0.12541573557077174,6.589894067596975
2,126,0.9485820571879772,0.0,103,127,0,0,49593,0.06252032827805303,0.1290206659638364,6.5821353939917575
2,127,0.8965339715210181,0.0,12,128,1,0,49609,0.06254049897255524,0.12276285881471406,6.544365970342448
3,0,0.7278032193833953,0.0,58,1,0,1,49568,0.0624888115678933,0.1259043445001997,5.436058152106555
3,1,0.7290192781289215,0.0,61,2,0,1,49564,0.06248376889426774,0.1252384274354129,5.450005814901135
3,2,0.7493450739588748,0.0,113,3,0,1,49550,0.062466119536578296,0.12908112653026943,5.455620002814164
3,3,0.7161950155580815,0.0,21,4,0,1,49558,0.062476204883829406,0.1232584856518615,5.4264914831249484
3,4,0.7306149037957227,0.0,65,5,0,1,49585,0.06251024293080192,0.12561341938290346,5.4509002421707855
3,5,0.7249246262304957,0.0,52,6,0,1,49618,0.06255184498821276,0.12519480817134454,5.431997328182891
3,6,0.7262332446876683,0.0,56,7,0,1,49570,0.06249133290470608,0.12529734992187783,5.432399701764049
3,7,0.6382229598292994,0.0,4,8,1,1,49427,0.06231105732259244,0.11311113218608657,5.327652232052701
3,8,0.7169323255648019,0.0,22,9,0,1,49481,0.06237913341653745,0.12277022070343142,5.4960865294792685
3,9,0.7240183145095135,0.0,51,10,0,1,49651,0.06259344704562358,0.12480341534686751,5.437025752928961
3,10,0.7393534140641003,0.0,90,11,0,1,49550,0.062466119536578296,0.12657132682890004,5.4690256914623365
3,11,0.7160632546854554,0.0,20,12,0,1,49539,0.06245225218410801,0.12392891561196824,5.417918618401308
3,12,0.7224127371030397,0.0,40,13,0,0,49558,0.062476204883829406,0.12463159393075189,5.434247784717601
3,13,0.7427634133967727,0.0,99,14,0,0,49573,0.062495114909925244,0.12695510733173385,5.481708318992147
3,14,0.7221875332565526,0.0,37,15,0,0,49609,0.06254049897255524,0.12447737568167071,5.446706762139449
3,15,0.7600883433216115,0.0,121,16,0,0,49639,0.06257831902474692,0.1299788752920489,5.513362810418152
3,16,0.7464992512947066,0.0,107,17,0,0,49636,0.06257453701952775,0.12682412196014184,5.550406541777383
3,17,0.739657002715685,0.0,91,18,0,0,49511,0.06241695346872912,0.12718120511049852,5.478433134338072
3,18,0.7478949692167569,0.0,111,19,0,0,49591,0.06251780694124025,0.12891329852880953,5.4610680766183615
3,19,0.7387491839053283,0.0,89,20,0,0,49586,0.0625115035992083,0.12757907030788412,5.454601287666162
3,20,0.723547106978328,0.0,48,21,0,0,49629,0.06256571234068303,0.12481039713916792,5.439880697596536
3,21,0.7417379429205596,0.0,96,22,0,0,49531,0.062442166836856904,0.12828499209384156,5.456227421593584
3,22,0.7237067108612608,0.0,49,23,0,0,49566,0.062486290231080516,0.12489026208876111,5.4492014644633695
3,23,0.7365052041781801,0.0,84,24,0,0,49551,0.062467380204984685,0.12652406052977544,5.461214081044279
3,24,0.7310908334937627,0.0,66,25,0,0,49482,0.062380394084943835,0.1255611927218903,5.462063971191972
3,25,0.7487902471976997,0.0,112,26,0,0,49559,0.062477465552235795,0.12936954742752058,5.467905074559107
3,26,0.7159514380869875,0.0,19,27,0,0,49586,0.0625115035992083,0.12319132492786958,5.425310299567065
3,27,0.7332952638694726,0.0,77,28,0,0,49569,0.06249007223629969,0.12585489405452963,5.482755676427837
3,28,0.7560107534433772,0.0,120,29,0,0,49684,0.06263504910303443,0.1287248850462482,5.564171704986273
3,29,0.7085276840207139,0.0,11,30,1,0,49508,0.062413171463509956,0.12269410396578241,5.432624276370772
3,30,0.7316723031956248,0.0,68,31,0,0,49518,0.06242577814757384,0.12571951598965872,5.45901071725705
3,31,0.741066209290693,0.0,94,32,0,0,49591,0.06251780694124025,0.1263698767721363,5.475424093692154
3,32,0.735780598813587,0.0,81,33,0,0,49562,0.06248124755745496,0.12674522410222863,5.4604806403478845
3,33,0.729513046876051,0.0,62,34,0,0,49538,0.062450991515701625,0.1254610580199452,5.450668415578083
3,34,0.7447469404753271,0.0,104,35,0,0,49601,0.06253041362530413,0.12875962055793186,5.445750273190363
3,35,0.7423833238851185,0.0,97,36,0,0,49493,0.06239426143741412,0.12813433430508187,5.478842531120914
3,36,0.7475204839463112,0.0,110,37,0,0,49635,0.06257327635112137,0.12742096187975688,5.5064563888427305
3,37,0.7223412220835632,0.0,38,38,0,0,49492,0.06239300076900773,0.1245374268864067,5.466764928480372
3,38,0.7519491919867832,0.0,116,39,0,0,49626,0.06256193033546387,0.12836341102856508,5.468003964301652
3,39,0.7225352321010736,0.0,41,40,0,0,49661,0.06260605372968749,0.12547792588370715,5.422407755056716
3,40,0.7201245631381432,0.0,30,41,0,0,49542,0.06245603418932718,0.12325253132427877,5.467441091081069
3,41,0.7230456685359253,0.0,45,42,0,0,49587,0.06251276426761469,0.12541619078412264,5.4391884237763914
3,42,0.7036915105249537,0.0,6,43,1,0,49629,0.06256571234068303,0.12271030928290232,5.3986307793364565
3,43,0.7380864807874995,0.0,86,44,0,0,49585,0.06251024293080192,0.12485225903485607,5.508394643131208
3,44,0.815425827540933,0.0,128,45,0,0,49626,0.06256193033546387,0.1371827190826535,5.566692099997501
3,45,0.723857614356463,0.0,50,46,0,0,49575,0.06249763624673802,0.12419742556738296,5.4857746006982895
3,46,0.7439901643831185,0.0,103,47,0,0,49618,0.06255184498821276,0.12885960392579088,5.431954906505531
3,47,0.7366332150634853,0.0,85,48,0,0,49607,0.06253797763574247,0.12644786728091936,5.460207792123986
3,48,0.4644726696999958,0.0,2,49,1,0,49397,0.062273237270400766,0.0881169696495876,4.925569254851853
3,49,0.7214305638597847,0.0,35,50,0,0,49662,0.06260731439809387,0.12484856400198437,5.451365071949011
3,50,0.707526472276728,0.0,8,51,1,0,49605,0.06253545629892969,0.12237106452838432,5.4180759934516765
3,51,0.7331877497302631,0.0,75,52,0,0,49604,0.0625341956305233,0.125225308791036,5.494486105648954
3,52,0.7080630889524171,0.0,10,53,1,0,49657,0.06260101105606193,0.12244202300499027,5.422758897611283
3,53,0.7296771140748227,0.0,63,54,0,0,49604,0.0625341956305233,0.12552139699366532,5.433428439263132
3,54,0.722816662829544,0.0,42,55,0,0,49577,0.0625001575835508,0.12478742782468041,5.450625889223405
3,55,0.7785787094880104,0.0,126,56,0,0,49605,0.06253545629892969,0.13212618690511466,5.521235437075634
3,56,0.7046783231541235,0.0,7,57,1,0,49502,0.06240560745307162,0.12218920591599323,5.43273682924882
3,57,0.7075350699961902,0.0,9,58,1,0,49499,0.06240182544785245,0.12307398676338924,5.402943261407264
3,58,0.7096589960111135,0.0,12,59,1,0,49538,0.062450991515701625,0.12307004208983223,5.401420194651617
3,59,0.7261645514060802,0.0,55,60,0,0,49490,0.06239047943219495,0.12478283357414234,5.474532641722123
3,60,0.7849900347664811,0.0,127,61,0,0,49673,0.06262118175056415,0.13327699803097,5.51967668460225
3,61,0.6798774447909341,0.0,5,62,1,0,49459,0.06235139871159689,0.1184234161540026,5.392273995017126
3,62,0.7463517046213539,0.0,106,63,0,0,49592,0.06251906760964664,0.1254841631181699,5.574985205186753
3,63,0.722835352018613,0.0,44,64,0,0,49646,0.06258714370359164,0.12533974739844767,5.4066897288919105
3,64,0.7386714255138118,0.0,88,65,0,0,49610,0.06254175964096163,0.1269721801413525,5.481676291558048
3,65,0.7342294978208458,0.0,79,66,0,0,49629,0.06256571234068303,0.125711971058153,5.501111437401239
3,66,0.731251264914123,0.0,67,67,0,0,49564,0.06248376889426774,0.12483302909217973,5.4731971648875595
3,67,0.7785510813595432,0.0,125,68,0,0,49588,0.06251402493602108,0.1287083748448225,5.598074941349149
3,68,0.735889980127082,0.0,82,69,0,0,49567,0.06248755089948691,0.12775507171183312,5.4390639563716885
3,69,0.7317966130430746,0.0,69,70,0,0,49554,0.06247116221020385,0.12472320778741795,5.493243300353591
3,70,0.7180247358342398,0.0,24,71,0,0,49542,0.06245603418932718,0.1243477447451765,5.460112238387426
3,71,0.7151030653639856,0.0,17,72,0,0,49571,0.062492593573112466,0.12331810920055013,5.428600481326196
3,72,0.7447575023520591,0.0,105,73,0,0,49599,0.06252789228849136,0.1289087741095252,5.444109414883559
3,73,0.7409257719051806,0.0,93,74,0,0,49595,0.0625228496148658,0.12747434313863096,5.440431338307349
3,74,0.7112706091026199,0.0,14,75,0,0,49527,0.06243712416323135,0.12307717640231183,5.433028025381578
3,75,0.7140934082258392,0.0,16,76,0,0,49610,0.06254175964096163,0.12324883285330278,5.436228601612897
3,76,0.720833889400833,0.0,34,77,0,0,49552,0.062468640873391074,0.12459845953618771,5.428347913123096
3,77,0.767005088244301,0.0,122,78,0,0,49587,0.06251276426761469,0.12610881957880699,5.634615860466561
3,78,0.7531154429445003,0.0,117,79,0,0,49556,0.06247368354701663,0.12795547203384314,5.499046086539845
3,79,0.7494239948096189,0.0,114,80,0,0,49610,0.06254175964096163,0.12768006160539158,5.538917210049346
3,80,0.7177465158394434,0.0,23,81,0,0,49609,0.06254049897255524,0.12364898352796949,5.444585975030121
3,81,0.7425772880192076,0.0,98,82,0,0,49614,0.06254680231458719,0.126652310272249,5.509982828522377
3,82,0.7321863807400719,0.0,71,83,0,0,49641,0.0625808403615597,0.1253967331593255,5.489945114484685
3,83,0.7251293562755977,0.0,53,84,0,0,49611,0.06254302030936802,0.1257510145850843,5.439049731744263
3,84,0.7439082914137543,0.0,102,85,0,0,49666,0.06261235707171943,0.12730209877740128,5.493789522346735
3,85,0.741716628697208,0.0,95,86,0,0,49639,0.06257831902474692,0.12675446343269492,5.498377844226319
3,86,0.7327650906851809,0.0,74,87,0,0,49596,0.06252411028327219,0.1266730783228569,5.439100593049378
3,87,0.7100559591846586,0.0,13,88,0,0,49554,0.06247116221020385,0.12319368315070356,5.411169117923936
3,88,0.7321414598960998,0.0,70,89,0,0,49550,0.062466119536578296,0.12575334795515264,5.431933073424918
3,89,0.7228239656495461,0.0,43,90,0,0,49598,0.06252663162008497,0.12417651657334396,5.466639779563027
3,90,0.7218937809175132,0.0,36,91,0,0,49549,0.06246485886817191,0.12471608040192547,5.43288439288778
3,91,0.7260615998572477,0.0,54,92,0,0,49642,0.06258210102996609,0.12525363536797737,5.447391444339274
3,92,0.7281017009301058,0.0,59,93,0,0,49593,0.06252032827805303,0.12481164589371668,5.526196730868393
3,93,0.723192753568038,0.0,47,94,0,0,49557,0.06247494421542302,0.1250579263020624,5.428808949438935
3,94,0.7754225686303466,0.0,124,95,0,0,49643,0.06258336169837247,0.13123499391368668,5.527155155882404
3,95,0.7282435232844419,0.0,60,96,0,0,49629,0.06256571234068303,0.12589699756641773,5.429201079866777
3,96,0.7157172749653068,0.0,18,97,0,0,49536,0.06244847017888885,0.1238583702886321,5.433108891362627
3,97,0.7335559045003128,0.0,78,98,0,0,49578,0.0625014182519572,0.12641235852282942,5.4393454330374365
3,98,0.7363781963968062,0.0,83,99,0,0,49515,0.06242199614235468,0.12635931873591177,5.4587871708652065
3,99,0.7223864937228174,0.0,39,100,0,0,49600,0.06252915295689775,0.12467988889248038,5.436903645279222
3,100,0.7322301389166346,0.0,72,101,0,0,49638,0.06257705835634053,0.12724615018520327,5.426621275586904
3,101,0.7130361497464606,0.0,15,102,0,0,49655,0.06259848971924914,0.12453495726773713,5.390756769616455
3,102,0.732481017015266,0.0,73,103,0,0,49623,0.0625581483302447,0.12602701422181303,5.450739412196216
3,103,0.7186596082168591,0.0,28,104,0,0,49609,0.06254049897255524,0.12436716097409052,5.433478362586226
3,104,0.7531588017282044,0.0,118,105,0,0,49571,0.062492593573112466,0.1294939124305162,5.473899223576688
3,105,0.749470350987688,0.0,115,106,0,0,49581,0.06250520025717636,0.12881986335248197,5.4728042896203375
3,106,0.7200980375233277,0.0,29,107,0,0,49600,0.06252915295689775,0.1242667925815312,5.447841422629669
3,107,0.7180786119830692,0.0,25,108,0,0,49540,0.0624535128525144,0.12428503504811966,5.425376299517584
3,108,0.742822032371617,0.0,101,109,0,0,49577,0.0625001575835508,0.12676007201632816,5.469440019865775
3,109,0.7202247117562066,0.0,31,110,0,0,49507,0.06241191079510357,0.12446456713764896,5.454598503918754
3,110,0.7181803050862859,0.0,27,111,0,0,49559,0.062477465552235795,0.12388390624504551,5.419297798175392
3,111,0.7204420779672838,0.0,32,112,0,0,49627,0.06256319100387026,0.12547469291429203,5.422740668473971
3,112,0.7344472281591281,0.0,80,113,0,0,49571,0.062492593573112466,0.12701559721571365,5.443157435165956
3,113,0.7469658677507358,0.0,109,114,0,0,49608,0.06253923830414886,0.12824086292212572,5.486623941961711
3,114,0.7428050119134423,0.0,100,115,0,0,49545,0.062459816194546346,0.1272583868075134,5.465872806889925
3,115,0.4141578188552874,0.0,1,116,1,0,49378,0.062249284570679374,0.08113654107879927,4.7967519958661216
3,116,0.7403991586362795,0.0,92,117,0,0,49538,0.062450991515701625,0.1278930158165908,5.462384250570296
3,117,0.7677807914131632,0.0,123,118,0,0,49680,0.06263000642940887,0.131204363346702,5.509657846239472
3,118,0.7466821526206773,0.0,108,119,0,0,49531,0.062442166836856904,0.12674225560541744,5.49330291852147
3,119,0.7205489624370159,0.0,33,120,0,0,49537,0.062449730847295236,0.12473288034002145,5.447963707501547
3,120,0.7540176026497958,0.0,119,121,0,0,49595,0.0625228496148658,0.12661934783831985,5.575955401353714
3,121,0.7296845486049446,0.0,64,122,0,0,49581,0.06250520025717636,0.12552365649708447,5.439589686570833
3,122,0.7231295365711491,0.0,46,123,0,0,49582,0.06250646092558275,0.12470689814068721,5.456370732734012
3,123,0.7386401980081415,0.0,87,124,0,0,49607,0.06253797763574247,0.12698727886580635,5.428797971838404
3,124,0.5448094782087753,0.0,3,125,1,0,49397,0.062273237270400766,0.09964234572203946,5.1615939322324715
3,125,0.7262606166794858,0.0,57,126,0,0,49576,0.06249889691514441,0.12368222322825086,5.490382407722709
3,126,0.7181337018484414,0.0,26,127,0,0,49653,0.06259596838243636,0.12430148541318141,5.415813167987547
3,127,0.7332680844836684,0.0,76,128,0,0,49568,0.0624888115678933,0.1269287407206005,5.459343839020844
4,0,0.8188237699523309,0.0,32,1,0,1,49534,0.06244594884207607,0.12392531128308776,5.894872500285967
4,1,0.792985393400354,0.0,6,2,1,1,49597,0.06252537095167858,0.12206366983207538,5.76225235587404
4,2,0.7980636344151831,0.0,11,3,1,1,49514,0.06242073547394829,0.1227394044836154,5.8081029352416405
4,3,0.8121877662652712,0.0,25,4,0,1,49538,0.062450991515701625,0.1242104006362791,5.835010193453329
4,4,0.8386563362549149,0.0,79,5,0,1,49560,0.06247872622064218,0.12556884035468477,5.9143575358270395
4,5,0.8266852115689982,0.0,47,6,0,1,49602,0.06253167429371052,0.1254481832033395,5.873328408162468
4,6,0.7560058863815473,0.0,3,7,1,1,49498,0.06240056477944606,0.1185982085883246,5.718676334828063
4,7,0.8302173187195478,0.0,56,8,0,1,49624,0.06255940899865109,0.12471520994339964,5.88499640386837
4,8,0.8052098749694406,0.0,17,9,0,1,49652,0.06259470771402997,0.12325596929581127,5.791662571264535
4,9,0.8689030177603756,0.0,119,10,0,1,49591,0.06251780694124025,0.12788413068197294,6.00060403741206
4,10,0.8188784104474677,0.0,33,11,0,1,49497,0.06239930411103967,0.12349485277378247,5.865531396773421
4,11,0.7467558241033743,0.0,2,12,1,1,49448,0.06233753135912661,0.11745647153770936,5.753320865577365
4,12,0.8243385532395788,0.0,42,13,0,0,49618,0.06255184498821276,0.12531508317848575,5.83324442285447
4,13,0.8561865009491472,0.0,110,14,0,0,49557,0.06247494421542302,0.12650931607731988,5.9540644663066535
4,14,0.8462994383481082,0.0,95,15,0,0,49542,0.06245603418932718,0.12584991996885025,5.941487043423991
4,15,0.8298610490559323,0.0,54,16,0,0,49627,0.06256319100387026,0.12605820842051088,5.867898777077922
4,16,0.8402315386012733,0.0,83,17,0,0,49636,0.06257453701952775,0.12515814451795954,5.946017286352605
4,17,0.8274441849127906,0.0,50,18,0,0,49614,0.06254680231458719,0.12513839270009977,5.882637027175526
4,18,0.8622156269329516,0.0,117,19,0,0,49637,0.06257579768793414,0.12801916845479105,5.968416133260929
4,19,0.842645448027424,0.0,88,20,0,0,49552,0.062468640873391074,0.12647399147216723,5.934389983344016
4,20,0.8357775277269728,0.0,72,21,0,0,49615,0.06254806298299358,0.12594834708177047,5.876817437727486
4,21,0.8157891170675244,0.0,27,22,0,0,49607,0.06253797763574247,0.12451777597913147,5.8597950124861145
4,22,0.8279548993310759,0.0,51,23,0,0,49584,0.06250898226239553,0.12502545025250364,5.892188313221882
4,23,0.7972451329755781,0.0,9,24,1,0,49637,0.06257579768793414,0.12582414841303421,5.751896334504467
4,24,0.834098581801363,0.0,65,25,0,0,49576,0.06249889691514441,0.12481594742371019,5.900549784557743
4,25,0.8145371998123786,0.0,26,26,0,0,49635,0.06257327635112137,0.12421994224417562,5.862393763479218
4,26,0.848178710024259,0.0,97,27,0,0,49630,0.06256697300908942,0.12678563216002706,5.916465657356618
4,27,0.797594382160885,0.0,10,28,1,0,49575,0.06249763624673802,0.12255874206897188,5.803472662368855
4,28,0.8582348585052765,0.0,112,29,0,0,49554,0.06247116221020385,0.12672828277733678,5.9549608980818665
4,29,0.837451697288439,0.0,76,30,0,0,49594,0.06252158894645941,0.1251759971876585,5.925546947386309
4,30,0.8290665850242028,0.0,53,31,0,0,49564,0.06248376889426774,0.12466099910026854,5.86659428858663
4,31,0.8534857126480484,0.0,105,32,0,0,49570,0.06249133290470608,0.12684777479520903,5.925299377938838
4,32,0.834518974882473,0.0,66,33,0,0,49503,0.062406868121478005,0.1255237848484739,5.920659192599947
4,33,0.8706203888234908,0.0,123,34,0,0,49557,0.06247494421542302,0.12740048988601557,6.007656300075901
4,34,0.8479168525024808,0.0,96,35,0,0,49574,0.06249637557833163,0.12565103972711267,5.961492403766244
4,35,0.805419987750056,0.0,18,36,0,0,49515,0.06242199614235468,0.12355522253523034,5.837886957713466
4,36,0.8419754322908862,0.0,86,37,0,0,49608,0.06253923830414886,0.12544943352406018,5.938237320483049
4,37,0.8462504915723731,0.0,94,38,0,0,49542,0.06245603418932718,0.126186738154561,5.921921228391716
4,38,0.8422758670891819,0.0,87,39,0,0,49598,0.06252663162008497,0.12460385016679612,5.926191714531995
4,39,0.8336974719732163,0.0,64,40,0,0,49585,0.06251024293080192,0.12576011635197912,5.893283450661423
4,40,0.8234807135590658,0.0,40,41,0,0,49627,0.06256319100387026,0.1249508161692774,5.8662864255813
4,41,0.8703460068551108,0.0,122,42,0,0,49589,0.06251528560442747,0.1277373842795868,5.9710486596538574
4,42,0.836174487507767,0.0,73,43,0,0,49558,0.062476204883829406,0.1256252675953413,5.890615610452876
4,43,0.8697783196363489,0.0,120,44,0,0,49598,0.06252663162008497,0.1273432913329935,5.941439325959125
4,44,0.8271795177650341,0.0,48,45,0,0,49609,0.06254049897255524,0.12484898832375924,5.871439041036548
4,45,0.817850003177396,0.0,30,46,0,0,49551,0.062467380204984685,0.12432151387675738,5.843725353628044
4,46,0.8381122405520425,0.0,77,47,0,0,49564,0.06248376889426774,0.12511466480607236,5.930874267393778
4,47,0.8961617340354893,0.0,126,48,0,0,49620,0.06255436632502553,0.13179438692496556,5.963387865660493
4,48,0.8262276974085864,0.0,46,49,0,0,49609,0.06254049897255524,0.12433326148473585,5.858158184332345
4,49,0.83956624760018,0.0,82,50,0,0,49588,0.06251402493602108,0.12523612668183629,5.890684344216006
4,50,0.8611774214873325,0.0,115,51,0,0,49606,0.06253671696733608,0.1267672374334723,5.939077043894585
4,51,0.8583819721722131,0.0,113,52,0,0,49582,0.06250646092558275,0.1272864463117796,5.923420415419489
4,52,0.8311671389645041,0.0,57,53,0,0,49575,0.06249763624673802,0.1254269214287265,5.89444484518279
4,53,0.8255544900221962,0.0,45,54,0,0,49590,0.06251654627283386,0.12438929316870956,5.8720315026580865
4,54,0.9120756544955807,0.0,128,55,0,0,49581,0.06250520025717636,0.13272902835343636,6.012738273595826
4,55,0.8619491925949598,0.0,116,56,0,0,49639,0.06257831902474692,0.1300812017879205,5.918521408106269
4,56,0.8458376784471436,0.0,93,57,0,0,49659,0.06260353239287471,0.12581034524752185,5.92352299655577
4,57,0.8255170287419513,0.0,44,58,0,0,49516,0.062423256810761066,0.12423159980164124,5.911054034237683
4,58,0.5153854186938042,0.0,1,59,1,0,49397,0.062273237270400766,0.090881034766424,5.264309585492378
4,59,0.806466980370042,0.0,19,60,0,0,49509,0.062414432131916345,0.12343450873578456,5.860083903998519
4,60,0.8582159057326494,0.0,111,61,0,0,49602,0.06253167429371052,0.12627397421947315,5.981445445950099
4,61,0.7980970427998212,0.0,12,62,1,0,49501,0.06240434678466523,0.1226074599113778,5.771257472745074
4,62,0.835173304099247,0.0,67,63,0,0,49624,0.06255940899865109,0.1251463705609197,5.867113417497367
4,63,0.8088815600374984,0.0,23,64,0,0,49606,0.06253671696733608,0.12407998146120872,5.825586311120598
4,64,0.8432705737342212,0.0,89,65,0,0,49573,0.062495114909925244,0.12593573584854742,5.932936706192415
4,65,0.8202374444265487,0.0,36,66,0,0,49641,0.0625808403615597,0.12432141668853444,5.8633080279134795
4,66,0.8281233871864935,0.0,52,67,0,0,49563,0.06248250822586135,0.1250322062098847,5.908789308338487
4,67,0.8447579803176954,0.0,91,68,0,0,49597,0.06252537095167858,0.1260919632451789,5.927949418257094
4,68,0.8037230089815725,0.0,15,69,0,0,49518,0.06242577814757384,0.12244586127430752,5.847306824399941
4,69,0.8365358109711304,0.0,75,70,0,0,49616,0.06254932365139997,0.12613457307426057,5.872983020906229
4,70,0.8042663850258471,0.0,16,71,0,0,49495,0.062396782774226896,0.1223555801424827,5.840235416039278
4,71,0.8393544967456519,0.0,81,72,0,0,49587,0.06251276426761469,0.12622364839149178,5.900038417213895
4,72,0.8384648087114862,0.0,78,73,0,0,49540,0.0624535128525144,0.1261522353230684,5.8843592781942915
4,73,0.8355965977297037,0.0,70,74,0,0,49610,0.06254175964096163,0.12479145494221175,5.9389152033869115
4,74,0.8826290470166197,0.0,125,75,0,0,49641,0.0625808403615597,0.13021736508018456,5.918211880151748
4,75,0.8699081749170364,0.0,121,76,0,0,49582,0.06250646092558275,0.12778230416533637,5.992983060219044
4,76,0.8225406709052914,0.0,39,77,0,0,49510,0.062415692800322733,0.1233100840715205,5.9273050357856665
4,77,0.8523881260684347,0.0,102,78,0,0,49576,0.06249889691514441,0.1273092043289533,5.945256084847041
4,78,0.8236095790664955,0.0,41,79,0,0,49606,0.06253671696733608,0.12443492493825249,5.860180412688894
4,79,0.8406510824363678,0.0,84,80,0,0,49602,0.06253167429371052,0.1256632323149862,5.9495218000531995
4,80,0.8485567220304094,0.0,98,81,0,0,49560,0.06247872622064218,0.12594851455922296,5.951554898063527
4,81,0.8332449786442402,0.0,62,82,0,0,49653,0.06259596838243636,0.12514133680002784,5.906916616989763
4,82,0.8025975388924255,0.0,14,83,0,0,49539,0.06245225218410801,0.12243169055109351,5.821951708461311
4,83,0.8353765321352039,0.0,69,84,0,0,49574,0.06249637557833163,0.12550074072984468,5.891790733131762
4,84,0.8254610219349646,0.0,43,85,0,0,49537,0.062449730847295236,0.12504447653105974,5.846668897757639
4,85,0.8786156216395692,0.0,124,86,0,0,49627,0.06256319100387026,0.12940285279804709,5.986851869610852
4,86,0.8456845921039677,0.0,92,87,0,0,49527,0.06243712416323135,0.12605963253092142,5.893886621965299
4,87,0.8417859445821373,0.0,85,88,0,0,49607,0.06253797763574247,0.12455116206410077,5.9149523936709505
4,88,0.8556214923223612,0.0,109,89,0,0,49640,0.06257957969315331,0.1264147000597018,5.936446825201088
4,89,0.816112547369597,0.0,28,90,0,0,49627,0.06256319100387026,0.12476897002908768,5.857951346212617
4,90,0.831990030425694,0.0,59,91,0,0,49573,0.062495114909925244,0.12412151331720177,5.925465027247815
4,91,0.8088348125584995,0.0,22,92,0,0,49610,0.06254175964096163,0.12346958184749567,5.84302777708894
4,92,0.8163411358804162,0.0,29,93,0,0,49544,0.06245855552613996,0.12416562273737364,5.835924927797646
4,93,0.8074675359859292,0.0,20,94,0,0,49574,0.06249637557833163,0.12324260608894097,5.840634577787829
4,94,0.8075873710802085,0.0,21,95,0,0,49551,0.062467380204984685,0.12391896903658006,5.804492897630371
4,95,0.8321587714214848,0.0,61,96,0,0,49523,0.06243208148960579,0.12457109780948399,5.937059425848749
4,96,0.8352797184888707,0.0,68,97,0,0,49622,0.06255688766183831,0.12491364514772459,5.91846026501232
4,97,0.8512350130920547,0.0,101,98,0,0,49607,0.06253797763574247,0.12637395489063266,5.9634292571799845
4,98,0.821351750631662,0.0,37,99,0,0,49564,0.06248376889426774,0.12397281517516771,5.873535876002942
4,99,0.8982835074147079,0.0,127,100,0,0,49690,0.06264261311347276,0.1299927176584254,6.059952452325825
4,100,0.8185184134376263,0.0,31,101,0,0,49546,0.062461076862952734,0.12408322900244313,5.861225821850194
4,101,0.8393187837050691,0.0,80,102,0,0,49622,0.06255688766183831,0.1262944742480292,5.886525687783182
4,102,0.836300024281531,0.0,74,103,0,0,49512,0.06241821413713551,0.1253445993180339,5.89869985446893
4,103,0.7656338007489878,0.0,4,104,1,0,49468,0.06236274472725439,0.11964510309716293,5.764521954607238
4,104,0.8301300454403397,0.0,55,105,0,0,49620,0.06255436632502553,0.12539966874363176,5.923139719544844
4,105,0.8606182941466193,0.0,114,106,0,0,49577,0.0625001575835508,0.12653144085108772,5.961126102346481
4,106,0.8320841766814085,0.0,60,107,0,0,49567,0.06248755089948691,0.12562231127324186,5.851407938046061
4,107,0.8016380656416126,0.0,13,108,0,0,49536,0.06244847017888885,0.1215278211594342,5.842768243111975
4,108,0.8221861524930756,0.0,38,109,0,0,49548,0.06246359819976552,0.12415633104643777,5.908654795602796
4,109,0.8190179420261462,0.0,34,110,0,0,49616,0.06254932365139997,0.12385375707349779,5.910750345188204
4,110,0.8512349960814265,0.0,100,111,0,0,49581,0.06250520025717636,0.12682829865885356,5.954838959162813
4,111,0.8635112936514383,0.0,118,112,0,0,49608,0.06253923830414886,0.1275292499188026,5.94766714300399
4,112,0.7869941843233422,0.0,5,113,1,0,49479,0.06237661207972467,0.12093174650567165,5.81805756813965
4,113,0.8336949247989331,0.0,63,114,0,0,49552,0.062468640873391074,0.12543617613374686,5.897775471718457
4,114,0.8539165906700408,0.0,106,115,0,0,49620,0.06255436632502553,0.12658648912834586,5.932306394733753
4,115,0.8528546984741192,0.0,104,116,0,0,49589,0.06251528560442747,0.12807203572413212,5.873576592420812
4,116,0.8549903249938677,0.0,108,117,0,0,49629,0.06256571234068303,0.12692269112120505,5.957601235775774
4,117,0.8273279199537231,0.0,49,118,0,0,49557,0.06247494421542302,0.12551816121922033,5.894878997263489
4,118,0.8202122916598124,0.0,35,119,0,0,49561,0.06247998688904857,0.12422461733726183,5.851421505847702
4,119,0.8547864835717952,0.0,107,120,0,0,49633,0.06257075501430859,0.1291278198634153,5.920988256603211
4,120,0.7940788780233988,0.0,7,121,1,0,49487,0.062386697426975786,0.12256112504142581,5.790587587235873
4,121,0.8438518574713662,0.0,90,122,0,0,49580,0.06250393958876997,0.12608585468020134,5.932722186580135
4,122,0.8107034780509255,0.0,24,123,0,0,49569,0.06249007223629969,0.12295294910569823,5.871767165237831
4,123,0.8357628671439216,0.0,71,124,0,0,49599,0.06252789228849136,0.12466107440238178,5.926040527080424
4,124,0.7961191414213645,0.0,8,125,1,0,49487,0.062386697426975786,0.12224865512694162,5.828367818667054
4,125,0.8526553618181232,0.0,103,126,0,0,49620,0.06255436632502553,0.1271635658317912,5.915550237053793
4,126,0.8489811296956837,0.0,99,127,0,0,49561,0.06247998688904857,0.12746449312297145,5.922969429637162
4,127,0.8316152060144565,0.0,58,128,0,0,49549,0.06246485886817191,0.1251783516900655,5.897210324926355
5,0,0.8388405245579621,0.0,5,1,1,1,49484,0.06238291542175661,0.11635968957908677,6.700747222691864
5,1,0.9561423554914183,0.0,110,2,0,1,49573,0.062495114909925244,0.12772228434746932,6.91452052075815
5,2,0.9118793587856078,0.0,32,3,0,1,49558,0.062476204883829406,0.12438752724028698,6.806625831042399
5,3,0.9306098471502446,0.0,79,4,0,1,49571,0.062492593573112466,0.12592148684153723,6.836667374344624
5,4,0.9199554678721737,0.0,46,5,0,1,49530,0.062440906168450515,0.12479876155837921,6.838433440799488
5,5,0.9210587292030162,0.0,52,6,0,1,49577,0.0625001575835508,0.1245293433811595,6.827521984336334
5,6,0.9365396644575231,0.0,89,7,0,1,49568,0.0624888115678933,0.12651578837447935,6.865355272487551
5,7,0.9087980443124345,0.0,26,8,0,1,49682,0.06263252776622165,0.12360694569355482,6.865442616801896
5,8,1.0256023465879716,0.0,124,9,0,1,49662,0.06260731439809387,0.13502263330319372,6.973133278141502
5,9,0.9593970969735223,0.0,113,10,0,1,49559,0.062477465552235795,0.1294740257334388,6.858186444838099
5,10,0.9504207968369939,0.0,106,11,0,1,49591,0.06251780694124025,0.12735100393856325,6.892142658123417
5,11,0.9189841458060015,0.0,42,12,0,1,49550,0.062466119536578296,0.12503308941396826,6.805126933767636
5,12,0.5892994013917331,0.0,1,13,1,0,49389,0.06226315192314966,0.08927830887502863,6.166720219746355
5,13,0.9056899713876786,0.0,22,14,0,0,49611,0.06254302030936802,0.12364018391328596,6.801234280276744
5,14,0.951521361471803,0.0,107,15,0,0,49569,0.06249007223629969,0.1281325873677795,6.870729813615847
5,15,0.9315652826556085,0.0,80,16,0,0,49592,0.06251906760964664,0.12613864204164094,6.824400913607005
5,16,0.9446546408199521,0.0,102,17,0,0,49611,0.06254302030936802,0.12479202521798621,7.0002072429272495
5,17,0.9444775560723125,0.0,101,18,0,0,49601,0.06253041362530413,0.127147746020689,6.8662948517877105
5,18,0.9233424013860868,0.0,59,19,0,0,49537,0.062449730847295236,0.12518053225175593,6.8301700668918155
5,19,0.8949038260617446,0.0,13,20,0,0,49506,0.06241065012669717,0.12255231833025369,6.757337456328678
5,20,0.9149959365914476,0.0,36,21,0,0,49526,0.06243586349482495,0.12451443815012557,6.815072554277413
5,21,0.9343647084337182,0.0,84,22,0,0,49599,0.06252789228849136,0.12610516244786188,6.87315823046643
5,22,0.9522622855172717,0.0,108,23,0,0,49579,0.06250267892036358,0.1274725595379555,6.880730777316988
5,23,0.9037605463098428,0.0,20,24,0,0,49530,0.062440906168450515,0.12277269046823217,6.787935161171657
5,24,0.9111859802079447,0.0,30,25,0,0,49515,0.06242199614235468,0.12401963572185154,6.828913773453452
5,25,0.9078118710920337,0.0,24,26,0,0,49542,0.06245603418932718,0.12332587496548483,6.817809357904431
5,26,0.9210705339491818,0.0,53,27,0,0,49494,0.06239552210582051,0.12462558559005706,6.838932236979185
5,27,0.9355801581388271,0.0,86,28,0,0,49608,0.06253923830414886,0.1259722703566157,6.85542815311119
5,28,0.8946372207421333,0.0,12,29,1,0,49498,0.06240056477944606,0.12230465845703685,6.780490880334265
5,29,1.032362161239595,0.0,126,30,0,0,49605,0.06253545629892969,0.12812962408205059,7.004073407652186
5,30,0.9357189561492274,0.0,87,31,0,0,49597,0.06252537095167858,0.1260937032202242,6.867698674205096
5,31,0.930557927971252,0.0,78,32,0,0,49577,0.0625001575835508,0.12565910678751305,6.918116806025755
5,32,0.9096427542827147,0.0,27,33,0,0,49553,0.06246990154179746,0.1238444795503661,6.787827154310024
5,33,0.9204919546704506,0.0,50,34,0,0,49607,0.06253797763574247,0.12433716852325225,6.876188653927126
5,34,1.0472717894475079,0.0,128,35,0,0,49644,0.06258462236677886,0.1365914706947963,7.032719591598397
5,35,0.921329330234732,0.0,55,36,0,0,49597,0.06252537095167858,0.12480344152088961,6.823361827240746
5,36,0.9564255329166907,0.0,111,37,0,0,49573,0.062495114909925244,0.12880646062207893,6.862554705828646
5,37,0.79947712665277,0.0,3,38,1,0,49486,0.06238543675856939,0.1119122088435157,6.606368521161774
5,38,0.9429802762194751,0.0,100,39,0,0,49616,0.06254932365139997,0.12716780954546794,6.841650376864065
5,39,0.923610440892955,0.0,60,40,0,0,49590,0.06251654627283386,0.12547262210547652,6.821016995727619
5,40,0.9200611531672144,0.0,47,41,0,0,49617,0.06255058431980637,0.12493012211531929,6.815677212674084
5,41,0.9460325041036768,0.0,103,42,0,0,49636,0.06257453701952775,0.12711217223960963,6.858697672461678
5,42,0.9404118883849537,0.0,94,43,0,0,49617,0.06255058431980637,0.12687237468769288,6.847079898509172
5,43,0.8706540703855382,0.0,7,44,1,0,49508,0.062413171463509956,0.12024829719140988,6.7276222982821166
5,44,0.911420131080304,0.0,31,45,0,0,49549,0.06246485886817191,0.12374536552165698,6.801803636627339
5,45,0.9263646942667543,0.0,66,46,0,0,49685,0.06263630977144082,0.1256624262512279,6.844357515596095
5,46,0.9124515801342457,0.0,33,47,0,0,49505,0.06240938945829078,0.12322712199631339,6.840248745855185
5,47,1.04356987959313,0.0,127,48,0,0,49592,0.06251906760964664,0.12723594055935702,7.1890402348084
5,48,0.9250238220954975,0.0,65,49,0,0,49628,0.06256445167227664,0.12562585183815025,6.813850599616197
5,49,0.9182308419014974,0.0,40,50,0,0,49589,0.06251528560442747,0.12438213826535793,6.825452392480118
5,50,0.9239480108585753,0.0,61,51,0,0,49639,0.06257831902474692,0.12506707728639826,6.8181782914988345
5,51,0.9246341726326969,0.0,64,52,0,0,49540,0.0624535128525144,0.12524737774843384,6.835244412548759
5,52,0.9352938171335108,0.0,85,53,0,0,49531,0.062442166836856904,0.126266712433702,6.86418386231775
5,53,0.9486443268155522,0.0,104,54,0,0,49611,0.06254302030936802,0.1279832116943148,6.855841274787383
5,54,0.8901763473782152,0.0,11,55,1,0,49529,0.062439645500044126,0.12146660263494745,6.77130792016851
5,55,0.928687502715975,0.0,74,56,0,0,49537,0.062449730847295236,0.12529957542116163,6.843999771193811
5,56,0.9285255526339529,0.0,72,57,0,0,49666,0.06261235707171943,0.1253108153917306,6.839092862266849
5,57,0.9605240901103007,0.0,116,58,0,0,49650,0.0625921863772172,0.12886447317887018,6.905019876248542
5,58,0.9202468225196915,0.0,48,59,0,0,49573,0.062495114909925244,0.1250139776061159,6.810646796264508
5,59,0.9108517675875408,0.0,29,60,0,0,49577,0.0625001575835508,0.12410401771782108,6.798215758192462
5,60,0.9243142824059029,0.0,62,61,0,0,49608,0.06253923830414886,0.12566990854514173,6.822804099192229
5,61,0.9026560050353084,0.0,18,62,0,0,49577,0.0625001575835508,0.12337784713833475,6.776872372875385
5,62,0.9278897484608535,0.0,69,63,0,0,49631,0.06256823367749581,0.12616288172640422,6.809464646681626
5,63,0.8990487088444913,0.0,14,64,0,0,49482,0.062380394084943835,0.12263532517036169,6.783499963760658
5,64,0.9653144519455094,0.0,118,65,0,0,49562,0.06248124755745496,0.1276008739979277,6.967021358755693
5,65,0.9263656580802588,0.0,67,66,0,0,49579,0.06250267892036358,0.12574113115818422,6.818507851311841
5,66,0.8996331255381733,0.0,15,67,0,0,49516,0.062423256810761066,0.12251594902328218,6.827959336110962
5,67,0.9266278965619752,0.0,68,68,0,0,49533,0.06244468817366968,0.12366915042389999,6.905373797485222
5,68,0.9574344714984722,0.0,112,69,0,0,49606,0.06253671696733608,0.12772896291489602,6.88381625525567
5,69,0.9769941749273624,0.0,122,70,0,0,49629,0.06256571234068303,0.1302596662731099,6.926387155312411
5,70,0.9409334548487899,0.0,95,71,0,0,49579,0.06250267892036358,0.1263467452721337,6.883241755600705
5,71,0.9412494434045922,0.0,98,72,0,0,49592,0.06251906760964664,0.12396563665788415,6.866309689019812
5,72,0.9385086369606896,0.0,90,73,0,0,49558,0.062476204883829406,0.12657235644770828,6.8520681759639706
5,73,0.90161575936164,0.0,16,74,0,0,49548,0.06246359819976552,0.12254107745477162,6.803662830103136
5,74,0.9394527757464234,0.0,92,75,0,0,49596,0.06252411028327219,0.12720217044399595,6.848444880411327
5,75,0.9205584538428684,0.0,51,76,0,0,49594,0.06252158894645941,0.1242924669635272,6.8349988596509705
5,76,0.9164533212730106,0.0,38,77,0,0,49617,0.06255058431980637,0.12489998117299123,6.797452331112186
5,77,0.9500444279211563,0.0,105,78,0,0,49654,0.06259722905084275,0.12805128498079413,6.852265358552461
5,78,0.9186481986039293,0.0,41,79,0,0,49584,0.06250898226239553,0.1248530823827803,6.807855229435883
5,79,0.9281310508077506,0.0,71,80,0,0,49629,0.06256571234068303,0.12556748704476572,6.840613768851565
5,80,0.9203562933741176,0.0,49,81,0,0,49529,0.062439645500044126,0.12497063013388117,6.811295048227518
5,81,0.9415016635126372,0.0,99,82,0,0,49620,0.06255436632502553,0.12544124698026518,6.952652507679035
5,82,0.9224485550018522,0.0,57,83,0,0,49540,0.0624535128525144,0.12479160227246965,6.8334789073739595
5,83,0.9301770467904554,0.0,76,84,0,0,49576,0.06249889691514441,0.12534344315509557,6.828742837934407
5,84,0.9295645308510764,0.0,75,85,0,0,49584,0.06250898226239553,0.12563297004291604,6.843576538683724
5,85,0.9361701179191259,0.0,88,86,0,0,49618,0.06255184498821276,0.12633036832780367,6.8523367275114575
5,86,0.9657591033426856,0.0,119,87,0,0,49599,0.06252789228849136,0.13011178650605926,6.887322692247307
5,87,0.932946758490673,0.0,82,88,0,0,49556,0.06247368354701663,0.12700299341788243,6.831801160951771
5,88,0.9595177278368928,0.0,114,89,0,0,49589,0.06251528560442747,0.1289797620077995,6.888161694210318
5,89,0.9636616807149783,0.0,117,90,0,0,49644,0.06258462236677886,0.12994235269751211,6.868259679312164
5,90,1.0295715574282482,0.0,125,91,0,0,49709,0.06266656581319416,0.13644459068153872,7.095001166308557
5,91,0.9195566319909835,0.0,45,92,0,0,49624,0.06255940899865109,0.1251198787703913,6.813036248207682
5,92,0.9285272448269555,0.0,73,93,0,0,49527,0.06243712416323135,0.1253844989050894,6.851332518061206
5,93,0.9303274870880738,0.0,77,94,0,0,49594,0.06252158894645941,0.12585031530954402,6.8308865358026845
5,94,0.9388990571014455,0.0,91,95,0,0,49632,0.0625694943459022,0.12685918138158084,6.854443728180742
5,95,0.921664878411582,0.0,56,96,0,0,49615,0.06254806298299358,0.12496817133382937,6.8218543082094
5,96,0.9160046469734658,0.0,37,97,0,0,49512,0.06241821413713551,0.12478696419301417,6.789921316592337
5,97,0.9105264240049227,0.0,28,98,0,0,49600,0.06252915295689775,0.12469923385313803,6.790203004934079
5,98,0.9191546562901172,0.0,43,99,0,0,49624,0.06255940899865109,0.12455624554723435,6.813035005429603
5,99,0.9246186620674175,0.0,63,100,0,0,49584,0.06250898226239553,0.1258451253340535,6.810025064727628
5,100,0.9770969749549664,0.0,123,101,0,0,49553,0.06246990154179746,0.1305680801971333,6.916199550958494
5,101,0.8745739410338119,0.0,8,102,1,0,49481,0.06237913341653745,0.12005006917925015,6.747578591200658
5,102,0.9331514368892142,0.0,83,103,0,0,49552,0.062468640873391074,0.12608073613924628,6.835969682506125
5,103,0.8333795454287282,0.0,4,104,1,0,49446,0.06233501002231383,0.1155807538528938,6.679904361765854
5,104,0.9397329273255133,0.0,93,105,0,0,49576,0.06249889691514441,0.1268876599449352,6.842706350794923
5,105,0.9232558818353063,0.0,58,106,0,0,49548,0.06246359819976552,0.12468840604213949,6.834265190730989
5,106,0.9669035410525684,0.0,120,107,0,0,49597,0.06252537095167858,0.12929890010382958,6.905179390372303
5,107,0.859057072412449,0.0,6,108,1,0,49473,0.06236904806928634,0.11838983561616004,6.726755110794533
5,108,0.9149229496435968,0.0,35,109,0,0,49644,0.06258462236677886,0.12393287352688719,6.813186350519021
5,109,0.9551200650676738,0.0,109,110,0,0,49621,0.06255562699343192,0.12766356008185403,6.914748642862423
5,110,0.9191720126396095,0.0,44,111,0,0,49579,0.06250267892036358,0.12409541492349592,6.84297604693138
5,111,0.9170233802772777,0.0,39,112,0,0,49623,0.0625581483302447,0.12424167709632403,6.795017162604864
5,112,0.95973236964033,0.0,115,113,0,0,49575,0.06249763624673802,0.12861755288010196,6.895044221895684
5,113,0.8874371717064031,0.0,10,114,1,0,49580,0.06250393958876997,0.12114431409854833,6.771244431366279
5,114,0.7583866924931922,0.0,2,115,1,0,49439,0.06232618534346911,0.10698786654863134,6.5326422328485485
5,115,0.921120961572717,0.0,54,116,0,0,49612,0.06254428097777441,0.12502901239645695,6.823050552628368
5,116,0.9026281893982484,0.0,17,117,0,0,49503,0.062406868121478005,0.12333242823301414,6.778321896636627
5,117,0.9034000171020754,0.0,19,118,0,0,49568,0.0624888115678933,0.12313144877441756,6.794837232821251
5,118,0.92806025190974,0.0,70,119,0,0,49604,0.0625341956305233,0.1255711615973854,6.833231544579513
5,119,0.9410078934292636,0.0,96,120,0,0,49594,0.06252158894645941,0.12714995402450957,6.845202047391382
5,120,0.8797726963983137,0.0,9,121,1,0,49504,0.062408128789884394,0.12048799969550839,6.755675804823687
5,121,0.9148487741002769,0.0,34,122,0,0,49636,0.06257453701952775,0.1245742912148649,6.792220462336057
5,122,0.9053885376855011,0.0,21,123,0,0,49600,0.06252915295689775,0.1237069695088036,6.779500859415397
5,123,0.9325160823992603,0.0,81,124,0,0,49603,0.06253293496211691,0.12657372972647687,6.834988866652433
5,124,0.9083576126028378,0.0,25,125,0,0,49600,0.06252915295689775,0.12347574118947265,6.809024974555844
5,125,0.9059454281984669,0.0,23,126,0,0,49584,0.06250898226239553,0.1232985118458125,6.8078231084937295
5,126,0.9707803433620488,0.0,121,127,0,0,49581,0.06250520025717636,0.12987773781503129,6.9124585974396515
5,127,0.941197764447801,0.0,97,128,0,0,49578,0.0625014182519572,0.12724418256091735,6.855036249289191
6,0,1.0947043114639619,0.0,38,1,0,1,49644,0.06258462236677886,0.12441370214420641,7.911214459310367
6,1,1.1317649860763936,0.0,100,2,0,1,49615,0.06254806298299358,0.12642269006886273,8.033717684844365
6,2,1.0992330871997924,0.0,47,3,0,1,49568,0.0624888115678933,0.12444264637212764,7.952020787675811
6,3,1.098091632447965,0.0,46,4,0,1,49617,0.06255058431980637,0.12494831926106943,7.921561017128452
6,4,1.0687256395458193,0.0,12,5,1,1,49563,0.06248250822586135,0.12182150632826626,7.877658808496198
6,5,1.1208527492121085,0.0,81,6,0,1,49593,0.06252032827805303,0.12749214670056633,7.96933143613842
6,6,1.1132605385308745,0.0,73,7,0,1,49502,0.06240560745307162,0.12454794901666043,8.027478390704433
6,7,1.1665011489175978,0.0,123,8,0,1,49633,0.06257075501430859,0.1298549657665328,8.06497763579824
6,8,1.1352747273051675,0.0,102,9,0,1,49634,0.06257201568271498,0.12586922045881097,8.165142210236786
6,9,1.1545805150331556,0.0,119,10,0,1,49580,0.06250393958876997,0.12879203829766686,8.033906764156926
6,10,1.1290278065456498,0.0,99,11,0,1,49606,0.06253671696733608,0.12668660640115698,8.007196808580364
6,11,1.081273133695485,0.0,19,12,0,1,49511,0.06241695346872912,0.12199277293479308,7.942064184833503
6,12,1.0815850962170663,0.0,21,13,0,0,49570,0.06249133290470608,0.12290427600746023,7.9396872996444054
6,13,1.0750555963545148,0.0,17,14,0,0,49513,0.0624194748055419,0.12249875060162585,7.892275204567067
6,14,1.125390849514418,0.0,92,15,0,0,49646,0.06258714370359164,0.12682355621524452,8.007415750142185
6,15,1.1223976914698988,0.0,84,16,0,0,49598,0.06252663162008497,0.1262728755403154,7.994717841244805
6,16,1.086378591757633,0.0,26,17,0,0,49582,0.06250646092558275,0.12394298074890889,7.883601309344472
6,17,1.0736638580426494,0.0,15,18,0,0,49557,0.06247494421542302,0.12258880140008901,7.870201146627498
6,18,1.093323120835216,0.0,32,19,0,0,49619,0.06255310565661915,0.12436435318303882,7.9179375254196405
6,19,1.1198651106870694,0.0,79,20,0,0,49615,0.06254806298299358,0.12610444827711995,8.000532178926298
6,20,1.0839806391107634,0.0,23,21,0,0,49553,0.06246990154179746,0.1237803677208527,7.9311287999602404
6,21,1.1025596635427406,0.0,51,22,0,0,49661,0.06260605372968749,0.1249813395096531,7.977350127836487
6,22,1.1289490704486922,0.0,98,23,0,0,49613,0.0625455416461808,0.12709738575426294,8.000135859463935
6,23,1.09435241357118,0.0,37,24,0,0,49494,0.06239552210582051,0.12367525288038687,7.932300455491971
6,24,1.155202056240301,0.0,120,25,0,0,49583,0.06250772159398914,0.12901092884060997,8.036941699668436
6,25,1.141516644400885,0.0,110,26,0,0,49599,0.06252789228849136,0.12772863681162383,8.008774289624172
6,26,1.110087931477443,0.0,67,27,0,0,49604,0.0625341956305233,0.12555763814287405,7.96137826653408
6,27,1.1040241247547382,0.0,55,28,0,0,49508,0.062413171463509956,0.12411709157922324,7.962385500380067
6,28,1.12103070398886,0.0,82,29,0,0,49500,0.06240308611625884,0.1263969051123719,7.9759630529023635
6,29,1.0261825593914953,0.0,4,30,1,0,49513,0.0624194748055419,0.11865476872626392,7.783862653107728
6,30,1.1123029044028736,0.0,72,31,0,0,49612,0.06254428097777441,0.12550023741257832,7.943575131101703
6,31,1.1396411619120799,0.0,108,32,0,0,49625,0.06256066966705748,0.12749617025149185,8.007215670050426
6,32,1.0800959816540174,0.0,18,33,0,0,49587,0.06251276426761469,0.12356162172517128,7.89384336268673
6,33,1.1098750143536948,0.0,66,34,0,0,49595,0.0625228496148658,0.12543787358491887,7.943563916949442
6,34,1.114054344378827,0.0,74,35,0,0,49577,0.0625001575835508,0.12373407559755745,8.067442376781282
6,35,1.112073004997816,0.0,71,36,0,0,49568,0.0624888115678933,0.12610666680602092,7.966449908245463
6,36,1.1141645190464027,0.0,75,37,0,0,49588,0.06251402493602108,0.12533513226685064,7.9909583973389555
6,37,1.0965647814388053,0.0,42,38,0,0,49637,0.06257579768793414,0.12520707673419176,7.947677267572883
6,38,1.0729622608900824,0.0,14,39,0,0,49541,0.06245477352092079,0.12197518202944994,7.883715922266575
6,39,1.1015051823395017,0.0,49,40,0,0,49643,0.06258336169837247,0.12545133212898815,7.9853142637854795
6,40,1.097284081475972,0.0,44,41,0,0,49552,0.062468640873391074,0.12436222168088815,7.953790476328031
6,41,1.0684166043170873,0.0,11,42,1,0,49498,0.06240056477944606,0.12221218687734116,7.891158774640901
6,42,1.1371522963068224,0.0,104,43,0,0,49567,0.06248755089948691,0.12701345628208738,8.03101405230072
6,43,1.0638259205723015,0.0,9,44,1,0,49511,0.06241695346872912,0.12201889236366321,7.866251085774081
6,44,1.1038308170877014,0.0,54,45,0,0,49580,0.06250393958876997,0.12488939518095063,7.971917613261311
6,45,1.1330169539278852,0.0,101,46,0,0,49655,0.06259848971924914,0.12664369983078488,8.030811555271665
6,46,1.0628556239407425,0.0,8,47,1,0,49600,0.06252915295689775,0.12210775157361622,7.861648473850617
6,47,1.106724685877202,0.0,58,48,0,0,49620,0.06255436632502553,0.12546949431083193,7.936300405012709
6,48,1.144564750614431,0.0,112,49,0,0,49589,0.06251528560442747,0.12783974714481566,8.061387095209959
6,49,1.065464344950237,0.0,10,50,1,0,49556,0.06247368354701663,0.12155168925023578,7.88883340736381
6,50,1.0979340501034065,0.0,45,51,0,0,49570,0.06249133290470608,0.12442614016122552,7.943404846873579
6,51,1.0947350355447687,0.0,39,52,0,0,49518,0.06242577814757384,0.12405358533089426,7.95390239369817
6,52,1.2519565280166058,0.0,128,53,0,0,49616,0.06254932365139997,0.12840278396840255,8.28738103247838
6,53,1.1172218335063373,0.0,76,54,0,0,49586,0.0625115035992083,0.12602311545156625,7.966625813299227
6,54,1.0959434700685304,0.0,41,55,0,0,49598,0.06252663162008497,0.12438617315362817,7.920710566719436
6,55,1.1269589567793588,0.0,95,56,0,0,49599,0.06252789228849136,0.12656654039219342,8.000341940973819
6,56,1.1428660779542874,0.0,111,57,0,0,49624,0.06255940899865109,0.12742034735273844,8.018613996390519
6,57,1.1038050755879605,0.0,53,58,0,0,49594,0.06252158894645941,0.12538276045388752,7.983605859431268
6,58,1.0286452833580517,0.0,5,59,1,0,49451,0.06234131336434578,0.11822242083597137,7.795990456215712
6,59,1.1512101955121092,0.0,117,60,0,0,49610,0.06254175964096163,0.12895270700156658,8.019784379388001
6,60,1.1238251261443624,0.0,88,61,0,0,49619,0.06255310565661915,0.12611919889897488,8.027547799888127
6,61,1.0938198529447363,0.0,33,62,0,0,49626,0.06256193033546387,0.12455763808982206,7.930373205184493
6,62,1.124453039170735,0.0,91,63,0,0,49622,0.06255688766183831,0.12676563273102134,7.990596350567771
6,63,1.1489420489535636,0.0,115,64,0,0,49569,0.06249007223629969,0.12778084683812665,8.052566775494622
6,64,1.1074608833344024,0.0,61,65,0,0,49521,0.06242956015279301,0.12406723883043017,8.008726036940296
6,65,1.1068163477963544,0.0,60,66,0,0,49601,0.06253041362530413,0.12477475325092251,8.027527554184704
6,66,1.1230657087916753,0.0,86,67,0,0,49583,0.06250772159398914,0.1264815371910091,7.999462148150759
6,67,1.1461956610552124,0.0,114,68,0,0,49627,0.06256319100387026,0.12778143580826695,8.019173862700159
6,68,0.9685197323216874,0.0,2,69,1,0,49465,0.06235896272203522,0.11449525179600319,7.6218861202258426
6,69,1.1787532812009478,0.0,126,70,0,0,49602,0.06253167429371052,0.13146198206097096,8.061325546256596
6,70,1.1005868507317653,0.0,48,71,0,0,49546,0.062461076862952734,0.12480149401998956,7.93922804109075
6,71,1.1818116405689512,0.0,127,72,0,0,49520,0.06242829948438662,0.12321387578088938,8.61030287981077
6,72,1.1217108016430055,0.0,83,73,0,0,49611,0.06254302030936802,0.12444514491327276,8.077906721202352
6,73,1.1087438701328423,0.0,64,74,0,0,49584,0.06250898226239553,0.1242651108131283,8.09287900569973
6,74,1.1356582979140573,0.0,103,75,0,0,49627,0.06256319100387026,0.1272404434653969,8.002164164219733
6,75,1.1279336054716973,0.0,96,76,0,0,49558,0.062476204883829406,0.12653993251613022,7.9973583366599765
6,76,1.1115374383178445,0.0,69,77,0,0,49546,0.062461076862952734,0.12546567324023317,7.965132231486488
6,77,1.1405155678169856,0.0,109,78,0,0,49626,0.06256193033546387,0.12685671573054702,8.047821505585562
6,78,1.1192760634319,0.0,77,79,0,0,49553,0.06246990154179746,0.12621241381958986,7.961555894373504
6,79,1.1389630219677283,0.0,106,80,0,0,49572,0.062493854241518855,0.1267022067480833,8.040049498516685
6,80,1.1284203509009954,0.0,97,81,0,0,49554,0.06247116221020385,0.12648802907918977,8.027209723376073
6,81,1.0920321041085543,0.0,29,82,0,0,49570,0.06249133290470608,0.12416193672894171,7.923661591615415
6,82,1.0865806053706424,0.0,27,83,0,0,49548,0.06246359819976552,0.12342466034898956,7.895718441054185
6,83,1.0861850119670518,0.0,24,84,0,0,49558,0.062476204883829406,0.12409416318926444,7.914702818772581
6,84,1.097153673889584,0.0,43,85,0,0,49587,0.06251276426761469,0.12474485067788721,7.947232154415616
6,85,1.1120311943125172,0.0,70,86,0,0,49559,0.062477465552235795,0.12544674556750107,7.967098046605203
6,86,1.1067935130983446,0.0,59,87,0,0,49654,0.06259722905084275,0.12595810955224904,7.936062530499937
6,87,1.1051892076099148,0.0,56,88,0,0,49566,0.062486290231080516,0.1242088917987432,8.010813835692218
6,88,1.0815583967636124,0.0,20,89,0,0,49552,0.062468640873391074,0.12204965370051123,7.909287689503576
6,89,1.01675415233953,0.0,3,90,1,0,49464,0.06235770205362883,0.118318966965982,7.740608341073535
6,90,1.1061360810064869,0.0,57,91,0,0,49505,0.06240938945829078,0.12444015635611502,7.979487195257698
6,91,1.0833804808362593,0.0,22,92,0,0,49588,0.06251402493602108,0.12351657237297224,7.8959670765113845
6,92,1.1229852109411795,0.0,85,93,0,0,49566,0.062486290231080516,0.12635842305283224,7.9962800308646065
6,93,1.1241470954617843,0.0,89,94,0,0,49606,0.06253671696733608,0.12593965939333343,8.026576485999579
6,94,1.1392713828371548,0.0,107,95,0,0,49628,0.06256445167227664,0.1274046042862261,7.978377366746254
6,95,1.0953581655512672,0.0,40,96,0,0,49567,0.06248755089948691,0.12456350706794347,7.934025220494593
6,96,1.119354768001923,0.0,78,97,0,0,49530,0.062440906168450515,0.12619946454641312,7.977062445353548
6,97,1.1259067161263032,0.0,93,98,0,0,49582,0.06250646092558275,0.1262995442446918,7.9969303201125745
6,98,1.0941867962775675,0.0,36,99,0,0,49614,0.06254680231458719,0.12483910337858542,7.9178460448284165
6,99,1.171755114639369,0.0,124,100,0,0,49644,0.06258462236677886,0.12686861934768673,8.311997153352012
6,100,1.1231524216102957,0.0,87,101,0,0,49617,0.06255058431980637,0.1261549922603761,7.994506998883969
6,101,1.1512205877516952,0.0,118,102,0,0,49621,0.06255562699343192,0.12945918043798832,8.03326341050731
6,102,1.0939639703228758,0.0,35,103,0,0,49575,0.06249763624673802,0.12443704086370425,7.942668270428201
6,103,1.0715504614562108,0.0,13,104,0,0,49584,0.06250898226239553,0.12310338108141454,7.86459741819248
6,104,1.1244464420606213,0.0,90,105,0,0,49544,0.06245855552613996,0.12646832533507646,8.009060877956362
6,105,1.0938631085992923,0.0,34,106,0,0,49554,0.06247116221020385,0.12466721791152251,7.924195730083195
6,106,1.107573964899951,0.0,62,107,0,0,49579,0.06250267892036358,0.12559078507203222,7.953986070920119
6,107,1.1030170630523939,0.0,52,108,0,0,49580,0.06250393958876997,0.12500650455775855,7.98899312603758
6,108,1.1265719083059489,0.0,94,109,0,0,49625,0.06256066966705748,0.12504703434848552,8.021146862034
6,109,1.0862102544134242,0.0,25,110,0,0,49611,0.06254302030936802,0.12355502775444935,7.919407184717031
6,110,1.1573479698358615,0.0,121,111,0,0,49505,0.06240938945829078,0.12919961302936733,8.036904281730399
6,111,1.041659988918262,0.0,7,112,1,0,49448,0.06233753135912661,0.11805817940148611,7.896110832118462
6,112,1.0920426588587997,0.0,30,113,0,0,49556,0.06247368354701663,0.12446437018078288,7.914879539296916
6,113,1.109769753936385,0.0,65,114,0,0,49573,0.062495114909925244,0.12533964681194365,7.955096626242988
6,114,1.1450778067687104,0.0,113,115,0,0,49601,0.06253041362530413,0.12755216453384394,8.088075418905145
6,115,0.8907761815209307,0.0,1,116,1,0,49425,0.06230853598577966,0.10777311774487967,7.492178286343987
6,116,1.1382962358206552,0.0,105,117,0,0,49562,0.06248124755745496,0.1273060362998732,8.016817803599888
6,117,1.1083410079108924,0.0,63,118,0,0,49580,0.06250393958876997,0.12549199188074014,7.9296113125347745
6,118,1.101566733687432,0.0,50,119,0,0,49617,0.06255058431980637,0.12503026011887294,7.956968029557118
6,119,1.1587072710386694,0.0,122,120,0,0,49659,0.06260353239287471,0.12921227660617063,8.06961888532611
6,120,1.1205595029992792,0.0,80,121,0,0,49544,0.06245855552613996,0.12588713511761598,7.992882676231453
6,121,1.0929451746460421,0.0,31,122,0,0,49558,0.062476204883829406,0.1242959758181977,7.931675887959262
6,122,1.1744627232997904,0.0,125,123,0,0,49662,0.06260731439809387,0.13028795454383846,8.079681229499359
6,123,1.0747758953286202,0.0,16,124,0,0,49499,0.06240182544785245,0.12291243966242045,7.87898927936873
6,124,1.1490962307748303,0.0,116,125,0,0,49592,0.06251906760964664,0.12758168542194165,8.059718590204472
6,125,1.0359439796412813,0.0,6,126,1,0,49538,0.062450991515701625,0.11961903992345545,7.792610297438498
6,126,1.110850698958073,0.0,68,127,0,0,49559,0.062477465552235795,0.12540475131085432,7.964108971328855
6,127,1.0907421309499128,0.0,28,128,0,0,49591,0.06251780694124025,0.12397177252934333,7.936671102298877
7,0,0.9375007130626071,0.0,73,1,0,1,49568,0.0624888115678933,0.12553531398689777,6.9277180465901615
7,1,0.9197422657858868,0.0,28,2,0,1,49572,0.062493854241518855,0.12386084135404155,6.878173660269322
7,2,0.9765546066434155,0.0,121,3,0,1,49583,0.06250772159398914,0.12893215825802376,7.009244337928114
7,3,0.9325763716768394,0.0,60,4,0,1,49615,0.06254806298299358,0.12441447358696701,6.914238674405196
7,4,0.9154352006282247,0.0,22,5,0,1,49531,0.062442166836856904,0.12374922396872258,6.872993231162765
7,5,0.9148504463550013,0.0,20,6,0,1,49588,0.06251402493602108,0.12344538652232688,6.87688996664384
7,6,0.9451292522957035,0.0,87,7,0,1,49555,0.06247242287861024,0.12581019481089056,6.932053189102226
7,7,0.9903504841254737,0.0,126,8,0,1,49616,0.06254932365139997,0.13017449583318408,7.061100663631811
7,8,0.9273211397533704,0.0,50,9,0,1,49488,0.062387958095382175,0.1239547223390408,6.929221943694229
7,9,0.9363975914861062,0.0,65,10,0,1,49630,0.06256697300908942,0.1258121669317971,6.904390556604806
7,10,0.9325927281410489,0.0,61,11,0,1,49554,0.06247116221020385,0.1246421506442934,6.925921812034976
7,11,0.9186876009726175,0.0,26,12,0,1,49576,0.06249889691514441,0.12373081246436475,6.897081582883338
7,12,0.9274458011569122,0.0,51,13,0,0,49539,0.06245225218410801,0.12471702221322527,6.893053813625625
7,13,0.9511769457862359,0.0,99,14,0,0,49577,0.0625001575835508,0.12702111791588874,6.939421146332267
7,14,0.9580244130032274,0.0,113,15,0,0,49619,0.06255310565661915,0.12669642222642624,6.992797135642357
7,15,0.9174163626022064,0.0,25,16,0,0,49648,0.06258966504040442,0.12369615437931589,6.874803069391384
7,16,0.9077366929164701,0.0,12,17,1,0,49564,0.06248376889426774,0.12292839813097793,6.852563969259507
7,17,0.9170271838839334,0.0,24,18,0,0,49609,0.06254049897255524,0.12366427745659642,6.884672142809519
7,18,0.9340235439711709,0.0,63,19,0,0,49566,0.062486290231080516,0.12414765263557487,6.933347806878737
7,19,0.9256171317779475,0.0,43,20,0,0,49525,0.062434602826418564,0.12495146462811342,6.882344498793455
7,20,0.9233878481275178,0.0,36,21,0,0,49545,0.062459816194546346,0.12418948453438909,6.890255083666741
7,21,0.9801390144922204,0.0,125,22,0,0,49548,0.06246359819976552,0.1287006605216167,7.0269568161841915
7,22,0.9422449004680623,0.0,80,23,0,0,49622,0.06255688766183831,0.1256439554736689,6.926218929010551
7,23,0.9323888198992093,0.0,59,24,0,0,49572,0.062493854241518855,0.12491336621349801,6.917942016868707
7,24,0.9249541367088228,0.0,39,25,0,0,49521,0.06242956015279301,0.1243070522471635,6.912231761770102
7,25,0.9516234556662434,0.0,102,26,0,0,49546,0.062461076862952734,0.12608864699324465,6.9562014401576135
7,26,0.9107399245443482,0.0,16,27,0,0,49546,0.062461076862952734,0.12344081166972112,6.845429777147415
7,27,0.9219386726867754,0.0,35,28,0,0,49602,0.06253167429371052,0.12395413261303331,6.8949196554680166
7,28,0.9165646923050665,0.0,23,29,0,0,49538,0.062450991515701625,0.12358942382418005,6.88100653297475
7,29,0.9294216673490638,0.0,53,30,0,0,49579,0.06250267892036358,0.12492995238273001,6.898246378415051
7,30,0.9372507681532461,0.0,70,31,0,0,49690,0.06264261311347276,0.1256235953925328,6.904547393303396
7,31,0.9623232375732886,0.0,117,32,0,0,49514,0.06242073547394829,0.12790863422987123,6.9546060081903995
7,32,0.9365104626863613,0.0,66,33,0,0,49538,0.062450991515701625,0.12508411872514594,6.933030761221284
7,33,0.95140966544593,0.0,101,34,0,0,49635,0.06257327635112137,0.1269954946612236,6.95084717967
7,34,0.9909619530105532,0.0,127,35,0,0,49600,0.06252915295689775,0.12874607881027905,7.048815693471712
7,35,0.909352202898015,0.0,13,36,0,0,49586,0.0625115035992083,0.12292429248273501,6.861953984061803
7,36,0.9471931488884293,0.0,89,37,0,0,49534,0.06244594884207607,0.12639503012645453,6.942406302138006
7,37,0.962311830112343,0.0,116,38,0,0,49634,0.06257201568271498,0.1277858743087723,6.967246904019019
7,38,0.9204324318593456,0.0,31,39,0,0,49542,0.06245603418932718,0.1241612660473648,6.868737693675816
7,39,0.898390637723008,0.0,9,40,1,0,49583,0.06250772159398914,0.12190602887250168,6.830516577835318
7,40,0.9787142918433603,0.0,124,41,0,0,49640,0.06257957969315331,0.1290636184248596,7.021084987572666
7,41,0.9557560002191865,0.0,109,42,0,0,49592,0.06251906760964664,0.12675554121138805,6.9690871458818195
7,42,0.9747537803924128,0.0,120,43,0,0,49603,0.06253293496211691,0.12853734703977884,6.999308297936263
7,43,0.9448526735621642,0.0,86,44,0,0,49628,0.06256445167227664,0.1262344148386763,6.947682165685689
7,44,0.9111827393932352,0.0,17,45,0,0,49514,0.06242073547394829,0.12306514704384723,6.85938279297417
7,45,0.9549166648591983,0.0,106,46,0,0,49625,0.06256066966705748,0.12713526757564442,6.935263249413491
7,46,0.926707962956506,0.0,47,47,0,0,49594,0.06252158894645941,0.12455170933606698,6.920580909519245
7,47,0.9265688249031072,0.0,46,48,0,0,49571,0.062492593573112466,0.12461990519763043,6.8984647887306885
7,48,0.9106377892150117,0.0,15,49,0,0,49519,0.06242703881598023,0.12309283825174408,6.865188649966173
7,49,0.9504992966052824,0.0,97,50,0,0,49615,0.06254806298299358,0.1267676453888386,6.9325692503908245
7,50,0.9152334005975371,0.0,21,51,0,0,49669,0.0626161390769386,0.1236623359552742,6.8595568234434
7,51,0.9594842647085248,0.0,114,52,0,0,49589,0.06251528560442747,0.12791177849634347,6.944364089910209
7,52,0.9261583770121649,0.0,45,53,0,0,49510,0.062415692800322733,0.12429306628921795,6.90828973869195
7,53,0.9298762198250562,0.0,55,54,0,0,49581,0.06250520025717636,0.1251369600185821,6.887464602159302
7,54,0.9512003132344734,0.0,100,55,0,0,49585,0.06251024293080192,0.12672458229492758,6.952256534738536
7,55,0.9503675226132304,0.0,96,56,0,0,49637,0.06257579768793414,0.1262958711843446,6.968089101981322
7,56,0.9431364081674706,0.0,82,57,0,0,49566,0.062486290231080516,0.12617719261325128,6.925093254770159
7,57,0.9128610828811723,0.0,19,58,0,0,49607,0.06253797763574247,0.12373738019895818,6.8476051321132685
7,58,0.9550115185130376,0.0,107,59,0,0,49651,0.06259344704562358,0.1269316163901201,6.96235077959769
7,59,0.8208783797228745,0.0,2,60,1,0,49470,0.06236526606406717,0.11481875955116448,6.65959815722484
7,60,0.9429606746473574,0.0,81,61,0,0,49559,0.062477465552235795,0.12598073911321334,6.951748308639192
7,61,0.9371645328493897,0.0,69,62,0,0,49621,0.06255562699343192,0.12535069639480734,6.913329572918444
7,62,0.9255366058957327,0.0,42,63,0,0,49625,0.06256066966705748,0.12446464981300104,6.888011775167752
7,63,0.9104697172198609,0.0,14,64,0,0,49506,0.06241065012669717,0.12302653586318643,6.85308010400089
7,64,0.9508166123572508,0.0,98,65,0,0,49545,0.062459816194546346,0.12691364685799641,6.947852352915957
7,65,0.9296324498010817,0.0,54,66,0,0,49575,0.06249763624673802,0.12505093919783003,6.883149826047379
7,66,0.9526731352556607,0.0,103,67,0,0,49556,0.06247368354701663,0.12776585073452432,6.925107365589294
7,67,0.9937887961912434,0.0,128,68,0,0,49614,0.06254680231458719,0.1311587023480041,7.009329944260921
7,68,0.9251041929660397,0.0,41,69,0,0,49543,0.06245729485773357,0.12446578940021691,6.893489555917363
7,69,0.9432258425790938,0.0,83,70,0,0,49556,0.06247368354701663,0.12439867087132223,6.986278503498584
7,70,0.93953246041444,0.0,78,71,0,0,49568,0.0624888115678933,0.12558477249292907,6.909001221849637
7,71,0.9191628117396252,0.0,27,72,0,0,49544,0.06245855552613996,0.12345431913838575,6.885569900693764
7,72,0.9237088031768578,0.0,38,73,0,0,49539,0.06245225218410801,0.12412005279801022,6.876266167284522
7,73,0.9315540736561133,0.0,57,74,0,0,49600,0.06252915295689775,0.12507681143410024,6.9146734511921135
7,74,0.9437083845504367,0.0,84,75,0,0,49614,0.06254680231458719,0.12620257547046154,6.916102045427166
7,75,0.9358083091107391,0.0,64,76,0,0,49585,0.06251024293080192,0.12502969293134358,6.916624899003795
7,76,0.9786127965735612,0.0,123,77,0,0,49670,0.06261739974534498,0.1285277642442417,7.080220579259716
7,77,0.9412972079125703,0.0,79,78,0,0,49609,0.06254049897255524,0.126355194269227,6.911755298196132
7,78,0.957568677296113,0.0,112,79,0,0,49692,0.06264513445028554,0.1274980520742596,6.968700337338023
7,79,0.9235659885654195,0.0,37,80,0,0,49592,0.06251906760964664,0.12407039410709148,6.888066808731023
7,80,0.961612962992099,0.0,115,81,0,0,49608,0.06253923830414886,0.12720330789790907,6.9748330174212745
7,81,0.9384236088771566,0.0,76,82,0,0,49604,0.0625341956305233,0.12513831314036686,6.9345196090930985
7,82,0.9499646707154418,0.0,95,83,0,0,49596,0.06252411028327219,0.1273273844678258,6.933712283430448
7,83,0.8828160615831664,0.0,5,84,1,0,49506,0.06241065012669717,0.12062840330810022,6.791321156424146
7,84,0.9333204302936517,0.0,62,85,0,0,49570,0.06249133290470608,0.1253888825850818,6.8986414936170055
7,85,0.8974121957208538,0.0,8,86,1,0,49506,0.06241065012669717,0.12167141926721499,6.829863177446556
7,86,0.9374200711555678,0.0,71,87,0,0,49562,0.06248124755745496,0.12550596892702173,6.911296020447335
7,87,0.9371162407795769,0.0,68,88,0,0,49580,0.06250393958876997,0.12513705604894146,6.922781128767094
7,88,0.9018729152131222,0.0,10,89,1,0,49518,0.06242577814757384,0.12251563632242456,6.858494839969144
7,89,0.9374531361637028,0.0,72,90,0,0,49633,0.06257075501430859,0.12533085194116475,6.952037338854493
7,90,0.9534822441819505,0.0,105,91,0,0,49588,0.06251402493602108,0.1266098417573995,6.957284471797372
7,91,0.9478437775038463,0.0,91,92,0,0,49615,0.06254806298299358,0.12640647221475637,6.93437035502454
7,92,0.9769797719984288,0.0,122,93,0,0,49650,0.0625921863772172,0.12901948381575482,7.003184552275712
7,93,0.9737738007680545,0.0,119,94,0,0,49665,0.06261109640331304,0.12911037028452416,7.002512173701842
7,94,0.9215554605219969,0.0,33,95,0,0,49591,0.06251780694124025,0.12395004526466376,6.878355450663269
7,95,0.8880606106973137,0.0,6,96,1,0,49537,0.062449730847295236,0.12113359079245006,6.809970481312416
7,96,0.9311241050775246,0.0,56,97,0,0,49592,0.06251906760964664,0.12476273516411929,6.892876333794549
7,97,0.948367135329553,0.0,92,98,0,0,49554,0.06247116221020385,0.12456393337927667,6.99278888354362
7,98,0.9475944355429458,0.0,90,99,0,0,49597,0.06252537095167858,0.12629488772200634,6.961281094399658
7,99,0.9377790107721309,0.0,75,100,0,0,49559,0.062477465552235795,0.12572780873592418,6.940418612687587
7,100,0.9318402864849679,0.0,58,101,0,0,49601,0.06253041362530413,0.12504518988320193,6.911500055789987
7,101,0.9494109488103081,0.0,94,102,0,0,49599,0.06252789228849136,0.12552144705955415,6.987377399172639
7,102,0.9198152843357563,0.0,29,103,0,0,49585,0.06251024293080192,0.12396433987200495,6.8825209991536545
7,103,0.9272583113207435,0.0,49,104,0,0,49648,0.06258966504040442,0.12432492639832834,6.888447878103491
7,104,0.9207857575342125,0.0,32,105,0,0,49572,0.062493854241518855,0.12373396890833259,6.880559766347026
7,105,0.9492259666007306,0.0,93,106,0,0,49552,0.062468640873391074,0.12658968205442084,6.944697800331116
7,106,0.8411828880739884,0.0,3,107,1,0,49464,0.06235770205362883,0.11706426355866684,6.689603103014283
7,107,0.9559935769314004,0.0,111,108,0,0,49604,0.0625341956305233,0.12718884881150103,6.9663677705186045
7,108,0.892178770533706,0.0,7,109,1,0,49491,0.06239174010060134,0.12143307596630103,6.8191242197485105
7,109,0.9269025849134773,0.0,48,110,0,0,49527,0.06243712416323135,0.1247876422817437,6.905907054809662
7,110,0.9386413204198464,0.0,77,111,0,0,49629,0.06256571234068303,0.12574468558891125,6.907387337441954
7,111,0.9557614254464744,0.0,110,112,0,0,49612,0.06254428097777441,0.1269057896196972,6.970911007618808
7,112,0.9365544082258431,0.0,67,113,0,0,49588,0.06251402493602108,0.12498433337654088,6.943971512622261
7,113,0.9438337858761393,0.0,85,114,0,0,49602,0.06253167429371052,0.12570909973951028,6.938596343540957
7,114,0.9258153899381069,0.0,44,115,0,0,49549,0.06246485886817191,0.12411313193805429,6.902059262777113
7,115,0.9377336770190212,0.0,74,116,0,0,49501,0.06240434678466523,0.12575292598877358,6.91913353152949
7,116,0.8767932179093858,0.0,4,117,1,0,49484,0.06238291542175661,0.120117476482898,6.770833636857006
7,117,0.9043541270351664,0.0,11,118,1,0,49470,0.06236526606406717,0.12201575935478069,6.888111705153309
7,118,0.9462217004149936,0.0,88,119,0,0,49614,0.06254680231458719,0.12570384499535567,6.9690567895916145
7,119,0.9552773366939814,0.0,108,120,0,0,49614,0.06254680231458719,0.12674966432475845,6.999879419039965
7,120,0.9250924101135812,0.0,40,121,0,0,49534,0.06244594884207607,0.12454690101602017,6.881040004933124
7,121,0.7731662340351558,0.0,1,122,1,0,49405,0.062283322617651876,0.10595873404400194,6.6828083577296935
7,122,0.911251966555921,0.0,18,123,0,0,49530,0.062440906168450515,0.1231666925042272,6.869684350888701
7,123,0.9287497142260732,0.0,52,124,0,0,49513,0.0624194748055419,0.12361346245405795,6.9507014664987
7,124,0.9217113044085097,0.0,34,125,0,0,49589,0.06251528560442747,0.1238448712608185,6.901459039881139
7,125,0.9202221060687926,0.0,30,126,0,0,49637,0.06257579768793414,0.1239147487952235,6.90080356625746
7,126,0.9723272978516161,0.0,118,127,0,0,49614,0.06254680231458719,0.12726214932039853,6.985790509982444
7,127,0.9534384006913851,0.0,104,128,0,0,49604,0.0625341956305233,0.12741199197790903,6.961694875914458
8,0,1.0021151438197529,0.0,116,1,0,1,49542,0.06245603418932718,0.128598671274541,7.19882865301164
8,1,0.9086121736566666,0.0,3,2,1,1,49554,0.06247116221020385,0.11988379458957746,6.999793254248724
8,2,0.9862283941385389,0.0,106,3,0,1,49594,0.06252158894645941,0.12668211959950224,7.179307935311118
8,3,0.9939664592367636,0.0,111,4,0,1,49629,0.06256571234068303,0.12708159615933767,7.188314022369378
8,4,0.9792293711588637,0.0,92,5,0,1,49624,0.06255940899865109,0.1261305616707126,7.177951147800605
8,5,0.9597260720132765,0.0,52,6,0,1,49548,0.06246359819976552,0.12431033858488828,7.139850060312374
8,6,0.9422871710942219,0.0,11,7,1,1,49552,0.062468640873391074,0.1226486191300878,7.090825321928928
8,7,0.9589509334012689,0.0,50,8,0,1,49567,0.06248755089948691,0.12436024628323032,7.123114987074646
8,8,0.9834870676587253,0.0,97,9,0,1,49583,0.06250772159398914,0.12662683887497306,7.1732653661455785
8,9,0.9733781342485025,0.0,81,10,0,1,49578,0.0625014182519572,0.12590620120527213,7.170454028718687
8,10,0.9553589347290724,0.0,36,11,0,1,49554,0.06247116221020385,0.12387291672059375,7.116619964966393
8,11,0.9247111695733558,0.0,5,12,1,1,49511,0.06241695346872912,0.1212326739132296,7.054639452872651
8,12,1.0179669729159784,0.0,120,13,0,0,49639,0.06257831902474692,0.12993724322094607,7.227105736219426
8,13,0.9771964573361965,0.0,88,14,0,0,49510,0.062415692800322733,0.12566910761853758,7.171301272853533
8,14,0.9708118160699736,0.0,75,15,0,0,49602,0.06253167429371052,0.12528610743103388,7.158178692748373
8,15,0.9587068657109622,0.0,48,16,0,0,49615,0.06254806298299358,0.12439800017807758,7.1211875958949165
8,16,0.9701631039558278,0.0,74,17,0,0,49544,0.06245855552613996,0.12498269607521258,7.157006678930417
8,17,0.9719620977003308,0.0,77,18,0,0,49589,0.06251528560442747,0.12528310252096664,7.155748164954611
8,18,0.9518719073125221,0.0,25,19,0,0,49512,0.06241821413713551,0.12318998434618708,7.1428457775294545
8,19,0.9540895571546865,0.0,33,20,0,0,49636,0.06257453701952775,0.12375887353503091,7.099091945205147
8,20,0.9726996429638782,0.0,80,21,0,0,49570,0.06249133290470608,0.12466129550662598,7.1612566502342645
8,21,0.9491323724019625,0.0,22,22,0,0,49575,0.06249763624673802,0.12332787641418504,7.105220000786165
8,22,0.9689654145442745,0.0,71,23,0,0,49544,0.06245855552613996,0.12499170039894579,7.170703519200164
8,23,0.9724060315451599,0.0,79,24,0,0,49611,0.06254302030936802,0.12556513072338063,7.164251539179474
8,24,0.9472388987730245,0.0,17,25,0,0,49547,0.06246233753135913,0.1233931925658066,7.089512013021821
8,25,0.9671676287301876,0.0,63,26,0,0,49585,0.06251024293080192,0.12496606250910271,7.14258005963531
8,26,0.9678362846124392,0.0,65,27,0,0,49529,0.062439645500044126,0.12455737517583693,7.174190196204318
8,27,0.9626379732546424,0.0,60,28,0,0,49541,0.06245477352092079,0.12483739046280402,7.137488863133812
8,28,0.9876406266302038,0.0,109,29,0,0,49618,0.06255184498821276,0.12647394432449657,7.172168674644753
8,29,1.0336601619784374,0.0,125,30,0,0,49559,0.062477465552235795,0.12712452365209323,7.271194686555801
8,30,0.9601972189174275,0.0,53,31,0,0,49536,0.06244847017888885,0.12438160720451565,7.143635770869695
8,31,1.0080944610414284,0.0,117,32,0,0,49568,0.0624888115678933,0.12828865411375792,7.246428838332631
8,32,0.9736090397526624,0.0,83,33,0,0,49623,0.0625581483302447,0.12561755726060653,7.154591680037578
8,33,0.9501613145381129,0.0,23,34,0,0,49619,0.06255310565661915,0.12360585715738306,7.109386435262354
8,34,0.9647216292951638,0.0,61,35,0,0,49614,0.06254680231458719,0.12482021000898076,7.153565093298886
8,35,0.9436736778721649,0.0,13,36,0,0,49591,0.06251780694124025,0.12284676330542117,7.09239110346739
8,36,0.9616415831882311,0.0,57,37,0,0,49584,0.06250898226239553,0.12445907995999449,7.142681163580341
8,37,0.9541859521956979,0.0,34,38,0,0,49617,0.06255058431980637,0.12405203900557663,7.134966234814986
8,38,0.9572546812668111,0.0,41,39,0,0,49572,0.062493854241518855,0.1240084601495856,7.124501816520146
8,39,1.0179880326300577,0.0,121,40,0,0,49600,0.06252915295689775,0.12767101301263356,7.289532148828581
8,40,0.9564784806419119,0.0,39,41,0,0,49644,0.06258462236677886,0.12445496350345063,7.115536476646855
8,41,0.9734276786986069,0.0,82,42,0,0,49520,0.06242829948438662,0.12539611317819926,7.181270053344576
8,42,0.9709276611136344,0.0,76,43,0,0,49590,0.06251654627283386,0.12529874940255004,7.160313644883962
8,43,0.9835099944484111,0.0,98,44,0,0,49620,0.06255436632502553,0.12647140865011086,7.190372872301556
8,44,0.9767828081266097,0.0,85,45,0,0,49579,0.06250267892036358,0.12583146192858963,7.187640376035309
8,45,0.9839559905656037,0.0,101,46,0,0,49593,0.06252032827805303,0.12654032049080488,7.188749540379999
8,46,0.9624320553309961,0.0,58,47,0,0,49519,0.06242703881598023,0.12471665169798234,7.14267900133863
8,47,1.1108405639262526,0.0,128,48,0,0,49645,0.06258588303518525,0.13175668094403983,7.398234953009443
8,48,0.9771990916587731,0.0,89,49,0,0,49588,0.06251402493602108,0.12572093106716278,7.1727078542399365
8,49,0.9573173653641158,0.0,42,50,0,0,49506,0.06241065012669717,0.12391648094202491,7.122554155552202
8,50,0.9852882931713846,0.0,105,51,0,0,49554,0.06247116221020385,0.12659441979767594,7.178826301822381
8,51,0.9531377873431699,0.0,28,52,0,0,49561,0.06247998688904857,0.12362926411976981,7.113178197304509
8,52,0.98723660632425,0.0,108,53,0,0,49601,0.06253041362530413,0.12644565715885342,7.2098755839812245
8,53,0.9571619076852551,0.0,40,54,0,0,49623,0.0625581483302447,0.12396355751083056,7.130011360586187
8,54,0.8342262519152308,0.0,1,55,1,0,49460,0.06235265938000328,0.11277888235526842,6.816572321953256
8,55,0.9975367748654176,0.0,114,56,0,0,49568,0.0624888115678933,0.12732789001904526,7.206855122486497
8,56,0.9846249997264719,0.0,103,57,0,0,49585,0.06251024293080192,0.12655377011478333,7.17589444789102
8,57,0.9837962056205377,0.0,100,58,0,0,49610,0.06254175964096163,0.12643921426134144,7.190828466415282
8,58,0.922769888075616,0.0,4,59,1,0,49520,0.06242829948438662,0.12092754693874136,7.051028731553349
8,59,0.9573439879231651,0.0,43,60,0,0,49529,0.062439645500044126,0.12407453861902508,7.13559537857126
8,60,0.9683166813226461,0.0,68,61,0,0,49579,0.06250267892036358,0.12516832175687728,7.159698957021874
8,61,0.9770942763911563,0.0,87,62,0,0,49604,0.0625341956305233,0.12602997740375269,7.166255726233062
8,62,0.9609381686213265,0.0,56,63,0,0,49623,0.0625581483302447,0.12480853897976091,7.127279126100423
8,63,1.0471712666095734,0.0,127,64,0,0,49667,0.06261361774012582,0.132283802633433,7.306394490406204
8,64,0.9586428053906387,0.0,47,65,0,0,49532,0.06244342750526329,0.12407809894406065,7.127949252603853
8,65,0.933902472875913,0.0,6,66,1,0,49494,0.06239552210582051,0.12215875232726277,7.060380781160009
8,66,0.9958941609070316,0.0,113,67,0,0,49635,0.06257327635112137,0.12741163334761116,7.217789086620577
8,67,0.9604918251464344,0.0,55,68,0,0,49615,0.06254806298299358,0.12435153830347102,7.132653906478281
8,68,0.972238021887653,0.0,78,69,0,0,49544,0.06245855552613996,0.12531603100555022,7.15161707274915
8,69,0.9537353642100024,0.0,30,70,0,0,49598,0.06252663162008497,0.12445378452755759,7.093786893893675
8,70,0.9699404091654454,0.0,73,71,0,0,49639,0.06257831902474692,0.12550985565795073,7.120351432047278
8,71,0.9540150313650948,0.0,31,72,0,0,49549,0.06246485886817191,0.1240359874160543,7.127230193627835
8,72,1.0163232080083147,0.0,119,73,0,0,49658,0.06260227172446832,0.1289821392552149,7.26773872163011
8,73,0.9367104026646282,0.0,7,74,1,0,49518,0.06242577814757384,0.12219401968424072,7.076763748761922
8,74,0.9770719929616265,0.0,86,75,0,0,49572,0.062493854241518855,0.1254330833883371,7.1928777375856185
8,75,0.980189708818345,0.0,93,76,0,0,49579,0.06250267892036358,0.12587094167334764,7.181967634814851
8,76,0.957416247438383,0.0,44,77,0,0,49636,0.06257453701952775,0.1243603075147864,7.117548505804248
8,77,0.9393171609400395,0.0,9,78,1,0,49512,0.06241821413713551,0.12254853916334464,7.075982167926937
8,78,1.0279799993087244,0.0,124,79,0,0,49628,0.06256445167227664,0.1298240854015208,7.272557821576826
8,79,0.9433503096994105,0.0,12,80,1,0,49571,0.062492593573112466,0.12280077241112092,7.1026114909773375
8,80,0.9976776285073418,0.0,115,81,0,0,49624,0.06255940899865109,0.1274225257843668,7.195680541508954
8,81,0.9584779799983718,0.0,45,82,0,0,49515,0.06242199614235468,0.12429327304913915,7.134780067126091
8,82,0.9688739360554751,0.0,70,83,0,0,49606,0.06253671696733608,0.12486681045759869,7.164427756127104
8,83,0.9549970313176117,0.0,35,84,0,0,49490,0.06239047943219495,0.1235667454996755,7.124765610472924
8,84,0.9682468442547092,0.0,67,85,0,0,49508,0.062413171463509956,0.12514671925562934,7.164299976182712
8,85,0.8567930817550597,0.0,2,86,1,0,49460,0.06235265938000328,0.11503608935993516,6.889423029835806
8,86,0.9469124194784361,0.0,16,87,0,0,49590,0.06251654627283386,0.12337803455329958,7.102276938242758
8,87,0.9590016144534517,0.0,51,88,0,0,49509,0.062414432131916345,0.12408785901586133,7.120485546429969
8,88,0.9626304355074322,0.0,59,89,0,0,49552,0.062468640873391074,0.12473852769204818,7.118760063038399
8,89,0.9693036201363525,0.0,72,90,0,0,49572,0.062493854241518855,0.12489743218761346,7.169783731998534
8,90,0.9807572740905983,0.0,94,91,0,0,49616,0.06254932365139997,0.12592321456906586,7.178504418288294
8,91,1.0267754325974632,0.0,122,92,0,0,49580,0.06250393958876997,0.12945382259231994,7.264584810960009
8,92,0.9513807796865379,0.0,24,93,0,0,49527,0.06243712416323135,0.12373864541954491,7.096333278949078
8,93,0.9491041855187623,0.0,21,94,0,0,49507,0.06241191079510357,0.12331767715549073,7.117624242896541
8,94,0.9826821330109023,0.0,96,95,0,0,49579,0.06250267892036358,0.12686197314947215,7.160029541089415
8,95,0.9524215574158612,0.0,26,96,0,0,49619,0.06255310565661915,0.12374260916144642,7.123277059084901
8,96,0.9555692788864338,0.0,37,97,0,0,49650,0.0625921863772172,0.12453078068211329,7.10944256492842
8,97,0.9393643382676952,0.0,10,98,1,0,49524,0.062433342158012176,0.12271357423325525,7.080381317870028
8,98,0.9439381427938334,0.0,14,99,0,0,49568,0.0624888115678933,0.12295448089094671,7.094128528557893
8,99,0.9466026830827268,0.0,15,100,0,0,49539,0.06245225218410801,0.12299196995533004,7.114743570851423
8,100,0.9562541975823716,0.0,38,101,0,0,49597,0.06252537095167858,0.1241303978026366,7.12097284149542
8,101,0.974003159463395,0.0,84,102,0,0,49605,0.06253545629892969,0.12519186202817062,7.157909278325077
8,102,0.9602722791490352,0.0,54,103,0,0,49554,0.06247116221020385,0.12426689825397627,7.142201879671079
8,103,0.9657953810424266,0.0,62,104,0,0,49560,0.06247872622064218,0.125069283119375,7.154796409442501
8,104,0.9687404258521963,0.0,69,105,0,0,49659,0.06260353239287471,0.12572155011112912,7.143217330592587
8,105,0.9585224845339732,0.0,46,106,0,0,49569,0.06249007223629969,0.12411624015314159,7.1312997101155755
8,106,0.9901787780938235,0.0,110,107,0,0,49656,0.06259975038765553,0.12672980877592038,7.208682408401315
8,107,0.9852646961323132,0.0,104,108,0,0,49571,0.062492593573112466,0.12631039771292846,7.1928174419213855
8,108,1.010501432648226,0.0,118,109,0,0,49603,0.06253293496211691,0.12751937315485765,7.263555354740682
8,109,0.9843516977772258,0.0,102,110,0,0,49613,0.0625455416461808,0.12619961062132184,7.1764081794468435
8,110,0.96780203694638,0.0,64,111,0,0,49571,0.062492593573112466,0.1253103995104087,7.143289024730186
8,111,0.9810981759173609,0.0,95,112,0,0,49581,0.06250520025717636,0.12598546742818909,7.184556187900162
8,112,0.9540219402254895,0.0,32,113,0,0,49551,0.062467380204984685,0.12387921993434489,7.128001627942633
8,113,0.9864145674286585,0.0,107,114,0,0,49628,0.06256445167227664,0.12686517557327134,7.172651956157811
8,114,1.0446927548843274,0.0,126,115,0,0,49605,0.06253545629892969,0.12878575437461828,7.295387485383761
8,115,0.9531629641595925,0.0,29,116,0,0,49686,0.0626375704398472,0.12407253076906932,7.147008323960449
8,116,0.9789016842044866,0.0,91,117,0,0,49607,0.06253797763574247,0.1258563997239856,7.181680576744515
8,117,0.9486072133019577,0.0,19,118,0,0,49572,0.062493854241518855,0.12353477362489763,7.096805518170785
8,118,0.9530645330912175,0.0,27,119,0,0,49545,0.062459816194546346,0.12380280429415592,7.113909826868611
8,119,0.9784389874626456,0.0,90,120,0,0,49589,0.06251528560442747,0.12620301034319775,7.168647765268663
8,120,1.0273499889516793,0.0,123,121,0,0,49555,0.06247242287861024,0.1304490688895812,7.256702958876312
8,121,0.9679053476009659,0.0,66,122,0,0,49556,0.06247368354701663,0.12476754426724342,7.151928107257446
8,122,0.9837854400133826,0.0,99,123,0,0,49577,0.0625001575835508,0.12636974312573648,7.183364102050429
8,123,0.9390004848549862,0.0,8,124,1,0,49536,0.06244847017888885,0.12266664330896669,7.068738826388169
8,124,0.9490320397070576,0.0,20,125,0,0,49608,0.06253923830414886,0.12343558402027778,7.101064926483774
8,125,0.9942663539220669,0.0,112,126,0,0,49530,0.062440906168450515,0.12502875632186947,7.185476388561028
8,126,0.9587576973147972,0.0,49,127,0,0,49603,0.06253293496211691,0.12481694136307124,7.124284592561772
8,127,0.9476243781731623,0.0,18,128,0,0,49564,0.06248376889426774,0.12315209582038376,7.115061908927396
9,0,0.6999312304709588,0.0,62,1,0,1,49596,0.06252411028327219,0.12518513408032916,5.2519593705093435
9,1,0.6852479426559583,0.0,16,2,0,1,49537,0.062449730847295236,0.12334975906119953,5.22906070011839
9,2,0.6943382863528167,0.0,38,3,0,1,49529,0.062439645500044126,0.1245216087660857,5.258948876775105
9,3,0.7128038954696686,0.0,99,4,0,1,49574,0.06249637557833163,0.1265523725424814,5.304731972045065
9,4,0.7111934093534751,0.0,96,5,0,1,49569,0.06249007223629969,0.12625195264988234,5.294891353018692
9,5,0.6982543342280816,0.0,53,6,0,1,49627,0.06256319100387026,0.12481180969570538,5.285543488922699
9,6,0.7054454519189807,0.0,81,7,0,1,49530,0.062440906168450515,0.12566699504778212,5.288965214993443
9,7,0.7060494906181922,0.0,82,8,0,1,49579,0.06250267892036358,0.12555922094550914,5.279870084008716
9,8,0.7090944129335908,0.0,91,9,0,1,49587,0.06251276426761469,0.1263932486587405,5.293265280462575
9,9,0.6904403557798185,0.0,28,10,0,1,49535,0.06244720951048246,0.12387102307332318,5.260598482403781
9,10,0.7021792574774497,0.0,71,11,0,1,49622,0.06255688766183831,0.1250483594540667,5.292056326631619
9,11,0.6977024788195153,0.0,52,12,0,1,49549,0.06246485886817191,0.12402962726211389,5.291520987892811
9,12,0.7487961223662458,0.0,126,13,0,0,49544,0.06245855552613996,0.12435101458532731,5.4665521811458655
9,13,0.6914919552663688,0.0,32,14,0,0,49571,0.062492593573112466,0.12391706458525023,5.259317629449046
9,14,0.7054265303851923,0.0,80,15,0,0,49596,0.06252411028327219,0.12594577655938605,5.281079663593957
9,15,0.7004679968273915,0.0,67,16,0,0,49569,0.06249007223629969,0.12457594060129336,5.2854339288220045
9,16,0.6946123117223497,0.0,40,17,0,0,49524,0.062433342158012176,0.12340505907018144,5.31881207932041
9,17,0.7014517728579068,0.0,69,18,0,0,49644,0.06258462236677886,0.12540085735168702,5.291971365090198
9,18,0.6933095358550255,0.0,36,19,0,0,49558,0.062476204883829406,0.12420832983344908,5.260853354512353
9,19,0.685969162428662,0.0,21,20,0,0,49510,0.062415692800322733,0.12306084524666305,5.250105396668936
9,20,0.7120831400885093,0.0,98,21,0,0,49644,0.06258462236677886,0.12619432852514273,5.328013447498603
9,21,0.6963244074878281,0.0,45,22,0,0,49550,0.062466119536578296,0.12470540817560088,5.260344915700217
9,22,0.6790636420732805,0.0,8,23,1,0,49494,0.06239552210582051,0.12218452836731397,5.243498446159188
9,23,0.7048744520172494,0.0,79,24,0,0,49596,0.06252411028327219,0.12582052103042843,5.290430789140098
9,24,0.722883158051671,0.0,116,25,0,0,49535,0.06244720951048246,0.12665577775505343,5.3778343198937115
9,25,0.689403832930096,0.0,25,26,0,0,49541,0.06245477352092079,0.1239743045783515,5.245175274418948
9,26,0.68422589953249,0.0,15,27,0,0,49518,0.06242577814757384,0.12339272043758424,5.227818950975945
9,27,0.6999784814406823,0.0,63,28,0,0,49577,0.0625001575835508,0.12519725318087008,5.277623879813186
9,28,0.7076171490290419,0.0,86,29,0,0,49560,0.06247872622064218,0.12556307844327547,5.326326106960509
9,29,0.7043615417423421,0.0,77,30,0,0,49539,0.06245225218410801,0.1254906663396095,5.270563836793583
9,30,0.7044318758570238,0.0,78,31,0,0,49655,0.06259848971924914,0.12561668737418893,5.279265382446594
9,31,0.6802538201067003,0.0,10,32,1,0,49524,0.062433342158012176,0.12207976344320073,5.242021450532354
9,32,0.6859621533761713,0.0,20,33,0,0,49639,0.06257831902474692,0.12324643286516959,5.24227146199199
9,33,0.6969650884714739,0.0,49,34,0,0,49564,0.06248376889426774,0.12456658382624744,5.267144931743507
9,34,0.7154834319066927,0.0,102,35,0,0,49632,0.0625694943459022,0.12659509929309393,5.344223595146682
9,35,0.6958541228739232,0.0,42,36,0,0,49511,0.06241695346872912,0.12466158919243754,5.25736729280917
9,36,0.6664359446911788,0.0,4,37,1,0,49544,0.06245855552613996,0.1206528060935632,5.2044969443339895
9,37,0.6983134222972758,0.0,54,38,0,0,49568,0.0624888115678933,0.12488379260991671,5.267871976052647
9,38,0.7093960665261868,0.0,92,39,0,0,49560,0.06247872622064218,0.12601571744646128,5.294588568921111
9,39,0.672676927040746,0.0,7,40,1,0,49514,0.06242073547394829,0.12156822312064702,5.2085898376649835
9,40,0.697382369015807,0.0,51,41,0,0,49556,0.06247368354701663,0.12406572261560593,5.292669036234504
9,41,0.720139580827581,0.0,108,42,0,0,49591,0.06251780694124025,0.12757826143613285,5.316899731091411
9,42,0.6958554225958313,0.0,43,43,0,0,49556,0.06247368354701663,0.12431207680492896,5.281969933064458
9,43,0.6794472899303469,0.0,9,44,1,0,49626,0.06256193033546387,0.12217870458736983,5.232846243312087
9,44,0.7100581282414634,0.0,95,45,0,0,49612,0.06254428097777441,0.1259893782284493,5.299714544094782
9,45,0.6967714752035712,0.0,46,46,0,0,49541,0.06245477352092079,0.12481995667547204,5.249802317580428
9,46,0.7145907996701918,0.0,100,47,0,0,49609,0.06254049897255524,0.1272452716539184,5.285696914930866
9,47,0.7612292772601899,0.0,128,48,0,0,49594,0.06252158894645941,0.1265372971996942,5.423571071053072
9,48,0.68336233714271,0.0,12,49,1,0,49493,0.06239426143741412,0.12311760798858229,5.224639337085642
9,49,0.6723579861298511,0.0,5,50,1,0,49495,0.062396782774226896,0.12151956096587338,5.211512858380216
9,50,0.6956298594516321,0.0,41,51,0,0,49577,0.0625001575835508,0.1242614545869672,5.270935927744172
9,51,0.6577936117132659,0.0,3,52,1,0,49483,0.062381654753350224,0.11994125013295637,5.167947681460371
9,52,0.7433141296846815,0.0,125,53,0,0,49539,0.06245225218410801,0.12509251862343845,5.4196037178217376
9,53,0.6552036434431003,0.0,2,54,1,0,49485,0.062384176090163,0.11943001444036053,5.185272656269031
9,54,0.7148146100084598,0.0,101,55,0,0,49599,0.06252789228849136,0.12689303904567512,5.299988760260471
9,55,0.6971263166843197,0.0,50,56,0,0,49593,0.06252032827805303,0.12498555005970154,5.268870795349638
9,56,0.6902467128195221,0.0,26,57,0,0,49534,0.06244594884207607,0.12359582507036299,5.268404679519138
9,57,0.6992780466096273,0.0,59,58,0,0,49606,0.06253671696733608,0.12521560870200205,5.2581796326888925
9,58,0.6969632592213811,0.0,48,59,0,0,49648,0.06258966504040442,0.12446284745627029,5.273210795329419
9,59,0.6904369400868161,0.0,27,60,0,0,49577,0.0625001575835508,0.12386509044049324,5.253391010213246
9,60,0.7515584566523668,0.0,127,61,0,0,49696,0.06265017712391109,0.13080897036973144,5.4219764830485575
9,61,0.7184823645618872,0.0,107,62,0,0,49623,0.0625581483302447,0.12715969998988932,5.3178830889282125
9,62,0.6969203331590541,0.0,47,63,0,0,49624,0.06255940899865109,0.12433860662917863,5.2727970478201
9,63,0.6945584087744298,0.0,39,64,0,0,49573,0.062495114909925244,0.12400963860373905,5.271318336143779
9,64,0.6838847489987622,0.0,14,65,0,0,49608,0.06253923830414886,0.12300628659957015,5.235774796523707
9,65,0.7209181937225012,0.0,113,66,0,0,49555,0.06247242287861024,0.12556008577400177,5.378558919312407
9,66,0.7167802656699777,0.0,106,67,0,0,49561,0.06247998688904857,0.12717063311417606,5.310378759688502
9,67,0.720724023680955,0.0,112,68,0,0,49652,0.06259470771402997,0.12772205786145988,5.30501535638714
9,68,0.6723726868002503,0.0,6,69,1,0,49499,0.06240182544785245,0.12135501270644695,5.228609093623891
9,69,0.7004646325602949,0.0,66,70,0,0,49570,0.06249133290470608,0.12505791170055877,5.2719578468334065
9,70,0.6811625173636825,0.0,11,71,1,0,49482,0.062380394084943835,0.12257391020332957,5.234448661747332
9,71,0.6988975387438148,0.0,57,72,0,0,49625,0.06256066966705748,0.12508165513215497,5.270491324887869
9,72,0.7202847139197214,0.0,109,73,0,0,49640,0.06257957969315331,0.12723597668311698,5.322142294698795
9,73,0.7346578766233741,0.0,120,74,0,0,49609,0.06254049897255524,0.12995530591280824,5.332184312623857
9,74,0.6988124347556189,0.0,56,75,0,0,49646,0.06258714370359164,0.1250022660456296,5.264907075550166
9,75,0.695906362930217,0.0,44,76,0,0,49578,0.0625014182519572,0.12456437420483037,5.261235961721251
9,76,0.7298701857454502,0.0,117,77,0,0,49592,0.06251906760964664,0.12749228913319413,5.323725609033892
9,77,0.7354967494347868,0.0,121,78,0,0,49671,0.06261866041375137,0.1294653815205335,5.344563405030546
9,78,0.7155885054870884,0.0,103,79,0,0,49627,0.06256319100387026,0.1269063517187017,5.304392390428343
9,79,0.7204969888974321,0.0,111,80,0,0,49500,0.06240308611625884,0.12666767200169088,5.298340654928883
9,80,0.7000248344035657,0.0,64,81,0,0,49591,0.06251780694124025,0.12471720841526669,5.276393273453802
9,81,0.690929185216344,0.0,30,82,0,0,49649,0.06259092570881081,0.12388112536856641,5.281552836396048
9,82,0.6921670970466798,0.0,34,83,0,0,49562,0.06248124755745496,0.12401730346196412,5.2576230412034
9,83,0.6906293253270901,0.0,29,84,0,0,49512,0.06241821413713551,0.12356340936246653,5.264221944878266
9,84,0.6935410609856972,0.0,37,85,0,0,49597,0.06252537095167858,0.12426992902954308,5.269600312058195
9,85,0.7156676064970997,0.0,104,86,0,0,49661,0.06260605372968749,0.12653886334645517,5.32123147343179
9,86,0.7033107787235666,0.0,74,87,0,0,49575,0.06249763624673802,0.1253805791473545,5.275235483033269
9,87,0.6985604419673842,0.0,55,88,0,0,49622,0.06255688766183831,0.12501842885930817,5.288465834122833
9,88,0.7035998326155383,0.0,75,89,0,0,49524,0.062433342158012176,0.12541913528270057,5.291855308709548
9,89,0.7067385627927083,0.0,84,90,0,0,49575,0.06249763624673802,0.12573928714335805,5.290640408479258
9,90,0.6991099836979933,0.0,58,91,0,0,49608,0.06253923830414886,0.12460413787397125,5.276424135853391
9,91,0.7099521146532933,0.0,94,92,0,0,49556,0.06247368354701663,0.1265126345061239,5.295976782724998
9,92,0.7074400464952444,0.0,85,93,0,0,49561,0.06247998688904857,0.12620146974200538,5.280629952343993
9,93,0.7203972730661324,0.0,110,94,0,0,49606,0.06253671696733608,0.12743961992865638,5.322093540270837
9,94,0.7306001161045366,0.0,118,95,0,0,49651,0.06259344704562358,0.1283430614993773,5.352242185776365
9,95,0.5970498735406236,0.0,1,96,1,0,49439,0.06232618534346911,0.11001609712761515,5.109418412617594
9,96,0.7089406621999378,0.0,88,97,0,0,49640,0.06257957969315331,0.12605402485644226,5.303743685940188
9,97,0.6931193644532757,0.0,35,98,0,0,49521,0.06242956015279301,0.12379083916888624,5.267499041369704
9,98,0.6879423063618191,0.0,23,99,0,0,49565,0.06248502956267413,0.1234844919498929,5.251815623246064
9,99,0.6855346922718418,0.0,19,100,0,0,49534,0.06244594884207607,0.12295431806847845,5.254335968760441
9,100,0.7089810058982314,0.0,89,101,0,0,49629,0.06256571234068303,0.12611907724859386,5.290411787609261
9,101,0.7112418957613633,0.0,97,102,0,0,49620,0.06255436632502553,0.12724174821818024,5.2848002965340735
9,102,0.7097713765074914,0.0,93,103,0,0,49659,0.06260353239287471,0.12620198422192083,5.2815619487655905
9,103,0.7333260550546372,0.0,119,104,0,0,49556,0.06247368354701663,0.12902086106531846,5.35166681700317
9,104,0.7357770699224059,0.0,122,105,0,0,49567,0.06248755089948691,0.12930367535895698,5.344457112177414
9,105,0.7042307291992624,0.0,76,106,0,0,49510,0.062415692800322733,0.12462094281699454,5.301321441200747
9,106,0.6852555336531435,0.0,17,107,0,0,49491,0.06239174010060134,0.12362384313302321,5.2358084761675565
9,107,0.7021877845758533,0.0,72,108,0,0,49596,0.06252411028327219,0.12584767490651672,5.2813727062472875
9,108,0.6854576492429666,0.0,18,109,0,0,49527,0.06243712416323135,0.12389052508857228,5.238910056488537
9,109,0.7388034656619311,0.0,123,110,0,0,49648,0.06258966504040442,0.126393318769076,5.3386409174777505
9,110,0.6888949261282796,0.0,24,111,0,0,49511,0.06241695346872912,0.12380886604956279,5.252688416749028
9,111,0.7020770324862217,0.0,70,112,0,0,49571,0.062492593573112466,0.12499874843387933,5.2845972762126046
9,112,0.7413070314452579,0.0,124,113,0,0,49658,0.06260227172446832,0.12882024740900863,5.342981827474802
9,113,0.7225304159262064,0.0,114,114,0,0,49613,0.0625455416461808,0.12807535573706788,5.30743312326205
9,114,0.6911187039367332,0.0,31,115,0,0,49544,0.06245855552613996,0.12379009293245827,5.244635267240829
9,115,0.700862615144538,0.0,68,116,0,0,49545,0.062459816194546346,0.12514866208801423,5.271805990407678
9,116,0.6998618941135527,0.0,61,117,0,0,49565,0.06248502956267413,0.124945803084818,5.2744665978391385
9,117,0.722812273636038,0.0,115,118,0,0,49613,0.0625455416461808,0.12776262721009374,5.310359895717065
9,118,0.7002351617906744,0.0,65,119,0,0,49612,0.06254428097777441,0.12521226816248404,5.2803713105915495
9,119,0.7066075331326703,0.0,83,120,0,0,49565,0.06248502956267413,0.1256349471300272,5.28419071107627
9,120,0.7025852457297999,0.0,73,121,0,0,49616,0.06254932365139997,0.12554025722186146,5.278327274023149
9,121,0.6872705887158879,0.0,22,122,0,0,49592,0.06251906760964664,0.12329652831453398,5.255711472863374
9,122,0.7090596785013864,0.0,90,123,0,0,49522,0.0624308208211994,0.12657439050513913,5.289649516653971
9,123,0.7079958496110036,0.0,87,124,0,0,49651,0.06259344704562358,0.12611818800086236,5.294142204709189
9,124,0.6918948256583721,0.0,33,125,0,0,49644,0.06258462236677886,0.12422826177944928,5.256172122937333
9,125,0.683486184822883,0.0,13,126,0,0,49570,0.06249133290470608,0.12302160361897826,5.239292207750984
9,126,0.716053585698417,0.0,105,127,0,0,49642,0.06258210102996609,0.12667746321599818,5.309532257191434
9,127,0.6997821463645156,0.0,60,128,0,0,49594,0.06252158894645941,0.12454552684576368,5.2918716147778575
10,0,0.9840788229229738,0.0,118,1,0,1,49615,0.06254806298299358,0.12844602757019136,7.062355196563906
10,1,0.9713612217729244,0.0,105,2,0,1,49629,0.06256571234068303,0.12710786698496304,7.013405184438269
10,2,0.9506955401085921,0.0,64,3,0,1,49582,0.06250646092558275,0.12579777085651958,6.976814850891281
10,3,0.9328026003016011,0.0,26,4,0,1,49541,0.06245477352092079,0.12398137354874801,6.953225114924267
10,4,0.9507436706513207,0.0,65,5,0,1,49618,0.06255184498821276,0.12559745289980548,6.984838637845054
10,5,0.9559043671263298,0.0,84,6,0,1,49624,0.06255940899865109,0.1258282249426842,7.006703552725679
10,6,0.9678531130484014,0.0,98,7,0,1,49551,0.062467380204984685,0.12606793016542484,7.06606096549827
10,7,0.9548145144554618,0.0,82,8,0,1,49574,0.06249637557833163,0.12486362862864925,7.080828269803079
10,8,0.929713390246975,0.0,21,9,0,1,49544,0.06245855552613996,0.12311284283697743,6.93683975947201
10,9,0.9257306102323641,0.0,16,10,0,1,49558,0.062476204883829406,0.12340042774887885,6.9316977528916235
10,10,0.9523666718605074,0.0,71,11,0,1,49587,0.06251276426761469,0.12545059265002287,6.990225762281104
10,11,0.933659311620518,0.0,29,12,0,1,49533,0.06244468817366968,0.12429220047168972,6.951357606916785
10,12,0.9550601511368001,0.0,83,13,0,0,49547,0.06246233753135913,0.12534583135658883,6.995009555236392
10,13,0.9484327816289149,0.0,59,14,0,0,49522,0.0624308208211994,0.125902069407575,6.972950978875578
10,14,0.9771388993761322,0.0,111,15,0,0,49568,0.0624888115678933,0.1269820510703103,7.066369508532609
10,15,0.9726134471313722,0.0,108,16,0,0,49640,0.06257957969315331,0.12701630308709314,7.0372235220174595
10,16,0.9432147613705233,0.0,47,17,0,0,49557,0.06247494421542302,0.1252694676026588,6.9662252824046895
10,17,0.9714889902180736,0.0,106,18,0,0,49547,0.06246233753135913,0.12702791108900838,7.014176616414672
10,18,0.9356683815417215,0.0,33,19,0,0,49595,0.0625228496148658,0.123209875585495,6.967532462277793
10,19,0.9704728303915588,0.0,103,20,0,0,49599,0.06252789228849136,0.1271634035154343,7.015197688798145
10,20,0.970245974795211,0.0,101,21,0,0,49541,0.06245477352092079,0.12702380939275137,7.040534564786764
10,21,1.027462052549485,0.0,127,22,0,0,49629,0.06256571234068303,0.126555645293274,7.293602089121987
10,22,0.9574492370819144,0.0,87,23,0,0,49614,0.06254680231458719,0.12591126219503462,7.018126451018947
10,23,0.9074162206681526,0.0,6,24,1,0,49488,0.062387958095382175,0.12118224315156342,6.902922449762563
10,24,0.9723262774855943,0.0,107,25,0,0,49550,0.062466119536578296,0.1273070728325865,7.024670336158285
10,25,0.9298609663659035,0.0,22,26,0,0,49586,0.0625115035992083,0.1236619503104218,6.922634735101111
10,26,0.9396229215114883,0.0,40,27,0,0,49561,0.06247998688904857,0.12385483760308458,6.973174304127657
10,27,0.9230950739616728,0.0,12,28,1,0,49562,0.06248124755745496,0.1228075314816473,6.938479164095294
10,28,0.9369167926048124,0.0,37,29,0,0,49608,0.06253923830414886,0.12441005536846647,6.955308457568889
10,29,0.9534968417558273,0.0,76,30,0,0,49542,0.06245603418932718,0.12461964475818631,7.027395506809008
10,30,0.9509721384560746,0.0,66,31,0,0,49545,0.062459816194546346,0.12572997893838467,6.977028612649959
10,31,0.9236119480779308,0.0,14,32,0,0,49582,0.06250646092558275,0.12327699798396086,6.910765426004667
10,32,0.949504319173724,0.0,62,33,0,0,49588,0.06251402493602108,0.12548868722039921,6.965936254365649
10,33,0.9374606295183933,0.0,38,34,0,0,49524,0.062433342158012176,0.1242015010456276,6.965361442953631
10,34,0.9685619133211776,0.0,100,35,0,0,49573,0.062495114909925244,0.12623834969074238,7.0066621148742385
10,35,0.9511308949568219,0.0,67,36,0,0,49601,0.06253041362530413,0.12433726928162468,6.994135275489168
10,36,0.9563450014013247,0.0,85,37,0,0,49640,0.06257957969315331,0.1256632871442909,6.990322326085896
10,37,0.9468604559724489,0.0,56,38,0,0,49553,0.06246990154179746,0.12570252129686843,6.975424115476644
10,38,0.9542055690544946,0.0,81,39,0,0,49588,0.06251402493602108,0.12613250966709488,6.9936701320567805
10,39,0.962037783648621,0.0,93,40,0,0,49537,0.062449730847295236,0.12659743088030673,7.001150327962855
10,40,0.9457712095843929,0.0,54,41,0,0,49594,0.06252158894645941,0.12506013134271404,6.979084343695895
10,41,0.9335296660333928,0.0,28,42,0,0,49527,0.06243712416323135,0.12402385669572419,6.941375313574823
10,42,0.9679010195230233,0.0,99,43,0,0,49578,0.0625014182519572,0.12619693605730067,7.039857061084673
10,43,0.8841699185483086,0.0,3,44,1,0,49472,0.06236778740087995,0.11920599573805993,6.839675538999498
10,44,0.9709296008386117,0.0,104,45,0,0,49607,0.06253797763574247,0.12549982924350536,7.01443149189315
10,45,0.9791115177115167,0.0,112,46,0,0,49668,0.0626148784085322,0.1274094835311214,7.059884402004658
10,46,0.917993826419331,0.0,10,47,1,0,49476,0.0623728300745055,0.12221550269204332,6.918173297414394
10,47,0.9568270725531687,0.0,86,48,0,0,49579,0.06250267892036358,0.12540478343104425,6.994838185655477
10,48,0.8736253338615436,0.0,2,49,1,0,49458,0.0623501380431905,0.11806192510955313,6.834116569264916
10,49,0.9504703962816615,0.0,63,50,0,0,49561,0.06247998688904857,0.12516558845175602,6.983296594735318
10,50,0.9127269462085023,0.0,8,51,1,0,49520,0.06242829948438662,0.12225016351087359,6.889315286672207
10,51,0.9408691976396626,0.0,44,52,0,0,49594,0.06252158894645941,0.12449656923109935,6.969518639471502
10,52,0.954060554127514,0.0,79,53,0,0,49614,0.06254680231458719,0.12543975442095906,7.004388864290995
10,53,0.9334809355621175,0.0,27,54,0,0,49532,0.06244342750526329,0.12323306893766182,6.947504335035735
10,54,0.9448253891101678,0.0,52,55,0,0,49566,0.062486290231080516,0.12506968279495478,6.974352638055633
10,55,0.9291996109164056,0.0,19,56,0,0,49491,0.06239174010060134,0.12332877739649718,6.947366457716887
10,56,0.934902261009354,0.0,30,57,0,0,49594,0.06252158894645941,0.1238790125174721,6.947943483456668
10,57,0.9394568911626301,0.0,39,58,0,0,49619,0.06255310565661915,0.12365385805803401,7.010000008037421
10,58,0.9613759079991556,0.0,92,59,0,0,49620,0.06255436632502553,0.12595175525007626,7.0056115351300985
10,59,0.9597772902862745,0.0,90,60,0,0,49646,0.06258714370359164,0.12615715393573929,7.001992578524221
10,60,0.9824309699140056,0.0,114,61,0,0,49612,0.06254428097777441,0.1259756290668005,7.151401296862684
10,61,0.943879129594761,0.0,50,62,0,0,49583,0.06250772159398914,0.12408880788680084,6.9926965870523325
10,62,0.9435477810963356,0.0,49,63,0,0,49594,0.06252158894645941,0.12478908766281908,6.977200205257526
10,63,0.9579533025072619,0.0,88,64,0,0,49637,0.06257579768793414,0.12584222879192558,6.986344942713403
10,64,0.9767986652279326,0.0,110,65,0,0,49667,0.06261361774012582,0.12851567382804233,7.025613704860855
10,65,0.9973623789850521,0.0,122,66,0,0,49588,0.06251402493602108,0.12913243428214927,7.093265035136503
10,66,0.9829327419227211,0.0,116,67,0,0,49590,0.06251654627283386,0.12816788988786254,7.059444598527931
10,67,0.9361065244859884,0.0,34,68,0,0,49585,0.06251024293080192,0.12450325329499438,6.949906222093685
10,68,0.9470602609022235,0.0,57,69,0,0,49504,0.062408128789884394,0.12488910818737242,6.987490323514821
10,69,0.9306607580114181,0.0,23,70,0,0,49538,0.062450991515701625,0.12339334907185791,6.951690766772442
10,70,0.9527716530806918,0.0,73,71,0,0,49630,0.06256697300908942,0.1257212879874057,6.989527151211396
10,71,0.9518476394444125,0.0,69,72,0,0,49640,0.06257957969315331,0.12593926011920906,6.983600583734001
10,72,0.9406737560417782,0.0,42,73,0,0,49628,0.06256445167227664,0.12404181840079284,6.98009130174127
10,73,0.9636026527526612,0.0,95,74,0,0,49634,0.06257201568271498,0.12623086642459225,7.0306478305662
10,74,0.954131017171819,0.0,80,75,0,0,49558,0.062476204883829406,0.12571973505554818,6.9773321653613065
10,75,0.9529351284221558,0.0,74,76,0,0,49599,0.06252789228849136,0.12574353009893027,7.00048641237423
10,76,0.9423777473953604,0.0,46,77,0,0,49644,0.06258462236677886,0.12408935070736765,7.009422130436414
10,77,0.9454061178205325,0.0,53,78,0,0,49539,0.06245225218410801,0.12474099583698971,6.960606837894266
10,78,1.0118298039023834,0.0,126,79,0,0,49639,0.06257831902474692,0.13020466828589736,7.126108640444832
10,79,0.9176631458423119,0.0,9,80,1,0,49532,0.06244342750526329,0.1221656344333026,6.921423236199782
10,80,1.029836717048554,0.0,128,81,0,0,49553,0.06246990154179746,0.12424749464615002,7.545683929205977
10,81,0.9677454937563519,0.0,97,82,0,0,49499,0.06240182544785245,0.12357772455476167,7.313812298742588
10,82,0.843005397572421,0.0,1,83,1,0,49470,0.06236526606406717,0.11520930951141531,6.760743194592574
10,83,0.9520080639661516,0.0,70,84,0,0,49598,0.06252663162008497,0.12577449095665763,6.966778542923596
10,84,0.9533308790312532,0.0,75,85,0,0,49674,0.06262244241897054,0.1252862192160272,7.032901654845199
10,85,1.0008123342746729,0.0,123,86,0,0,49563,0.06248250822586135,0.1291442888733841,7.100230303270246
10,86,0.9486591677286369,0.0,60,87,0,0,49593,0.06252032827805303,0.1253994420158615,6.996884775660964
10,87,0.9539599069298864,0.0,78,88,0,0,49608,0.06253923830414886,0.1263407894033669,6.990531175579107
10,88,0.9396310212376605,0.0,41,89,0,0,49630,0.06256697300908942,0.12445911935953011,6.9609297732865185
10,89,0.9462440718797126,0.0,55,90,0,0,49641,0.0625808403615597,0.12452516739837957,7.002436927895381
10,90,0.9821518816284334,0.0,113,91,0,0,49591,0.06251780694124025,0.127379078836474,7.060759277461594
10,91,0.9291338221127595,0.0,18,92,0,0,49553,0.06246990154179746,0.12344594565013343,6.956565040212522
10,92,0.9634543791424446,0.0,94,93,0,0,49631,0.06256823367749581,0.12637288497350652,7.020111080591366
10,93,0.952542127645597,0.0,72,94,0,0,49571,0.062492593573112466,0.12592942123799294,6.996955950448475
10,94,0.926632309949506,0.0,17,95,0,0,49515,0.06242199614235468,0.12315153381811222,6.937272020954118
10,95,0.9483203929158069,0.0,58,96,0,0,49573,0.062495114909925244,0.12469313574683472,6.97684876528364
10,96,0.9646129572955311,0.0,96,97,0,0,49583,0.06250772159398914,0.12652033983605793,7.027908477363508
10,97,0.8960781784806645,0.0,5,98,1,0,49522,0.0624308208211994,0.12002808833056597,6.876330517608849
10,98,0.9307094661853164,0.0,24,99,0,0,49608,0.06253923830414886,0.12381312544917193,6.9415643927508235
10,99,0.9610459599860015,0.0,91,100,0,0,49623,0.0625581483302447,0.12636390965264294,7.036079762294779
10,100,0.893729126634752,0.0,4,101,1,0,49465,0.06235896272203522,0.1194752903793933,6.887168296809928
10,101,0.9441454914265286,0.0,51,102,0,0,49536,0.06244847017888885,0.1248211622218907,6.992005341668009
10,102,0.9246935118766381,0.0,15,103,0,0,49573,0.062495114909925244,0.12356355537521228,6.910223496873969
10,103,0.9859542252833287,0.0,119,104,0,0,49677,0.0626262244241897,0.12716376309651262,7.097011084243457
10,104,1.0040372166755238,0.0,125,105,0,0,49629,0.06256571234068303,0.12815016737666893,7.125935117379362
10,105,0.935262893801003,0.0,31,106,0,0,49577,0.0625001575835508,0.12358919217699253,6.944123359641242
10,106,0.970399424428826,0.0,102,107,0,0,49614,0.06254680231458719,0.12606264914940443,7.039271065313992
10,107,0.9433282703037115,0.0,48,108,0,0,49586,0.0625115035992083,0.12463312644607775,6.9760247487353615
10,108,0.921211385014587,0.0,11,109,1,0,49491,0.06239174010060134,0.12271730757183004,6.937685261882794
10,109,0.9292453068902816,0.0,20,110,0,0,49537,0.062449730847295236,0.12342891707003573,6.942357008109416
10,110,1.0027907339395177,0.0,124,111,0,0,49576,0.06249889691514441,0.12657552769865102,7.109233437782938
10,111,0.9320441396291956,0.0,25,112,0,0,49536,0.06244847017888885,0.12318400626455239,6.9853494202399595
10,112,0.9827185633063432,0.0,115,113,0,0,49588,0.06251402493602108,0.12779851178356544,7.0569954652441975
10,113,0.9356032626674955,0.0,32,114,0,0,49629,0.06256571234068303,0.12345886528963368,6.936662963460953
10,114,0.9488128992032269,0.0,61,115,0,0,49569,0.06249007223629969,0.1248867921663095,6.977381314865812
10,115,0.9407501491132829,0.0,43,116,0,0,49501,0.06240434678466523,0.12387948358911861,6.952984352786991
10,116,0.9234683339949799,0.0,13,117,0,0,49541,0.06245477352092079,0.1227396221570924,6.917382530902966
10,117,0.9871116933686966,0.0,120,118,0,0,49618,0.06255184498821276,0.12590532111156932,7.142719333754745
10,118,0.9538190788136975,0.0,77,119,0,0,49558,0.062476204883829406,0.12520147484063338,6.999323248569572
10,119,0.9367117614312122,0.0,35,120,0,0,49563,0.06248250822586135,0.12372575103825463,6.948616364031147
10,120,0.9368032417576589,0.0,36,121,0,0,49580,0.06250393958876997,0.12457637311289625,6.9528669197731015
10,121,0.9421109728429872,0.0,45,122,0,0,49591,0.06251780694124025,0.12464432172349992,6.959091497592518
10,122,0.9517401224169807,0.0,68,123,0,0,49598,0.06252663162008497,0.12564451718192393,6.997127464997274
10,123,0.9596270351258924,0.0,89,124,0,0,49623,0.0625581483302447,0.12630911830199282,6.999889862880164
10,124,0.9742703743830329,0.0,109,125,0,0,49559,0.062477465552235795,0.1278443125002795,7.025136293813932
10,125,0.9117947432429732,0.0,7,126,1,0,49489,0.06238921876378856,0.12160608351285422,6.93321636714304
10,126,0.9837355818198802,0.0,117,127,0,0,49657,0.06260101105606193,0.12855697016297526,7.039445802971553
10,127,0.9910949130043718,0.0,121,128,0,0,49580,0.06250393958876997,0.12986788565864746,7.029215316529438
11,0,0.644885865603554,0.0,71,1,0,1,49613,0.0625455416461808,0.12542899720057057,4.860244077551852
11,1,0.6437472254129379,0.0,68,2,0,1,49572,0.062493854241518855,0.1251767888574419,4.858317392513392
11,2,0.6382083506607911,0.0,36,3,0,1,49532,0.06244342750526329,0.12443656337567875,4.848716860088098
11,3,0.6485858700877998,0.0,86,4,0,1,49532,0.06244342750526329,0.12582055543114873,4.877858070864831
11,4,0.634070295430303,0.0,19,5,0,1,49603,0.06253293496211691,0.12392847390682334,4.849612099038565
11,5,0.6467707393727227,0.0,80,6,0,1,49639,0.06257831902474692,0.12542049387986703,4.87412866232222
11,6,0.6531824319070807,0.0,101,7,0,1,49613,0.0625455416461808,0.1258553963868932,4.922746199805453
11,7,0.6516661588214716,0.0,97,8,0,1,49617,0.06255058431980637,0.12550382049259892,4.899814031653496
11,8,0.6407662752345731,0.0,49,9,0,1,49661,0.06260605372968749,0.1247738878648143,4.85762653416314
11,9,0.6473213015069275,0.0,83,10,0,1,49590,0.06251654627283386,0.12595587171314435,4.857875180184526
11,10,0.653980243354409,0.0,103,11,0,1,49631,0.06256823367749581,0.1258640538204386,4.904925625425458
11,11,0.6945572802031941,0.0,126,12,0,1,49651,0.06259344704562358,0.12897534965795046,4.972035315901477
11,12,0.6427012697807151,0.0,60,13,0,0,49564,0.06248376889426774,0.12535211203685828,4.844202247922226
11,13,0.6469349928075336,0.0,81,14,0,0,49595,0.0625228496148658,0.1259852683582317,4.855212124005348
11,14,0.6500640265443629,0.0,92,15,0,0,49581,0.06250520025717636,0.1262900712806414,4.864296066431159
11,15,0.6680159960223552,0.0,116,16,0,0,49625,0.06256066966705748,0.12869515792732725,4.900543063168543
11,16,0.648860382589948,0.0,87,17,0,0,49528,0.06243838483163774,0.12576538692033687,4.892121587143445
11,17,0.6303259716262284,0.0,12,18,1,0,49489,0.06238921876378856,0.12348477592202378,4.829696553770711
11,18,0.6402714916750285,0.0,47,19,0,0,49560,0.06247872622064218,0.12455138351555532,4.858349884205096
11,19,0.6400956060803729,0.0,46,20,0,0,49582,0.06250646092558275,0.1247258026901634,4.857063085044329
11,20,0.647875858423559,0.0,84,21,0,0,49630,0.06256697300908942,0.12578845237601874,4.8639512665699005
11,21,0.6631117372126809,0.0,112,22,0,0,49642,0.06258210102996609,0.1282881575211334,4.889121953903435
11,22,0.6331973767228538,0.0,18,23,0,0,49506,0.06241065012669717,0.1237313728978965,4.835867392390339
11,23,0.6472435438060977,0.0,82,24,0,0,49606,0.06253671696733608,0.12589072049555802,4.863235049024653
11,24,0.6482836866830194,0.0,85,25,0,0,49595,0.0625228496148658,0.12526698498946756,4.902658462294502
11,25,0.6321110343654264,0.0,16,26,0,0,49527,0.06243712416323135,0.1233962371046985,4.842900045086976
11,26,0.6708310032570467,0.0,119,27,0,0,49597,0.06252537095167858,0.12848241410798433,4.948722000599388
11,27,0.6369158277358407,0.0,28,28,0,0,49579,0.06250267892036358,0.12440930630912317,4.841521694024019
11,28,0.6093676662262597,0.0,6,29,1,0,49463,0.06235644138522244,0.12071478460772986,4.800301341718534
11,29,0.6449297032752337,0.0,72,30,0,0,49587,0.06251276426761469,0.12534929584794954,4.865024285345427
11,30,0.6400929117410027,0.0,45,31,0,0,49606,0.06253671696733608,0.12483950370760248,4.85390286649837
11,31,0.6454626731156455,0.0,74,32,0,0,49514,0.06242073547394829,0.12540434687294735,4.865988428062962
11,32,0.6408127486690999,0.0,50,33,0,0,49592,0.06251906760964664,0.12459791994309298,4.856998001118709
11,33,0.6516669315756362,0.0,98,34,0,0,49638,0.06257705835634053,0.12601177663764063,4.886569979041549
11,34,0.6012302108918579,0.0,5,35,1,0,49473,0.06236904806928634,0.11895378982994669,4.775340434914162
11,35,0.6392437538615181,0.0,41,36,0,0,49611,0.06254302030936802,0.12457582220029356,4.861168277059278
11,36,0.6976065101991469,0.0,127,37,0,0,49552,0.062468640873391074,0.12681240737082602,4.950971347896934
11,37,0.6393895804788142,0.0,42,38,0,0,49607,0.06253797763574247,0.12474273134629052,4.849892047544792
11,38,0.6425888810921453,0.0,59,39,0,0,49625,0.06256066966705748,0.12471257635433067,4.8808810885595815
11,39,0.6816140477198254,0.0,123,40,0,0,49646,0.06258714370359164,0.12898740425857635,4.964633323571512
11,40,0.6420860452549673,0.0,55,41,0,0,49593,0.06252032827805303,0.12491742081844324,4.861158503444896
11,41,0.6344922677480744,0.0,20,42,0,0,49569,0.06249007223629969,0.12418251179700394,4.836158446623862
11,42,0.649285008367844,0.0,88,43,0,0,49636,0.06257453701952775,0.12600073369256826,4.867762868016253
11,43,0.6407431329782065,0.0,48,44,0,0,49514,0.06242073547394829,0.12487514934262121,4.856510582620079
11,44,0.6383656810236013,0.0,37,45,0,0,49493,0.06239426143741412,0.12426761892853148,4.852423591155016
11,45,0.6590151776413489,0.0,107,46,0,0,49563,0.06248250822586135,0.1276736344545785,4.878842519792146
11,46,0.6695748215169134,0.0,117,47,0,0,49573,0.062495114909925244,0.12755235201532575,4.9181111762079635
11,47,0.5628258402759327,0.0,2,48,1,0,49461,0.062353920048409665,0.11357612339203742,4.689517586291456
11,48,0.6361077020117514,0.0,25,49,0,0,49527,0.06243712416323135,0.12368227063383935,4.866378050774114
11,49,0.6439380943142711,0.0,69,50,0,0,49555,0.06247242287861024,0.12542940536045022,4.854993545474746
11,50,0.6610641688612834,0.0,110,51,0,0,49622,0.06255688766183831,0.126691281941632,4.891851047163328
11,51,0.6350543203366905,0.0,24,52,0,0,49564,0.06248376889426774,0.1239253810491374,4.8452103476817046
11,52,0.6420113839250267,0.0,54,53,0,0,49560,0.06247872622064218,0.12498619539270071,4.847814682263012
11,53,0.6415504603291993,0.0,53,54,0,0,49550,0.062466119536578296,0.12487305903741498,4.855419588052169
11,54,0.6737842855296476,0.0,121,55,0,0,49548,0.06246359819976552,0.12643311615769265,4.988300146008432
11,55,0.6496670172247941,0.0,91,56,0,0,49624,0.06255940899865109,0.12608996753202664,4.878781568895115
11,56,0.683205846514846,0.0,124,57,0,0,49631,0.06256823367749581,0.13030987992719548,4.944069724190999
11,57,0.6312281239856006,0.0,14,58,0,0,49583,0.06250772159398914,0.12332715934806153,4.834946131205213
11,58,0.6460084168848567,0.0,79,59,0,0,49571,0.062492593573112466,0.12560166792742256,4.8591105290849805
11,59,0.6415449898630469,0.0,52,60,0,0,49568,0.0624888115678933,0.12509564831175013,4.853658806427159
11,60,0.6347921947406884,0.0,23,61,0,0,49638,0.06257705835634053,0.12408637652841802,4.8355441879973045
11,61,0.666048349690634,0.0,113,62,0,0,49590,0.06251654627283386,0.12488459900850146,5.0150440220549655
11,62,0.638031506343952,0.0,33,63,0,0,49518,0.06242577814757384,0.12453294101293183,4.8429286739428505
11,63,0.6387672977410265,0.0,38,64,0,0,49640,0.06257957969315331,0.12445339187859625,4.853059428120627
11,64,0.613996162190522,0.0,8,65,1,0,49492,0.06239300076900773,0.12112642260764213,4.8039471580648625
11,65,0.6456529989617447,0.0,77,66,0,0,49584,0.06250898226239553,0.12385120890710338,4.894270647479381
11,66,0.6376259733580054,0.0,30,67,0,0,49621,0.06255562699343192,0.12437871807713165,4.842739806286713
11,67,0.7008504379832177,0.0,128,68,0,0,49647,0.06258840437199803,0.13326121386359163,4.958570204222902
11,68,0.6345112490870118,0.0,21,69,0,0,49627,0.06256319100387026,0.12389905755398069,4.839694676216483
11,69,0.689116961874386,0.0,125,70,0,0,49615,0.06254806298299358,0.1312181664955321,4.94886580951505
11,70,0.6432272832212278,0.0,64,71,0,0,49534,0.06244594884207607,0.12512901831139558,4.863718074210455
11,71,0.6429305313262043,0.0,61,72,0,0,49624,0.06255940899865109,0.1252776796720993,4.860680868568876
11,72,0.6551804366983707,0.0,105,73,0,0,49580,0.06250393958876997,0.12688630817742802,4.876315714265335
11,73,0.6510219928930256,0.0,95,74,0,0,49648,0.06258966504040442,0.12620387834801736,4.873503844393306
11,74,0.6443843033879805,0.0,70,75,0,0,49539,0.06245225218410801,0.125362367960469,4.859180370057349
11,75,0.6598182015069874,0.0,109,76,0,0,49550,0.062466119536578296,0.1275231976189118,4.886907994671338
11,76,0.5919323402293641,0.0,4,77,1,0,49455,0.06234635603797133,0.11790106128417269,4.764990770072692
11,77,0.6495193178707308,0.0,89,78,0,0,49660,0.0626047930612811,0.12587729105433323,4.871248520558228
11,78,0.6380752887547438,0.0,35,79,0,0,49602,0.06253167429371052,0.12407987211169214,4.862705195999558
11,79,0.6361408742395773,0.0,26,80,0,0,49566,0.062486290231080516,0.12438842377326689,4.837091606506106
11,80,0.6628117251291328,0.0,111,81,0,0,49663,0.06260857506650026,0.12766269195910449,4.906784929294253
11,81,0.649576914349851,0.0,90,82,0,0,49557,0.06247494421542302,0.12574156791431507,4.876279454874093
11,82,0.6316810665854666,0.0,15,83,0,0,49560,0.06247872622064218,0.12361068244744619,4.830571627405585
11,83,0.6664941417369444,0.0,114,84,0,0,49576,0.06249889691514441,0.1266548532811657,4.948238773335006
11,84,0.6550247333148594,0.0,104,85,0,0,49622,0.06255688766183831,0.12688056182417765,4.873827679346819
11,85,0.6379335915418328,0.0,32,86,0,0,49561,0.06247998688904857,0.12388397877773312,4.863849152970603
11,86,0.640874600647,0.0,51,87,0,0,49543,0.06245729485773357,0.12517219615999697,4.849487048017258
11,87,0.6430747890489963,0.0,63,88,0,0,49583,0.06250772159398914,0.12504305529923923,4.864326813890131
11,88,0.6347659345379032,0.0,22,89,0,0,49504,0.062408128789884394,0.12363484386506995,4.859072914116478
11,89,0.6324775229730537,0.0,17,90,0,0,49614,0.06254680231458719,0.12358241757028009,4.8373006868797495
11,90,0.6584985343443698,0.0,106,91,0,0,49637,0.06257579768793414,0.1268943688165642,4.9173415286208755
11,91,0.6208604944870248,0.0,11,92,1,0,49481,0.06237913341653745,0.12211677436061762,4.818332672911734
11,92,0.6538367893125786,0.0,102,93,0,0,49588,0.06251402493602108,0.1261008607299581,4.90634797307967
11,93,0.6131002564021374,0.0,7,94,1,0,49485,0.062384176090163,0.1205880763799455,4.804062909545568
11,94,0.6453146316243972,0.0,73,95,0,0,49605,0.06253545629892969,0.12530413522727607,4.876818296330055
11,95,0.6304815966450075,0.0,13,96,0,0,49536,0.06244847017888885,0.12304187805734927,4.845298173627262
11,96,0.6436611557761075,0.0,66,97,0,0,49577,0.0625001575835508,0.12546763706340006,4.849528722386309
11,97,0.6169394843213906,0.0,9,98,1,0,49476,0.0623728300745055,0.12137999561186785,4.805658895367494
11,98,0.65096694302341,0.0,94,99,0,0,49541,0.06245477352092079,0.12578185505981399,4.878892817197256
11,99,0.6708544195139128,0.0,120,100,0,0,49605,0.06253545629892969,0.12900328757844978,4.901388422346781
11,100,0.6425145955271029,0.0,58,101,0,0,49584,0.06250898226239553,0.1250549120010409,4.860649004313508
11,101,0.6456701532407145,0.0,78,102,0,0,49608,0.06253923830414886,0.12538864400109087,4.867764630894334
11,102,0.6511768975764823,0.0,96,103,0,0,49549,0.06246485886817191,0.12617534510376285,4.883830336525441
11,103,0.6455620240824019,0.0,76,104,0,0,49665,0.06261109640331304,0.12529319650730308,4.87429387859127
11,104,0.5446775928918761,0.0,1,105,1,0,49447,0.06233627069072022,0.11109824196040753,4.65547346875391
11,105,0.6399736696870575,0.0,44,106,0,0,49497,0.06239930411103967,0.12465516546843147,4.858044040431641
11,106,0.6437451826798982,0.0,67,107,0,0,49547,0.06246233753135913,0.12505832960475421,4.8683885690584745
11,107,0.6391122479012123,0.0,40,108,0,0,49521,0.06242956015279301,0.12415652925325803,4.865097751631375
11,108,0.6398545818273498,0.0,43,109,0,0,49564,0.06248376889426774,0.1247462649289953,4.855158012611671
11,109,0.6380513678131446,0.0,34,110,0,0,49624,0.06255940899865109,0.12459532073832563,4.855635615220111
11,110,0.6430581154318246,0.0,62,111,0,0,49615,0.06254806298299358,0.12529399539972372,4.867535731623239
11,111,0.6677085574586974,0.0,115,112,0,0,49644,0.06258462236677886,0.12823413802206818,4.929790477855855
11,112,0.6593350371843659,0.0,108,113,0,0,49633,0.06257075501430859,0.12776240154022558,4.882272473899232
11,113,0.6697255296170547,0.0,118,114,0,0,49640,0.06257957969315331,0.12789654886480617,4.93813007961545
11,114,0.6506026571359048,0.0,93,115,0,0,49631,0.06256823367749581,0.12619740737621293,4.872353717289583
11,115,0.6422384667068042,0.0,56,116,0,0,49679,0.06262874576100248,0.1252194303512974,4.851559207874588
11,116,0.652973695236464,0.0,100,117,0,0,49544,0.06245855552613996,0.12642321605121798,4.877480411061165
11,117,0.6173940699177193,0.0,10,118,1,0,49484,0.06238291542175661,0.12156675273885889,4.803707479325653
11,118,0.6435736501542614,0.0,65,119,0,0,49560,0.06247872622064218,0.12531831372409752,4.856589086896013
11,119,0.5675318680746315,0.0,3,120,1,0,49435,0.06232114266984355,0.11422854829969566,4.72656708810848
11,120,0.6745227438903602,0.0,122,121,0,0,49529,0.062439645500044126,0.1271556324286334,4.918107434710832
11,121,0.6390142179364229,0.0,39,122,0,0,49568,0.0624888115678933,0.12433696428802811,4.850352876588805
11,122,0.6371975827344327,0.0,29,123,0,0,49581,0.06250520025717636,0.1242838055216605,4.850982741819682
11,123,0.6367904472473785,0.0,27,124,0,0,49588,0.06251402493602108,0.1241233253502503,4.8541506317030025
11,124,0.6517686880527107,0.0,99,125,0,0,49603,0.06253293496211691,0.12621849514886477,4.874390071590264
11,125,0.6423456685099889,0.0,57,126,0,0,49596,0.06252411028327219,0.1251733966953064,4.857315170101714
11,126,0.6378937938803034,0.0,31,127,0,0,49581,0.06250520025717636,0.12445966500639934,4.846324717854068
11,127,0.645475110342637,0.0,75,128,0,0,49600,0.06252915295689775,0.125334331588031,4.882685865657315
12,0,0.47847006400700015,0.0,75,1,0,1,49604,0.0625341956305233,0.12537597290031224,3.645881890637433
12,1,0.4792454792736381,0.0,80,2,0,1,49620,0.06255436632502553,0.1255776296932429,3.6435077673892073
12,2,0.4580250229614005,0.0,7,3,1,1,49538,0.062450991515701625,0.12142226516598413,3.599394672546735
12,3,0.4711981499600127,0.0,27,4,0,1,49540,0.0624535128525144,0.12398910865632815,3.6243742013046076
12,4,0.5065508371704814,0.0,126,5,0,1,49626,0.06256193033546387,0.12823926641974412,3.70720507782394
12,5,0.4823012765293742,0.0,91,6,0,1,49538,0.062450991515701625,0.1259628357548841,3.6459382792046355
12,6,0.4929423549790086,0.0,120,7,0,1,49570,0.06249133290470608,0.126857328928732,3.6879686621763526
12,7,0.4755995540917108,0.0,54,8,0,1,49558,0.062476204883829406,0.12478331633845323,3.6380510495856435
12,8,0.4831761334031912,0.0,96,9,0,1,49572,0.062493854241518855,0.12616818326770451,3.6485685592309416
12,9,0.48360052867184,0.0,98,10,0,1,49622,0.06255688766183831,0.12645046926480363,3.6424934487927674
12,10,0.4725916503900945,0.0,36,11,0,1,49578,0.0625014182519572,0.12446060277454135,3.633105797028323
12,11,0.49206624821643424,0.0,118,12,0,1,49645,0.06258588303518525,0.12794714382062572,3.6665366148923053
12,12,0.4789778569807256,0.0,78,13,0,0,49569,0.06249007223629969,0.1253372080904126,3.649557986014906
12,13,0.47095199983108477,0.0,24,14,0,0,49481,0.06237913341653745,0.12428150409149553,3.619864938904847
12,14,0.4745447983029069,0.0,49,15,0,0,49659,0.06260353239287471,0.12432785412951668,3.6430633469762492
12,15,0.4690183618565444,0.0,18,16,0,0,49521,0.06242956015279301,0.1236068412758745,3.617472524918146
12,16,0.4746832507209987,0.0,51,17,0,0,49599,0.06252789228849136,0.12475843507555504,3.631881265735643
12,17,0.4811669545616126,0.0,86,18,0,0,49653,0.06259596838243636,0.12541266343568594,3.6700766129941687
12,18,0.4762558545654187,0.0,63,19,0,0,49616,0.06254932365139997,0.1250298283101843,3.6379643755066478
12,19,0.4804313285907997,0.0,82,20,0,0,49588,0.06251402493602108,0.12589232909847814,3.640723772735578
12,20,0.4871923056826023,0.0,110,21,0,0,49655,0.06259848971924914,0.1269708614486178,3.654881928653272
12,21,0.4825918722163281,0.0,92,22,0,0,49636,0.06257453701952775,0.12534462996413356,3.6710367068900758
12,22,0.4676200808030203,0.0,14,23,0,0,49485,0.062384176090163,0.1234217230155665,3.612228734129209
12,23,0.4734859305823048,0.0,42,24,0,0,49542,0.06245603418932718,0.12385115470699772,3.640300448627718
12,24,0.47350382915059064,0.0,43,25,0,0,49583,0.06250772159398914,0.12430495002615209,3.6346771203510224
12,25,0.4928349329295653,0.0,119,26,0,0,49642,0.06258210102996609,0.12760733570252916,3.6808579172125313
12,26,0.5413405194301709,0.0,128,27,0,0,49602,0.06253167429371052,0.1274884315491868,3.719158438504468
12,27,0.48379945737008606,0.0,100,28,0,0,49584,0.06250898226239553,0.12649352945031694,3.6533396898444908
12,28,0.4880317615240467,0.0,112,29,0,0,49638,0.06257705835634053,0.12751069892286557,3.6595862112893043
12,29,0.4821871817253696,0.0,90,30,0,0,49551,0.062467380204984685,0.12585048006195268,3.6467103688376703
12,30,0.48114533475516064,0.0,85,31,0,0,49531,0.062442166836856904,0.12574652890724392,3.6450443218081325
12,31,0.4820082958870685,0.0,88,32,0,0,49517,0.062424517479167455,0.1258644999325974,3.6521446911424604
12,32,0.4757802897891753,0.0,57,33,0,0,49551,0.062467380204984685,0.1251736499459136,3.6359656021939437
12,33,0.5032559024080073,0.0,125,34,0,0,49647,0.06258840437199803,0.12711770171617914,3.7126735802779427
12,34,0.4447903500745536,0.0,2,35,1,0,49458,0.0623501380431905,0.11860280883508244,3.5860653169693957
12,35,0.47630957154175274,0.0,64,36,0,0,49595,0.0625228496148658,0.12483159918298625,3.640826534791756
12,36,0.4688685844644491,0.0,17,37,0,0,49493,0.06239426143741412,0.1234577709158132,3.622742255790005
12,37,0.4710250145617716,0.0,25,38,0,0,49603,0.06253293496211691,0.12390617721721232,3.6306131276609275
12,38,0.4853280178254188,0.0,104,39,0,0,49574,0.06249637557833163,0.12654726311938522,3.6572018673717177
12,39,0.4846192875749515,0.0,103,40,0,0,49652,0.06259470771402997,0.12599389123080093,3.6776310883482526
12,40,0.45965778226948617,0.0,8,41,1,0,49478,0.06237535141131828,0.12193693531051225,3.599735411093163
12,41,0.4827731022924721,0.0,93,42,0,0,49555,0.06247242287861024,0.12586716390716182,3.6596032275135224
12,42,0.47050534766737573,0.0,22,43,0,0,49612,0.06254428097777441,0.12353806345023219,3.6311664577501968
12,43,0.4766667095913458,0.0,67,44,0,0,49611,0.06254302030936802,0.12492377336131422,3.6386523443428556
12,44,0.4729226662154823,0.0,40,45,0,0,49588,0.06251402493602108,0.12453647101231263,3.6283754977675997
12,45,0.4692630309068629,0.0,19,46,0,0,49478,0.06237535141131828,0.12399253355710133,3.610497293773874
12,46,0.4729069371683142,0.0,39,47,0,0,49575,0.06249763624673802,0.12372386517383598,3.634969098694295
12,47,0.4774278132233406,0.0,71,48,0,0,49553,0.06246990154179746,0.1255005143052892,3.6383828009836323
12,48,0.49442642047546403,0.0,122,49,0,0,49601,0.06253041362530413,0.12807736205473463,3.67867232833269
12,49,0.47826144308200447,0.0,74,50,0,0,49546,0.062461076862952734,0.12501402651061105,3.6463931444508884
12,50,0.47413691899177357,0.0,45,51,0,0,49619,0.06255310565661915,0.12479049334533672,3.631487429646299
12,51,0.47734001055503694,0.0,69,52,0,0,49583,0.06250772159398914,0.12511023536995886,3.6316297689300665
12,52,0.4871498526224267,0.0,109,53,0,0,49615,0.06254806298299358,0.1267854369623048,3.657464183215325
12,53,0.48301197213950753,0.0,94,54,0,0,49544,0.06245855552613996,0.12620923793531807,3.64838901386243
12,54,0.4820084121486707,0.0,89,55,0,0,49577,0.0625001575835508,0.12636017432068866,3.6452814810537992
12,55,0.48099619329919074,0.0,83,56,0,0,49627,0.06256319100387026,0.12568762602224234,3.646820186388652
12,56,0.4836766536861908,0.0,99,57,0,0,49601,0.06253041362530413,0.1257573866651202,3.6831350872429565
12,57,0.48146725722473027,0.0,87,58,0,0,49642,0.06258210102996609,0.1260502619838739,3.650729062622199
12,58,0.4742519040187373,0.0,46,59,0,0,49547,0.06246233753135913,0.12436511989126604,3.6345036248077642
12,59,0.4722203171156115,0.0,33,60,0,0,49687,0.06263883110825359,0.1243237342012859,3.627962705350482
12,60,0.4844771341681334,0.0,102,61,0,0,49591,0.06251780694124025,0.1264578610078642,3.651376676440056
12,61,0.48965481706657266,0.0,114,62,0,0,49626,0.06256193033546387,0.12608961134594857,3.6777215753323915
12,62,0.47181547637493637,0.0,30,63,0,0,49577,0.0625001575835508,0.12437616440154742,3.62121060538597
12,63,0.47194642290891636,0.0,31,64,0,0,49630,0.06256697300908942,0.12423228840590418,3.6486259412245894
12,64,0.47587195523340714,0.0,59,65,0,0,49579,0.06250267892036358,0.12523397170370149,3.6326781375830928
12,65,0.47642345018868737,0.0,65,66,0,0,49591,0.06251780694124025,0.12479698791902687,3.636885561392182
12,66,0.4885921284149847,0.0,113,67,0,0,49648,0.06258966504040442,0.12713923557293658,3.6698259195031495
12,67,0.47561783803477875,0.0,55,68,0,0,49539,0.06245225218410801,0.12518253779493854,3.628357126838447
12,68,0.4916850629819673,0.0,117,69,0,0,49677,0.0626262244241897,0.12770655965869154,3.6754081041738296
12,69,0.4811083754554315,0.0,84,70,0,0,49634,0.06257201568271498,0.12638826884594115,3.6339663786925858
12,70,0.4694291415224162,0.0,21,71,0,0,49532,0.06244342750526329,0.12349813306153026,3.6255866122654226
12,71,0.47218838011187975,0.0,32,72,0,0,49575,0.06249763624673802,0.1239882971831812,3.630351845668641
12,72,0.48607124951063607,0.0,106,73,0,0,49623,0.0625581483302447,0.1268558634326345,3.652790419458592
12,73,0.506859604471852,0.0,127,74,0,0,49614,0.06254680231458719,0.1298672768370743,3.6895871183568167
12,74,0.4784869086248214,0.0,76,75,0,0,49584,0.06250898226239553,0.12582180004163604,3.6324545496555447
12,75,0.46618008261676563,0.0,11,76,1,0,49503,0.062406868121478005,0.1234567894173097,3.614111181010998
12,76,0.47278254973366735,0.0,38,77,0,0,49638,0.06257705835634053,0.1241900946467189,3.6348353602193404
12,77,0.4774116157981967,0.0,70,78,0,0,49570,0.06249133290470608,0.12482969515410394,3.6397018691868426
12,78,0.4866963997725157,0.0,108,79,0,0,49634,0.06257201568271498,0.127121281931957,3.648831522735397
12,79,0.4779633231185393,0.0,73,80,0,0,49628,0.06256445167227664,0.12536666176191869,3.637283296827901
12,80,0.45799860829525924,0.0,6,81,1,0,49468,0.06236274472725439,0.12168178239335292,3.5944608325454688
12,81,0.4765398452176753,0.0,66,82,0,0,49615,0.06254806298299358,0.1252112125348858,3.63261207444995
12,82,0.46169957356731245,0.0,9,83,1,0,49494,0.06239552210582051,0.12230297515044068,3.6098498442727647
12,83,0.47105005890161106,0.0,26,84,0,0,49643,0.06258336169837247,0.1239084374932353,3.624701062145572
12,84,0.45559546253221567,0.0,4,85,1,0,49474,0.062370308737692726,0.12103880385058384,3.5942129621588075
12,85,0.47888332814223306,0.0,77,86,0,0,49556,0.06247368354701663,0.1254401937119145,3.641903141074793
12,86,0.47586710075294275,0.0,58,87,0,0,49520,0.06242829948438662,0.12446872788200813,3.644548781589379
12,87,0.466699348661158,0.0,13,88,0,0,49511,0.06241695346872912,0.12304464166152955,3.6145083653156087
12,88,0.4474679006236133,0.0,3,89,1,0,49472,0.06236778740087995,0.11923266347696647,3.604282543426834
12,89,0.4688282517116558,0.0,16,90,0,0,49527,0.06243712416323135,0.1234192060254806,3.6297094422595966
12,90,0.45616897278220286,0.0,5,91,1,0,49480,0.06237787274813106,0.12101318423347149,3.6040169010302368
12,91,0.47467489060787926,0.0,50,92,0,0,49644,0.06258462236677886,0.12481556818011229,3.6342122713653735
12,92,0.47452935857214146,0.0,48,93,0,0,49617,0.06255058431980637,0.12445847922432102,3.6393438067455857
12,93,0.4715123049683523,0.0,29,94,0,0,49562,0.06248124755745496,0.12418327621664176,3.620161356141283
12,94,0.4744913345811558,0.0,47,95,0,0,49532,0.06244342750526329,0.12476160025165726,3.631302467316629
12,95,0.48316458616718266,0.0,95,96,0,0,49654,0.06259722905084275,0.12604597071180082,3.6606459315742805
12,96,0.4735461387714845,0.0,44,97,0,0,49583,0.06250772159398914,0.12448794938690172,3.628649343511502
12,97,0.4761056471733282,0.0,61,98,0,0,49585,0.06251024293080192,0.12500817624532198,3.635652499876322
12,98,0.4896864814300905,0.0,115,99,0,0,49622,0.06255688766183831,0.12758576739584696,3.654627696600433
12,99,0.480188513223784,0.0,81,100,0,0,49599,0.06252789228849136,0.12551639436703277,3.648714186629264
12,100,0.4976502810945185,0.0,123,101,0,0,49579,0.06250267892036358,0.12934666559260646,3.6691555193947263
12,101,0.4726321451528182,0.0,37,102,0,0,49572,0.062493854241518855,0.12434517999214155,3.6538583004932446
12,102,0.4370033148783555,0.0,1,103,1,0,49471,0.06236652673247356,0.11824074609384008,3.54285753303936
12,103,0.47071585307479297,0.0,23,104,0,0,49589,0.06251528560442747,0.12392543042594524,3.627003045355852
12,104,0.4628977289216699,0.0,10,105,1,0,49504,0.062408128789884394,0.12209608083105186,3.6106715312762976
12,105,0.47136277423213313,0.0,28,106,0,0,49525,0.062434602826418564,0.12392827409421597,3.6338488867568306
12,106,0.4762415688418324,0.0,62,107,0,0,49556,0.06247368354701663,0.12483011112396636,3.6419460615264696
12,107,0.467957488264285,0.0,15,108,0,0,49501,0.06240434678466523,0.12306078982441773,3.6284927083470047
12,108,0.48748779956114136,0.0,111,109,0,0,49614,0.06254680231458719,0.1262838256658331,3.6800339443618344
12,109,0.47255251823030986,0.0,35,110,0,0,49497,0.06239930411103967,0.1244642786208775,3.627186106004632
12,110,0.4760247034081978,0.0,60,111,0,0,49600,0.06252915295689775,0.12462089411403623,3.6414555241728856
12,111,0.4747974431272685,0.0,52,112,0,0,49571,0.062492593573112466,0.12449005055967523,3.639754255321689
12,112,0.4838375331074415,0.0,101,113,0,0,49662,0.06260731439809387,0.12647710412549876,3.650493782731852
12,113,0.4730993514639856,0.0,41,114,0,0,49593,0.06252032827805303,0.1243031340833242,3.6348109017699723
12,114,0.4665675423067762,0.0,12,115,1,0,49499,0.06240182544785245,0.12243101174229817,3.625123212549839
12,115,0.4835932502856382,0.0,97,116,0,0,49589,0.06251528560442747,0.1253510397385096,3.659203939525579
12,116,0.4778567900483645,0.0,72,117,0,0,49535,0.06244720951048246,0.1247426976483724,3.6526666692759417
12,117,0.4756548266280758,0.0,56,118,0,0,49539,0.06245225218410801,0.12476380918367568,3.6396588607604587
12,118,0.48557489156742983,0.0,105,119,0,0,49589,0.06251528560442747,0.12660637064290114,3.655789263894299
12,119,0.47246498328077713,0.0,34,120,0,0,49501,0.06240434678466523,0.12441533974934715,3.633928395663048
12,120,0.48659291496724705,0.0,107,121,0,0,49608,0.06253923830414886,0.12610578192877805,3.675524959623723
12,121,0.4935112732595256,0.0,121,122,0,0,49637,0.06257579768793414,0.12759513060993874,3.6791786627480296
12,122,0.4978982254390022,0.0,124,123,0,0,49645,0.06258588303518525,0.1265847388800147,3.71073291805136
12,123,0.47490239205951906,0.0,53,124,0,0,49559,0.062477465552235795,0.12492328098428626,3.6336999470703617
12,124,0.46931840992428747,0.0,20,125,0,0,49484,0.06238291542175661,0.12338157797667555,3.6263128153815343
12,125,0.4790223996288101,0.0,79,126,0,0,49575,0.06249763624673802,0.12541055761521896,3.6419484546535235
12,126,0.4769014754682373,0.0,68,127,0,0,49635,0.06257327635112137,0.12483210147273009,3.644233277802761
12,127,0.4913773288511904,0.0,116,128,0,0,49585,0.06251024293080192,0.12753340828451187,3.6695226190914703
13,0,0.4538630897440204,0.0,110,1,0,1,49619,0.06255310565661915,0.12549020540290615,3.4404870621173647
13,1,0.4401630495347917,0.0,30,2,0,1,49572,0.062493854241518855,0.12458337087715195,3.3725349141877374
13,2,0.4539089455617456,0.0,111,3,0,1,49557,0.06247494421542302,0.12681620451238804,3.4045963046548575
13,3,0.4481586523136377,0.0,82,4,0,1,49600,0.06252915295689775,0.12550385585941015,3.389945019095119
13,4,0.4446261672686622,0.0,59,5,0,1,49611,0.06254302030936802,0.1247253838231746,3.381594097996016
13,5,0.42750567786892435,0.0,7,6,1,1,49512,0.06241821413713551,0.12062327477541215,3.349870586326293
13,6,0.4369920068824639,0.0,20,7,0,1,49526,0.06243586349482495,0.12446820540911403,3.349634306767288
13,7,0.45327334054332413,0.0,108,8,0,1,49568,0.0624888115678933,0.12661293097002116,3.4059002603071513
13,8,0.443086150150946,0.0,49,9,0,1,49626,0.06256193033546387,0.124494175407745,3.376452514142356
13,9,0.4492137047960457,0.0,92,10,0,1,49649,0.06259092570881081,0.1263785290244308,3.3854206332428682
13,10,0.45414520746522336,0.0,112,11,0,1,49576,0.06249889691514441,0.12702886561872292,3.3961493220219787
13,11,0.44858545550710205,0.0,89,12,0,1,49565,0.06248502956267413,0.12500098099028092,3.4203694738184924
13,12,0.44949432088760594,0.0,94,13,0,0,49622,0.06255688766183831,0.12610916041719425,3.3882049398095893
13,13,0.440737819728215,0.0,32,14,0,0,49497,0.06239930411103967,0.12413641603233323,3.375172873251052
13,14,0.45105882776426387,0.0,102,15,0,0,49584,0.06250898226239553,0.12653695010256608,3.3900741958551377
13,15,0.44301338584404154,0.0,48,16,0,0,49615,0.06254806298299358,0.1250602568310814,3.3746119845568274
13,16,0.4528104999846122,0.0,106,17,0,0,49667,0.06261361774012582,0.12666086049727082,3.3961937969450284
13,17,0.45516746302578215,0.0,115,18,0,0,49622,0.06255688766183831,0.12633259895353258,3.39757166017292
13,18,0.4571611611218224,0.0,119,19,0,0,49609,0.06254049897255524,0.12622819254063503,3.419508553076138
13,19,0.44875904557167984,0.0,91,20,0,0,49690,0.06264261311347276,0.1261925016807437,3.386038742321454
13,20,0.4324539757025842,0.0,10,21,1,0,49478,0.06237535141131828,0.1221734581055461,3.3713397125531848
13,21,0.4499675266253594,0.0,97,22,0,0,49567,0.06248755089948691,0.1257804310009066,3.387996765103067
13,22,0.4484924954752014,0.0,88,23,0,0,49604,0.0625341956305233,0.12619648201922212,3.377170040075006
13,23,0.460682034771965,0.0,123,24,0,0,49572,0.062493854241518855,0.12817648634188136,3.4197443006806085
13,24,0.45617551776513665,0.0,116,25,0,0,49573,0.062495114909925244,0.12735246254766833,3.396164965894833
13,25,0.45697779407808736,0.0,118,26,0,0,49614,0.06254680231458719,0.1272188416569668,3.4061249312642334
13,26,0.43848440919199017,0.0,24,27,0,0,49599,0.06252789228849136,0.1247073018501444,3.3614664779804264
13,27,0.4419162887398497,0.0,40,28,0,0,49561,0.06247998688904857,0.1244932800903533,3.388768612161541
13,28,0.44828032974336807,0.0,84,29,0,0,49522,0.0624308208211994,0.1257824333976879,3.381333729097902
13,29,0.4448162977342902,0.0,60,30,0,0,49604,0.0625341956305233,0.12494488989468852,3.386756032668819
13,30,0.44774599601109044,0.0,78,31,0,0,49604,0.0625341956305233,0.12516276149775235,3.3993248637393543
13,31,0.4621103034132174,0.0,124,32,0,0,49606,0.06253671696733608,0.1290194072432052,3.401453396716846
13,32,0.44371631055362726,0.0,50,33,0,0,49599,0.06252789228849136,0.12504198612844794,3.3750553443082754
13,33,0.4419509691420737,0.0,41,34,0,0,49522,0.0624308208211994,0.12415486253349818,3.374209853803792
13,34,0.43589315239632,0.0,15,35,0,0,49518,0.06242577814757384,0.12337711068390332,3.363524328028239
13,35,0.4510329452161057,0.0,101,36,0,0,49622,0.06255688766183831,0.12639613400257826,3.3917101892974615
13,36,0.43736814850635874,0.0,21,37,0,0,49559,0.062477465552235795,0.12430207373695736,3.3548103727975818
13,37,0.3890550738827957,0.0,1,38,1,0,49440,0.062327446011875495,0.11385098385525126,3.2639988844308987
13,38,0.4355878603423344,0.0,14,39,0,0,49509,0.062414432131916345,0.12290662175778092,3.365897176415998
13,39,0.4458323470046323,0.0,69,40,0,0,49508,0.062413171463509956,0.12460276461140536,3.38787292926522
13,40,0.39588760657351846,0.0,2,41,1,0,49441,0.062328706680281884,0.11547453164896392,3.28455980435181
13,41,0.4550680747250508,0.0,114,42,0,0,49658,0.06260227172446832,0.12772612869677266,3.399949863513237
13,42,0.4454449891795063,0.0,65,43,0,0,49532,0.06244342750526329,0.12514374369357076,3.387679978987855
13,43,0.4599274739238376,0.0,122,44,0,0,49590,0.06251654627283386,0.1279359711236451,3.4063889071243305
13,44,0.44582382057336656,0.0,68,45,0,0,49631,0.06256823367749581,0.12531877554720713,3.387817300253601
13,45,0.4530048857459326,0.0,107,46,0,0,49524,0.062433342158012176,0.12674742876729944,3.39370782152022
13,46,0.4449799691375592,0.0,61,47,0,0,49621,0.06255562699343192,0.12553527719694615,3.3759504972496757
13,47,0.440985934825503,0.0,34,48,0,0,49532,0.06244342750526329,0.12419719395533758,3.3771628819799244
13,48,0.4414965141533367,0.0,37,49,0,0,49596,0.06252411028327219,0.12458081036633797,3.368147397004055
13,49,0.44381857444602946,0.0,51,50,0,0,49626,0.06256193033546387,0.12475011576534131,3.3779790103917993
13,50,0.444114279651084,0.0,53,51,0,0,49611,0.06254302030936802,0.1253940321662984,3.370397024025807
13,51,0.4459884871961193,0.0,72,52,0,0,49604,0.0625341956305233,0.125206331992425,3.394190888236052
13,52,0.447789279910345,0.0,79,53,0,0,49617,0.06255058431980637,0.1257391429105329,3.3889862218852693
13,53,0.4479904901389816,0.0,81,54,0,0,49608,0.06253923830414886,0.1260607002645135,3.3852475258405557
13,54,0.44419369214021875,0.0,55,55,0,0,49630,0.06256697300908942,0.12540988567664862,3.3754616608610277
13,55,0.4458568768990837,0.0,70,56,0,0,49575,0.06249763624673802,0.12496975872141511,3.3909542216774504
13,56,0.4473693551770757,0.0,77,57,0,0,49585,0.06251024293080192,0.12533941071071433,3.3913670632813346
13,57,0.43146713101835193,0.0,8,58,1,0,49582,0.06250646092558275,0.12249225452603163,3.356053395824675
13,58,0.4510804736934945,0.0,103,59,0,0,49576,0.06249889691514441,0.12616263566540495,3.3912041424486166
13,59,0.4427033940375074,0.0,44,60,0,0,49587,0.06251276426761469,0.12431556249245222,3.3666020297605943
13,60,0.4397013475549781,0.0,28,61,0,0,49549,0.06246485886817191,0.12415846799692738,3.371484346118246
13,61,0.44277843268173644,0.0,46,62,0,0,49614,0.06254680231458719,0.1252354066330897,3.3751345954749183
13,62,0.41928219422198443,0.0,3,63,1,0,49522,0.0624308208211994,0.12039258960068928,3.3265782456874344
13,63,0.4413424012744933,0.0,36,64,0,0,49568,0.0624888115678933,0.1246110607054565,3.3694993803799624
13,64,0.42183684862607707,0.0,4,65,1,0,49522,0.0624308208211994,0.11986654910306829,3.340199017760424
13,65,0.44215199166507474,0.0,42,66,0,0,49566,0.062486290231080516,0.1250563602535589,3.379176613283679
13,66,0.44538394504052603,0.0,64,67,0,0,49643,0.06258336169837247,0.1251090801836562,3.398504251479389
13,67,0.4352448428669199,0.0,12,68,1,0,49498,0.06240056477944606,0.12343537468393039,3.358302798889142
13,68,0.44830961516062917,0.0,85,69,0,0,49598,0.06252663162008497,0.12517960664294828,3.398170209148772
13,69,0.44259382849856677,0.0,43,70,0,0,49594,0.06252158894645941,0.12423662826909082,3.3768604347824835
13,70,0.4402740230084054,0.0,31,71,0,0,49482,0.062380394084943835,0.12427777465662353,3.3709213855654636
13,71,0.43796287905787534,0.0,23,72,0,0,49573,0.062495114909925244,0.12386908151282698,3.3635359360900523
13,72,0.4591144351929073,0.0,121,73,0,0,49573,0.062495114909925244,0.12725468365140716,3.4083759415288437
13,73,0.4486158761432621,0.0,90,74,0,0,49501,0.06240434678466523,0.1264371799265534,3.3835108201685826
13,74,0.44273623519316385,0.0,45,75,0,0,49628,0.06256445167227664,0.1252730597019108,3.3724530493503977
13,75,0.4493942949919959,0.0,93,76,0,0,49514,0.06242073547394829,0.12617443995907274,3.3871693792662665
13,76,0.43867744796367747,0.0,25,77,0,0,49607,0.06253797763574247,0.12382849009212424,3.3657538683554185
13,77,0.44626115755084195,0.0,74,78,0,0,49615,0.06254806298299358,0.12495188448166283,3.391504318672417
13,78,0.4386886398773932,0.0,26,79,0,0,49541,0.06245477352092079,0.12430517590131532,3.363989748144209
13,79,0.4513017692428055,0.0,104,80,0,0,49607,0.06253797763574247,0.1266789286997922,3.3916274628543013
13,80,0.4633154827912911,0.0,128,81,0,0,49502,0.06240560745307162,0.12687168064691684,3.435964845394905
13,81,0.43223572248907277,0.0,9,82,1,0,49512,0.06241821413713551,0.12189110360270233,3.36494223852693
13,82,0.44701415136916145,0.0,75,83,0,0,49635,0.06257327635112137,0.1257984808391992,3.3805593916357277
13,83,0.44459184976208344,0.0,58,84,0,0,49616,0.06254932365139997,0.1249490978715984,3.3821103785376057
13,84,0.4398060538096181,0.0,29,85,0,0,49513,0.0624194748055419,0.12420512753445737,3.3697552206819403
13,85,0.4418260326919607,0.0,39,86,0,0,49565,0.06248502956267413,0.12466869895563204,3.3781928665886327
13,86,0.4367397387743329,0.0,17,87,0,0,49461,0.062353920048409665,0.1230389703074873,3.3730900299121083
13,87,0.433478666031016,0.0,11,88,1,0,49555,0.06247242287861024,0.12296077980279424,3.3587311239918702
13,88,0.4456768719369101,0.0,66,89,0,0,49606,0.06253671696733608,0.12512705748349479,3.3825656175349805
13,89,0.44121998003911195,0.0,35,90,0,0,49496,0.062398043442633284,0.12438427950555878,3.3674044567757355
13,90,0.4625377903701359,0.0,125,91,0,0,49625,0.06256066966705748,0.1290500424949438,3.403656363014732
13,91,0.4495079892102765,0.0,95,92,0,0,49620,0.06255436632502553,0.1253995328798893,3.392503724166123
13,92,0.44164459072963774,0.0,38,93,0,0,49603,0.06253293496211691,0.12509845722720328,3.3679037931009583
13,93,0.43766620804681616,0.0,22,94,0,0,49580,0.06250393958876997,0.1233736110009259,3.367012713971325
13,94,0.4457003785618647,0.0,67,95,0,0,49630,0.06256697300908942,0.12600059661535354,3.373238300565874
13,95,0.4548527629417378,0.0,113,96,0,0,49553,0.06246990154179746,0.1276265948004142,3.387126227034531
13,96,0.4482491471014334,0.0,83,97,0,0,49626,0.06256193033546387,0.12613379895613236,3.3845671428635855
13,97,0.4631877522965687,0.0,127,98,0,0,49644,0.06258462236677886,0.12858255901179194,3.4122540063611333
13,98,0.43556790807762613,0.0,13,99,0,0,49508,0.062413171463509956,0.12339133926647483,3.362449746647066
13,99,0.44441700059134853,0.0,56,100,0,0,49596,0.06252411028327219,0.12485038169265858,3.37601533835623
13,100,0.456736019063957,0.0,117,101,0,0,49614,0.06254680231458719,0.1277219739516157,3.399085641942873
13,101,0.45372966411091786,0.0,109,102,0,0,49624,0.06255940899865109,0.1264765478893406,3.4005290749234898
13,102,0.4428993317041965,0.0,47,103,0,0,49593,0.06252032827805303,0.12539257308349874,3.3709143324708557
13,103,0.4369593203461209,0.0,19,104,0,0,49525,0.062434602826418564,0.1234814859965439,3.369011409533799
13,104,0.44734556609126236,0.0,76,105,0,0,49530,0.062440906168450515,0.12476026460896164,3.395927934465139
13,105,0.4263552315124752,0.0,6,106,1,0,49486,0.06238543675856939,0.12152121685118895,3.3448730610873847
13,106,0.4589910234412869,0.0,120,107,0,0,49639,0.06257831902474692,0.12801440726516805,3.4038029710868596
13,107,0.4626065355743362,0.0,126,108,0,0,49615,0.06254806298299358,0.12837600663374157,3.41459513636758
13,108,0.44527933162272115,0.0,63,109,0,0,49617,0.06255058431980637,0.1254195545030432,3.3757631921159863
13,109,0.45061896178409744,0.0,100,110,0,0,49631,0.06256823367749581,0.12559672480291867,3.3902788275469047
13,110,0.44793560401200694,0.0,80,111,0,0,49553,0.06246990154179746,0.12526721748286096,3.3861940987874193
13,111,0.43629163326498943,0.0,16,112,0,0,49528,0.06243838483163774,0.12380440334666552,3.3585399643468743
13,112,0.4450671579873175,0.0,62,113,0,0,49538,0.062450991515701625,0.12504062064753355,3.3764494674470282
13,113,0.4501432651841351,0.0,98,114,0,0,49597,0.06252537095167858,0.12597352898105768,3.3998209092970013
13,114,0.4497320865058864,0.0,96,115,0,0,49661,0.06260605372968749,0.1259739211270636,3.389251440479934
13,115,0.44086013869919727,0.0,33,116,0,0,49508,0.062413171463509956,0.1239188801892038,3.379117342132016
13,116,0.4458974113819138,0.0,71,117,0,0,49605,0.06253545629892969,0.12544458179426085,3.382466692848255
13,117,0.43680832897179955,0.0,18,118,0,0,49520,0.06242829948438662,0.12425548271524309,3.359409094439459
13,118,0.4441784864994729,0.0,54,119,0,0,49644,0.06258462236677886,0.12479626256153864,3.3802565089599304
13,119,0.4483850300561898,0.0,86,120,0,0,49556,0.06247368354701663,0.12570634178557322,3.392676361285617
13,120,0.45197100878133195,0.0,105,121,0,0,49691,0.06264387378187915,0.12645558931368447,3.404121490703953
13,121,0.44448426420017045,0.0,57,122,0,0,49596,0.06252411028327219,0.12543139595289604,3.375405700171723
13,122,0.4237054499357491,0.0,5,123,1,0,49477,0.06237409074291189,0.11972743798325362,3.331909856305988
13,123,0.4461322129025704,0.0,73,124,0,0,49549,0.06246485886817191,0.12523370598605232,3.3830331911718914
13,124,0.4504813372922273,0.0,99,125,0,0,49609,0.06254049897255524,0.12564927722607153,3.4003657300304457
13,125,0.4438254181478094,0.0,52,126,0,0,49598,0.06252663162008497,0.12543695335892663,3.3677116915180796
13,126,0.4484546984632569,0.0,87,127,0,0,49639,0.06257831902474692,0.12485911777086281,3.40338995382109
13,127,0.4393706230228838,0.0,27,128,0,0,49542,0.06245603418932718,0.12323534546976343,3.375004872302771
14,0,0.43124133328819797,0.0,76,1,0,1,49637,0.06257579768793414,0.12445812732263319,3.2705630129525023
14,1,0.43121941134053754,0.0,75,2,0,1,49647,0.06258840437199803,0.12523637021201953,3.2419340285201894
14,2,0.4206284873690675,0.0,14,3,0,1,49555,0.06247242287861024,0.1233771598306906,3.2261938735122184
14,3,0.4291743927424863,0.0,55,4,0,1,49539,0.06245225218410801,0.12409999176378055,3.233454750352018
14,4,0.43495508478011224,0.0,97,5,0,1,49607,0.06253797763574247,0.12670199101136362,3.2521332148050304
14,5,0.4395821040297599,0.0,114,6,0,1,49616,0.06254932365139997,0.126642451499752,3.2594571002263306
14,6,0.42431946146589566,0.0,27,7,0,1,49558,0.062476204883829406,0.12408755022246597,3.243107606089165
14,7,0.44095817030277024,0.0,115,8,0,1,49640,0.06257957969315331,0.12740830621942142,3.2561695171442735
14,8,0.4292254757874011,0.0,56,9,0,1,49492,0.06239300076900773,0.12519647967492833,3.2357085002751163
14,9,0.42473582089260387,0.0,29,10,0,1,49622,0.06255688766183831,0.12422537361024875,3.2238777225020727
14,10,0.43026821322872566,0.0,66,11,0,1,49499,0.06240182544785245,0.12479980067512927,3.233943919708743
14,11,0.41978137513617897,0.0,10,12,1,1,49576,0.06249889691514441,0.12332640367269135,3.2290026920025205
14,12,0.42248279895831936,0.0,18,13,0,0,49651,0.06259344704562358,0.12352715770989475,3.2316863753537173
14,13,0.4603842666331047,0.0,127,14,0,0,49652,0.06259470771402997,0.13061284059680406,3.3212908532139767
14,14,0.4423483803783265,0.0,116,15,0,0,49592,0.06251906760964664,0.1274067557397025,3.258059453489343
14,15,0.42631203828513214,0.0,39,16,0,0,49513,0.0624194748055419,0.12470057050698653,3.243471161375298
14,16,0.43074565821520916,0.0,70,17,0,0,49570,0.06249133290470608,0.12567487914024633,3.2434686669997634
14,17,0.4477725890477879,0.0,125,18,0,0,49654,0.06259722905084275,0.12658336728496683,3.2871477259603132
14,18,0.427975938575895,0.0,44,19,0,0,49532,0.06244342750526329,0.12504316330471843,3.2367624164668443
14,19,0.4285207224509797,0.0,49,20,0,0,49510,0.062415692800322733,0.1247930111574023,3.2384133520066674
14,20,0.4312034186041262,0.0,72,21,0,0,49604,0.0625341956305233,0.12495428737931184,3.252724155162824
14,21,0.43308158894479043,0.0,89,22,0,0,49563,0.06248250822586135,0.12524822744974992,3.2460254735774066
14,22,0.4346269127702725,0.0,96,23,0,0,49641,0.0625808403615597,0.12553486912262984,3.259346386560147
14,23,0.4303307980298489,0.0,67,24,0,0,49603,0.06253293496211691,0.12496378013158838,3.2403953381287387
14,24,0.43349582351246924,0.0,94,25,0,0,49550,0.062466119536578296,0.12599519705631057,3.2421205441715624
14,25,0.42559727299225286,0.0,35,26,0,0,49539,0.06245225218410801,0.12378834035625365,3.230896856277052
14,26,0.41035163795164803,0.0,5,27,1,0,49482,0.062380394084943835,0.1215446790190593,3.2065805089544708
14,27,0.42327999961473844,0.0,25,28,0,0,49581,0.06250520025717636,0.12377570277168863,3.2235564083014823
14,28,0.4298123149645605,0.0,63,29,0,0,49616,0.06254932365139997,0.1260673583678561,3.2391770837618825
14,29,0.43223175927575386,0.0,85,30,0,0,49586,0.0625115035992083,0.12526830605328929,3.2523437134575808
14,30,0.4381947183085426,0.0,112,31,0,0,49633,0.06257075501430859,0.12627091547623814,3.256930042639718
14,31,0.4312177941030326,0.0,74,32,0,0,49611,0.06254302030936802,0.12521489627594892,3.246539062974148
14,32,0.43647740671612784,0.0,102,33,0,0,49617,0.06255058431980637,0.12566131605631436,3.2585009220507732
14,33,0.4334573814438386,0.0,93,34,0,0,49614,0.06254680231458719,0.12559554912994617,3.2441186387176746
14,34,0.43659144490706264,0.0,104,35,0,0,49600,0.06252915295689775,0.12699853032821745,3.237501067981874
14,35,0.4034217613845107,0.0,4,36,1,0,49474,0.062370308737692726,0.11993620857905797,3.1801813104674768
14,36,0.42827524348732976,0.0,47,37,0,0,49589,0.06251528560442747,0.1250049942547835,3.2336001822865685
14,37,0.4435615766167762,0.0,120,38,0,0,49618,0.06255184498821276,0.12746927754436507,3.260734065438197
14,38,0.4289870242963548,0.0,53,39,0,0,49536,0.06244847017888885,0.12521811895422458,3.2433235627123684
14,39,0.4226479414131363,0.0,19,40,0,0,49497,0.06239930411103967,0.12330701118849362,3.2235589592852474
14,40,0.46042751064188353,0.0,128,41,0,0,49661,0.06260605372968749,0.13072553665607176,3.292927231149211
14,41,0.4188820681067631,0.0,9,42,1,0,49555,0.06247242287861024,0.12242464927313529,3.209214946386881
14,42,0.4313316564191201,0.0,77,43,0,0,49605,0.06253545629892969,0.12517491245122056,3.2385483765117073
14,43,0.4031762247186047,0.0,3,44,1,0,49470,0.06236526606406717,0.11982513262824576,3.194472872367339
14,44,0.4199513657113865,0.0,11,45,1,0,49517,0.062424517479167455,0.12317254134230825,3.232160692262706
14,45,0.43670155024068436,0.0,105,46,0,0,49645,0.06258588303518525,0.12600705514265484,3.2547193504303014
14,46,0.435296884522235,0.0,98,47,0,0,49622,0.06255688766183831,0.126220800385748,3.2532007788463106
14,47,0.4326914591000378,0.0,87,48,0,0,49605,0.06253545629892969,0.12536241046497806,3.244352771229876
14,48,0.4204113384546133,0.0,13,49,0,0,49504,0.062408128789884394,0.12322143438383476,3.222989471475172
14,49,0.42915098334018975,0.0,54,50,0,0,49549,0.06246485886817191,0.12460710407606344,3.2388845462590705
14,50,0.4443471073682635,0.0,122,51,0,0,49638,0.06257705835634053,0.12792102248591058,3.263177248093547
14,51,0.4271783399452862,0.0,41,52,0,0,49616,0.06254932365139997,0.12418411103797573,3.2357923405084605
14,52,0.43744121526946855,0.0,111,53,0,0,49601,0.06253041362530413,0.12672107269420907,3.2481175482582203
14,53,0.4435890908698494,0.0,121,54,0,0,49611,0.06254302030936802,0.12690267276062936,3.2611127107003353
14,54,0.4295105603397431,0.0,60,55,0,0,49599,0.06252789228849136,0.12460746849741569,3.2372120288961743
14,55,0.4229121839174778,0.0,21,56,0,0,49598,0.06252663162008497,0.12346804207392541,3.2313217939757686
14,56,0.42884524588407663,0.0,51,57,0,0,49669,0.0626161390769386,0.12461116674925374,3.2459865557929906
14,57,0.42943426304423715,0.0,59,58,0,0,49484,0.06238291542175661,0.12534799208222897,3.242683168472328
14,58,0.42927872885371304,0.0,57,59,0,0,49600,0.06252915295689775,0.1245396870605257,3.2613328991635475
14,59,0.442839890580418,0.0,119,60,0,0,49513,0.0624194748055419,0.12832741649737922,3.255909622975444
14,60,0.43341402795861306,0.0,92,61,0,0,49577,0.0625001575835508,0.12505899501845463,3.2388008580794154
14,61,0.41182512043322494,0.0,6,62,1,0,49529,0.062439645500044126,0.1208542831364571,3.201994703299741
14,62,0.4354164542161067,0.0,99,63,0,0,49602,0.06253167429371052,0.12571831476213324,3.2414656601876812
14,63,0.425364588551782,0.0,33,64,0,0,49490,0.06239047943219495,0.12415750342206516,3.2327605513186692
14,64,0.4282677552624715,0.0,46,65,0,0,49643,0.06258336169837247,0.12496962201218252,3.249317771075001
14,65,0.42974760758292047,0.0,62,66,0,0,49620,0.06255436632502553,0.12576352005412653,3.2392795495907944
14,66,0.4427238963502415,0.0,118,67,0,0,49597,0.06252537095167858,0.12705019282532629,3.2726515802803737
14,67,0.43702369820352294,0.0,108,68,0,0,49558,0.062476204883829406,0.12579089642557692,3.2598742856185776
14,68,0.43292775746859546,0.0,88,69,0,0,49552,0.062468640873391074,0.12606199203772303,3.23862618285834
14,69,0.42604948378629764,0.0,38,70,0,0,49598,0.06252663162008497,0.1243591825619924,3.2257587595192874
14,70,0.435894441685198,0.0,101,71,0,0,49580,0.06250393958876997,0.12604896273890742,3.252891258034056
14,71,0.42847555733131226,0.0,48,72,0,0,49577,0.0625001575835508,0.12456846064285776,3.234613461223464
14,72,0.4394184026298581,0.0,113,73,0,0,49606,0.06253671696733608,0.12688163080697398,3.2534454893378593
14,73,0.42502404632937035,0.0,31,74,0,0,49520,0.06242829948438662,0.12462724233001038,3.2182506293908535
14,74,0.4207823926383354,0.0,15,75,0,0,49597,0.06252537095167858,0.12367818625046527,3.226456645558784
14,75,0.42778167909363024,0.0,42,76,0,0,49563,0.06248250822586135,0.1243662612843123,3.2360293206265602
14,76,0.43207358911024274,0.0,83,77,0,0,49492,0.06239300076900773,0.1257454852378924,3.2377001414366244
14,77,0.4312130669366897,0.0,73,78,0,0,49563,0.06248250822586135,0.12446080133924112,3.2359960611327203
14,78,0.43173116682572404,0.0,80,79,0,0,49609,0.06254049897255524,0.1259801405820645,3.244963606103646
14,79,0.4256338758207502,0.0,36,80,0,0,49602,0.06253167429371052,0.1246424612350088,3.234897876334152
14,80,0.43693334738150325,0.0,107,81,0,0,49660,0.0626047930612811,0.12711655400133423,3.2418871164003744
14,81,0.42555396034017084,0.0,34,82,0,0,49509,0.062414432131916345,0.12454090081223021,3.22655597899103
14,82,0.38323227443909247,0.0,1,83,1,0,49458,0.0623501380431905,0.1151001588949857,3.158673193469147
14,83,0.43317807587362006,0.0,90,84,0,0,49593,0.06252032827805303,0.12550245129555498,3.2428632562315713
14,84,0.42986872955301814,0.0,65,85,0,0,49599,0.06252789228849136,0.12508617968057642,3.237239637603726
14,85,0.43135212832256614,0.0,78,86,0,0,49558,0.062476204883829406,0.1264984815478362,3.2370697899282392
14,86,0.4369134032809152,0.0,106,87,0,0,49603,0.06253293496211691,0.12619353895039814,3.2518799826941014
14,87,0.42484937257044414,0.0,30,88,0,0,49547,0.06246233753135913,0.12401468090855955,3.244299958367756
14,88,0.4296992462331601,0.0,61,89,0,0,49607,0.06253797763574247,0.12530805890014504,3.2441326957952374
14,89,0.4464511145947682,0.0,124,90,0,0,49663,0.06260857506650026,0.12897619714697278,3.26135900640011
14,90,0.43165076837740873,0.0,79,91,0,0,49585,0.06251024293080192,0.12512886458897982,3.239178365664811
14,91,0.4279806427746151,0.0,45,92,0,0,49608,0.06253923830414886,0.12398393153383204,3.2301211631168
14,92,0.43058705113051987,0.0,68,93,0,0,49588,0.06251402493602108,0.12545474266980167,3.2436260459528494
14,93,0.4308549109539268,0.0,71,94,0,0,49630,0.06256697300908942,0.12557509164017203,3.2443683536470105
14,94,0.4230839056920325,0.0,23,95,0,0,49615,0.06254806298299358,0.12386785575812738,3.234033145442638
14,95,0.424679784704588,0.0,28,96,0,0,49573,0.062495114909925244,0.12443109582058678,3.2299118163860006
14,96,0.4227405423991626,0.0,20,97,0,0,49511,0.06241695346872912,0.1233977179009945,3.2389642240502603
14,97,0.43335895805117686,0.0,91,98,0,0,49534,0.06244594884207607,0.12524823580269182,3.247904322825255
14,98,0.3949176477038346,0.0,2,99,1,0,49436,0.06232240333824994,0.11745449185077474,3.174954664217052
14,99,0.4298489216197336,0.0,64,100,0,0,49559,0.062477465552235795,0.12518096237623172,3.232820560122525
14,100,0.43181918001920433,0.0,81,101,0,0,49542,0.06245603418932718,0.12501469842478738,3.2576550178262718
14,101,0.4372537472940635,0.0,110,102,0,0,49577,0.0625001575835508,0.1271799952303477,3.255787377165078
14,102,0.4322266628858123,0.0,84,103,0,0,49594,0.06252158894645941,0.1253312474638024,3.2510861129200794
14,103,0.43192096627369714,0.0,82,104,0,0,49538,0.062450991515701625,0.12627332316933537,3.236574076087794
14,104,0.4270357505363118,0.0,40,105,0,0,49534,0.06244594884207607,0.12435971298509413,3.228218265702159
14,105,0.4293572269171345,0.0,58,106,0,0,49594,0.06252158894645941,0.12518869661618454,3.2340364212216586
14,106,0.44442446925893064,0.0,123,107,0,0,49630,0.06256697300908942,0.12802172370672335,3.266140455368087
14,107,0.42310586259516425,0.0,24,108,0,0,49577,0.0625001575835508,0.12346742837310822,3.2255590705565402
14,108,0.428815923702515,0.0,50,109,0,0,49604,0.0625341956305233,0.1244955604192482,3.2369114587084904
14,109,0.4230401359105651,0.0,22,110,0,0,49509,0.062414432131916345,0.12371112984752068,3.235150655665898
14,110,0.4132474407880566,0.0,7,111,1,0,49499,0.06240182544785245,0.12164138323762334,3.2213190308072686
14,111,0.4257033120538623,0.0,37,112,0,0,49600,0.06252915295689775,0.12395153361115409,3.229502371204439
14,112,0.42785242709805926,0.0,43,113,0,0,49552,0.062468640873391074,0.1241772170869303,3.233986995217731
14,113,0.43723199434580123,0.0,109,114,0,0,49604,0.0625341956305233,0.12633495121614438,3.253323322631403
14,114,0.4251558854525026,0.0,32,115,0,0,49519,0.06242703881598023,0.12441859391456944,3.232091858338193
14,115,0.4531535543723068,0.0,126,116,0,0,49683,0.06263378843462804,0.12970635512363435,3.2937260165141002
14,116,0.4358915385137824,0.0,100,117,0,0,49574,0.06249637557833163,0.12651685971964383,3.256099731363952
14,117,0.43650402191881293,0.0,103,118,0,0,49630,0.06256697300908942,0.12611503855813366,3.246767037040616
14,118,0.43240707604563294,0.0,86,119,0,0,49593,0.06252032827805303,0.1255471195306813,3.2486154805737453
14,119,0.4426521605778587,0.0,117,120,0,0,49646,0.06258714370359164,0.12768745408822843,3.2733577928564745
14,120,0.42214120378542924,0.0,17,121,0,0,49491,0.06239174010060134,0.12307853169547453,3.2360154447128564
14,121,0.43450525050415995,0.0,95,122,0,0,49612,0.06254428097777441,0.12600340763636542,3.244841787397784
14,122,0.4202355953769577,0.0,12,123,1,0,49569,0.06249007223629969,0.12330427666733645,3.2213823622548987
14,123,0.41541254416533946,0.0,8,124,1,0,49473,0.06236904806928634,0.12262823168772506,3.2185310128162303
14,124,0.4212398343082833,0.0,16,125,0,0,49609,0.06254049897255524,0.12309888635501219,3.2206976750979814
14,125,0.4307405349434922,0.0,69,126,0,0,49580,0.06250393958876997,0.12510462081143967,3.233368199926007
14,126,0.42886065575287446,0.0,52,127,0,0,49549,0.06246485886817191,0.125147967569879,3.2551815900318775
14,127,0.4241623248882535,0.0,26,128,0,0,49569,0.06249007223629969,0.12438743933881237,3.2297495782893653
15,0,0.27197271730043304,0.0,61,1,0,1,49526,0.06243586349482495,0.12490274289907832,2.0719408211586803
15,1,0.2722711007503718,0.0,65,2,0,1,49616,0.06254932365139997,0.12509027907927572,2.073663170267182
15,2,0.2723320399900152,0.0,66,3,0,1,49565,0.06248502956267413,0.12505387797738246,2.0748295809508632
15,3,0.29559904660597036,0.0,128,4,0,1,49694,0.06264765578709831,0.13030679079015026,2.113450749051269
15,4,0.2736667534375928,0.0,88,5,0,1,49638,0.06257705835634053,0.12526059468716624,2.0796730584805374
15,5,0.26861815360728264,0.0,20,6,0,1,49555,0.06247242287861024,0.12378756870708187,2.0672609791090144
15,6,0.27212059653456266,0.0,64,7,0,1,49564,0.06248376889426774,0.12486020287136705,2.0723526160942076
15,7,0.23847785439984734,0.0,1,8,1,1,49422,0.06230475398056049,0.11395180453499423,2.0047715212254595
15,8,0.26883438080059224,0.0,21,9,0,1,49545,0.062459816194546346,0.1241715073458627,2.0604033328722675
15,9,0.2684383388491263,0.0,19,10,0,1,49610,0.06254175964096163,0.12392243023111746,2.0646880324277723
15,10,0.2733185116751915,0.0,83,11,0,1,49615,0.06254806298299358,0.12474135438485796,2.081447346114659
15,11,0.2702575013099703,0.0,33,12,0,1,49585,0.06251024293080192,0.12450047492161295,2.0670697798816464
15,12,0.2673454502533106,0.0,15,13,0,0,49535,0.06244720951048246,0.12382220552243955,2.0649427481624416
15,13,0.27763411984582637,0.0,107,14,0,0,49636,0.06257453701952775,0.126680943184464,2.0825276018824375
15,14,0.27108146980750436,0.0,44,15,0,0,49527,0.06243712416323135,0.12456510843979932,2.0723062513901818
15,15,0.2749951558124755,0.0,96,16,0,0,49619,0.06255310565661915,0.1258491060265914,2.0821421665176953
15,16,0.27656638547650414,0.0,105,17,0,0,49597,0.06252537095167858,0.12648845895876823,2.0747148073245616
15,17,0.2760815408841947,0.0,104,18,0,0,49646,0.06258714370359164,0.12659228365358527,2.076853102519083
15,18,0.27018181927691004,0.0,32,19,0,0,49539,0.06245225218410801,0.12455161274265744,2.070903369501009
15,19,0.2723781945192182,0.0,67,20,0,0,49593,0.06252032827805303,0.1249726917705657,2.074262082422935
15,20,0.28196991532312043,0.0,120,21,0,0,49687,0.06263883110825359,0.12847587755424708,2.0921124023583793
15,21,0.270620053481718,0.0,39,22,0,0,49591,0.06251780694124025,0.1243830825887095,2.0689163897177996
15,22,0.2791033136831998,0.0,113,23,0,0,49607,0.06253797763574247,0.1270945240920366,2.081075070665281
15,23,0.2734708483911087,0.0,86,24,0,0,49608,0.06253923830414886,0.12528047106913856,2.0747680136550297
15,24,0.2660730132516272,0.0,10,25,1,0,49581,0.06250520025717636,0.12299231913185908,2.061229270754517
15,25,0.2711225030061993,0.0,45,26,0,0,49596,0.06252411028327219,0.1249597626725481,2.071241036389146
15,26,0.2725000835923618,0.0,70,27,0,0,49613,0.0625455416461808,0.1251285436061031,2.070705707999625
15,27,0.2736291037826888,0.0,87,28,0,0,49608,0.06253923830414886,0.12557028529027045,2.072658538061474
15,28,0.26481071139729284,0.0,9,29,1,0,49497,0.06239930411103967,0.12310319575467664,2.0549235813044295
15,29,0.27331067513572554,0.0,82,30,0,0,49616,0.06254932365139997,0.12554405862050672,2.0744607140072784
15,30,0.26908300516886535,0.0,24,31,0,0,49572,0.062493854241518855,0.12383829620577375,2.066972658536665
15,31,0.279450526751743,0.0,114,32,0,0,49617,0.06255058431980637,0.12694561740294796,2.0915552926552103
15,32,0.26740940266320995,0.0,16,33,0,0,49586,0.0625115035992083,0.12391527876461042,2.059958737684486
15,33,0.269701131796844,0.0,30,34,0,0,49616,0.06254932365139997,0.12449604102735633,2.0685695821734655
15,34,0.26901432370198514,0.0,23,35,0,0,49518,0.06242577814757384,0.12435060133632803,2.0678378573198604
15,35,0.2881047997367739,0.0,125,36,0,0,49634,0.06257201568271498,0.12971221096764893,2.109182117717418
15,36,0.2670877071218914,0.0,13,37,0,0,49490,0.06239047943219495,0.12306352591471004,2.0596211524033605
15,37,0.2590841554483272,0.0,5,38,1,0,49462,0.062355180716816054,0.12080763527046627,2.0488633200957103
15,38,0.275239633131574,0.0,100,39,0,0,49668,0.0626148784085322,0.1257759258377566,2.07640186990041
15,39,0.273263415308931,0.0,81,40,0,0,49577,0.0625001575835508,0.12546846739111697,2.070198591504353
15,40,0.27483826103308295,0.0,94,41,0,0,49576,0.06249889691514441,0.12602737974746317,2.0765454626760658
15,41,0.2917881439028508,0.0,127,42,0,0,49560,0.06247872622064218,0.12843580184379613,2.107587141784899
15,42,0.2727857172634825,0.0,75,43,0,0,49585,0.06251024293080192,0.12514572223813525,2.072779226077681
15,43,0.2733641058037008,0.0,85,44,0,0,49568,0.0624888115678933,0.12572182821841676,2.0742737257890638
15,44,0.27044828860654446,0.0,34,45,0,0,49549,0.06246485886817191,0.1245219377149466,2.070157959005536
15,45,0.26922167335427166,0.0,27,46,0,0,49572,0.062493854241518855,0.12421303410679363,2.067114403237732
15,46,0.2782172401765486,0.0,109,47,0,0,49540,0.0624535128525144,0.1270156060118374,2.0879100581616252
15,47,0.2783704269138922,0.0,110,48,0,0,49633,0.06257075501430859,0.12673735643142361,2.0831672400375094
15,48,0.27168652085573525,0.0,52,49,0,0,49573,0.062495114909925244,0.12453786172571302,2.0689570987714374
15,49,0.2716606636915847,0.0,50,50,0,0,49612,0.06254428097777441,0.12490473504562379,2.067741076963969
15,50,0.2690045991360418,0.0,22,51,0,0,49508,0.062413171463509956,0.12415796297054864,2.0652315517892763
15,51,0.27010592124389055,0.0,31,52,0,0,49571,0.062492593573112466,0.12460763862608712,2.067699289143363
15,52,0.27992115574821824,0.0,116,53,0,0,49662,0.06260731439809387,0.1274155874902273,2.0880777947096134
15,53,0.27050507161269177,0.0,36,54,0,0,49562,0.06248124755745496,0.12464240013063015,2.0694129446239162
15,54,0.2729251369269262,0.0,77,55,0,0,49469,0.06236400539566078,0.12500487436034202,2.0773034776888646
15,55,0.25464003130418483,0.0,3,56,1,0,49448,0.06233753135912661,0.11872224588907081,2.039939818166946
15,56,0.271509695451354,0.0,48,57,0,0,49614,0.06254680231458719,0.12505538962319204,2.071761866472267
15,57,0.2600487540263874,0.0,6,58,1,0,49474,0.062370308737692726,0.12098539701867429,2.054389216758558
15,58,0.2717717941224494,0.0,57,59,0,0,49542,0.06245603418932718,0.1247241265407753,2.072224255955001
15,59,0.27080407609516105,0.0,41,60,0,0,49563,0.06248250822586135,0.1246964251466783,2.0727902649652354
15,60,0.27315613804540545,0.0,79,61,0,0,49637,0.06257579768793414,0.1252864976481,2.0741240166129624
15,61,0.28086561897262613,0.0,118,62,0,0,49612,0.06254428097777441,0.12790986641720814,2.085492277829969
15,62,0.275126063965116,0.0,98,63,0,0,49624,0.06255940899865109,0.12622155236852312,2.0748839374691364
15,63,0.26729725854378794,0.0,14,64,0,0,49597,0.06252537095167858,0.12374671490006961,2.0628323743007955
15,64,0.28554225218487483,0.0,124,65,0,0,49649,0.06259092570881081,0.12614271315075237,2.1286931557464337
15,65,0.27956781374838274,0.0,115,66,0,0,49492,0.06239300076900773,0.1272804111232208,2.0793988059585633
15,66,0.27179681034834996,0.0,58,67,0,0,49637,0.06257579768793414,0.12516139955737088,2.072322596391661
15,67,0.27419328688230055,0.0,90,68,0,0,49570,0.06249133290470608,0.12517761477023673,2.084082984661446
15,68,0.2801256250449103,0.0,117,69,0,0,49648,0.06258966504040442,0.12730045396051032,2.0888766117624296
15,69,0.2725163542217908,0.0,71,70,0,0,49582,0.06250646092558275,0.12493796472588586,2.0727558835978805
15,70,0.26919869373840144,0.0,26,71,0,0,49525,0.062434602826418564,0.12440881418166724,2.0613577509044645
15,71,0.2780830159211346,0.0,108,72,0,0,49628,0.06256445167227664,0.12677421479824394,2.0888876276337505
15,72,0.27695043962164384,0.0,106,73,0,0,49602,0.06253167429371052,0.12626038278769577,2.083650039577924
15,73,0.27420743352859783,0.0,91,74,0,0,49498,0.06240056477944606,0.12538660483751948,2.0796670988420636
15,74,0.2704943350798287,0.0,35,75,0,0,49619,0.06255310565661915,0.12462777804362432,2.0711860440453855
15,75,0.2846724547391535,0.0,122,76,0,0,49602,0.06253167429371052,0.12881865941929413,2.0874649599687256
15,76,0.27479972451843,0.0,93,77,0,0,49513,0.0624194748055419,0.12461458684052434,2.0813039507215922
15,77,0.2788228556209759,0.0,111,78,0,0,49651,0.06259344704562358,0.12628805887907543,2.0970911645164976
15,78,0.27284893636436375,0.0,76,79,0,0,49528,0.06243838483163774,0.12526486293033884,2.0736024907018464
15,79,0.2705683694101619,0.0,37,80,0,0,49575,0.06249763624673802,0.12477023244339952,2.071160781658977
15,80,0.27507517763174816,0.0,97,81,0,0,49560,0.06247872622064218,0.12575852189512204,2.0811738486235507
15,81,0.2717128722622857,0.0,53,82,0,0,49585,0.06251024293080192,0.1249827445050544,2.0751899805056784
15,82,0.27160743310919433,0.0,49,83,0,0,49545,0.062459816194546346,0.12510750447953972,2.070839877768778
15,83,0.28912323051685856,0.0,126,84,0,0,49693,0.06264639511869192,0.13037318161362285,2.113739251643889
15,84,0.24059343534984692,0.0,2,85,1,0,49437,0.06232366400665633,0.11463899393203028,2.0100617553609923
15,85,0.2743964570848979,0.0,92,86,0,0,49604,0.0625341956305233,0.1260493602073276,2.0759569480686664
15,86,0.26197919532344166,0.0,7,87,1,0,49484,0.06238291542175661,0.12189619173679737,2.0502106275632914
15,87,0.27173902205592726,0.0,56,88,0,0,49588,0.06251402493602108,0.12480602859349414,2.0705231059585425
15,88,0.2679315251758361,0.0,17,89,0,0,49514,0.06242073547394829,0.12341756762215338,2.070594644860778
15,89,0.27082256003374444,0.0,42,90,0,0,49551,0.062467380204984685,0.12439200472169291,2.071244526147834
15,90,0.2627790521333353,0.0,8,91,1,0,49515,0.06242199614235468,0.12195518182677689,2.056383857161239
15,91,0.2756949012544557,0.0,101,92,0,0,49580,0.06250393958876997,0.12604609984619383,2.0746667882590017
15,92,0.27200449939691235,0.0,62,93,0,0,49621,0.06255562699343192,0.1248234747964471,2.0742798555058
15,93,0.283357219974268,0.0,121,94,0,0,49610,0.06254175964096163,0.1282716378839557,2.0968135340316634
15,94,0.26919280109636945,0.0,25,95,0,0,49532,0.06244342750526329,0.1240370539396455,2.0678866069206503
15,95,0.2749558421797525,0.0,95,96,0,0,49604,0.0625341956305233,0.12481504191317652,2.094601946536756
15,96,0.27132674943708457,0.0,46,97,0,0,49516,0.062423256810761066,0.12443140724860298,2.0741268966149105
15,97,0.27248114879421736,0.0,69,98,0,0,49575,0.06249763624673802,0.12525557032113296,2.0724925178285534
15,98,0.27173853886128907,0.0,55,99,0,0,49616,0.06254932365139997,0.12508613884533323,2.075531023613357
15,99,0.27238901238491875,0.0,68,100,0,0,49576,0.06249889691514441,0.12487809673685545,2.0746036314977214
15,100,0.27270159762734064,0.0,73,101,0,0,49540,0.0624535128525144,0.12528989325348194,2.073737466285279
15,101,0.27087945033739297,0.0,43,102,0,0,49526,0.06243586349482495,0.12466716191991688,2.0683054209783185
15,102,0.27272714181592916,0.0,74,103,0,0,49576,0.06249889691514441,0.1254251002032096,2.0709632476117124
15,103,0.2716811131262279,0.0,51,104,0,0,49661,0.06260605372968749,0.12520014799274132,2.0680356294301854
15,104,0.273826567778189,0.0,89,105,0,0,49638,0.06257705835634053,0.12536383833213238,2.077037486135677
15,105,0.27580806416494885,0.0,102,106,0,0,49539,0.06245225218410801,0.12529982438235368,2.0828018152914693
15,106,0.27172028540267107,0.0,54,107,0,0,49550,0.062466119536578296,0.12462313598179749,2.0753707162038877
15,107,0.26693736929117035,0.0,12,108,1,0,49641,0.0625808403615597,0.12346648999298536,2.0596453389823624
15,108,0.2850404134057421,0.0,123,109,0,0,49660,0.0626047930612811,0.12911652817979358,2.1002292187939444
15,109,0.2720241600860445,0.0,63,110,0,0,49562,0.06248124755745496,0.12454405336896597,2.0801065453682672
15,110,0.2714909120097343,0.0,47,111,0,0,49514,0.06242073547394829,0.12487792052928151,2.071836848222626
15,111,0.2759829726278627,0.0,103,112,0,0,49645,0.06258588303518525,0.12616248450275094,2.0793366176522707
15,112,0.25631122310439536,0.0,4,113,1,0,49468,0.06236274472725439,0.11974355807858723,2.04053288744844
15,113,0.27257643687547745,0.0,72,114,0,0,49573,0.062495114909925244,0.12541860295383542,2.0696046438775704
15,114,0.26952559104488877,0.0,29,115,0,0,49531,0.062442166836856904,0.12390289872554046,2.0733685770587633
15,115,0.28132841196675085,0.0,119,116,0,0,49613,0.0625455416461808,0.12812549066852516,2.0913983735816917
15,116,0.26637986917573475,0.0,11,117,1,0,49511,0.06241695346872912,0.12309591050727829,2.065172592726391
15,117,0.27184947021610667,0.0,60,118,0,0,49601,0.06253041362530413,0.12508037547517978,2.0698792537629562
15,118,0.27057060519499787,0.0,38,119,0,0,49574,0.06249637557833163,0.1244571885588996,2.0703242312441454
15,119,0.27333930636184334,0.0,84,120,0,0,49643,0.06258336169837247,0.12557500644278916,2.0768013850214104
15,120,0.2718250498558363,0.0,59,121,0,0,49535,0.06244720951048246,0.12477306958434228,2.0722800627511724
15,121,0.27072568362063265,0.0,40,122,0,0,49614,0.06254680231458719,0.12482208056186844,2.0692334569308906
15,122,0.2732406586246448,0.0,80,123,0,0,49610,0.06254175964096163,0.12543127565856627,2.078708904036413
15,123,0.2789833095058727,0.0,112,124,0,0,49591,0.06251780694124025,0.126984497042652,2.087870817078601
15,124,0.26938702368855855,0.0,28,125,0,0,49620,0.06255436632502553,0.12397492394830652,2.0686489492836264
15,125,0.2730360109035949,0.0,78,126,0,0,49564,0.06248376889426774,0.12528795224767245,2.076679340242904
15,126,0.2751289279425695,0.0,99,127,0,0,49558,0.062476204883829406,0.12564498520157039,2.083983044372195
15,127,0.2683372830884636,0.0,18,128,0,0,49535,0.06244720951048246,0.12377924743073011,2.067947584935471
16,0,0.38025827018764796,0.0,85,1,0,1,49623,0.0625581483302447,0.12560997980753597,2.9035457357903716
16,1,0.3740481214354988,0.0,33,2,0,1,49547,0.06246233753135913,0.12395495856727584,2.906832617387143
16,2,0.3754572316238708,0.0,45,3,0,1,49602,0.06253167429371052,0.12420142702571305,2.9072147708794263
16,3,0.37968985073966427,0.0,81,4,0,1,49560,0.06247872622064218,0.1251269229236183,2.90936586274133
16,4,0.37804992369783513,0.0,72,5,0,1,49664,0.06260983573490665,0.12513249954598407,2.910536777940818
16,5,0.3818160296137812,0.0,96,6,0,1,49603,0.06253293496211691,0.12600053521995028,2.9141447609793905
16,6,0.35910875095982275,0.0,4,7,1,1,49445,0.06233374935390744,0.11998162501444423,2.880234023454556
16,7,0.369530697979895,0.0,13,8,0,1,49618,0.06255184498821276,0.12292805555014508,2.8914694479693934
16,8,0.37680896024297195,0.0,58,9,0,1,49603,0.06253293496211691,0.1248790826285355,2.904601909481127
16,9,0.3665111409609322,0.0,9,10,1,1,49486,0.06238543675856939,0.12226178461664472,2.887971178515308
16,10,0.3765961135025318,0.0,53,11,0,1,49535,0.06244720951048246,0.12461720765237883,2.9070003032883354
16,11,0.39183389912416033,0.0,115,12,0,1,49663,0.06260857506650026,0.12896391820760975,2.930420177218146
16,12,0.3800079873826725,0.0,84,13,0,0,49533,0.06244468817366968,0.12545996613473295,2.908594637905349
16,13,0.3819615557166766,0.0,98,14,0,0,49560,0.06247872622064218,0.12570148681726795,2.914250610836553
16,14,0.37240242401143137,0.0,19,15,0,0,49621,0.06255562699343192,0.12369678133659423,2.8939032865472987
16,15,0.37792630275388106,0.0,70,16,0,0,49658,0.06260227172446832,0.12486636161367139,2.9134573131818344
16,16,0.3789663295381491,0.0,73,17,0,0,49588,0.06251402493602108,0.12532598250591764,2.9039060108331007
16,17,0.37270379185361907,0.0,23,18,0,0,49669,0.0626161390769386,0.12397139008709741,2.890531552719082
16,18,0.3776035526073251,0.0,68,19,0,0,49501,0.06240434678466523,0.12486477994580965,2.907737621640019
16,19,0.37493836746902864,0.0,41,20,0,0,49503,0.062406868121478005,0.1240593408084907,2.908846361333262
16,20,0.3792768600902317,0.0,77,21,0,0,49509,0.062414432131916345,0.12531718739932327,2.91293620614012
16,21,0.37489651921370265,0.0,40,22,0,0,49548,0.06246359819976552,0.12427995362857906,2.9046791829274663
16,22,0.3849402435675819,0.0,104,23,0,0,49656,0.06259975038765553,0.12677815546362584,2.9131366557213396
16,23,0.37503424045295974,0.0,42,24,0,0,49591,0.06251780694124025,0.12404133358074512,2.9035373673421
16,24,0.4375259689336932,0.0,126,25,0,0,49684,0.06263504910303443,0.13884940712794658,3.02259087844105
16,25,0.3300992465297383,0.0,1,26,1,0,49412,0.062292147296496604,0.11307581709476942,2.8115409105225315
16,26,0.3776647627459483,0.0,69,27,0,0,49618,0.06255184498821276,0.12487730222486035,2.9083613358149574
16,27,0.3838807688441177,0.0,102,28,0,0,49561,0.06247998688904857,0.12602401175421118,2.927705537848867
16,28,0.3811401045111717,0.0,92,29,0,0,49609,0.06254049897255524,0.1257427326501761,2.9056622642614927
16,29,0.3804254712548854,0.0,86,30,0,0,49507,0.06241191079510357,0.12547415106839846,2.9175305752491116
16,30,0.38049163015582244,0.0,87,31,0,0,49604,0.0625341956305233,0.12573866663262148,2.9162634293008325
16,31,0.3535576933861846,0.0,3,32,1,0,49418,0.062299711306934936,0.11506904074436736,2.8151319062784244
16,32,0.37924127377970424,0.0,75,33,0,0,49601,0.06253041362530413,0.12549999480565097,2.9069342688127477
16,33,0.3768347779984555,0.0,60,34,0,0,49546,0.062461076862952734,0.12443842646071017,2.9137947478526085
16,34,0.3739168187984163,0.0,31,35,0,0,49518,0.06242577814757384,0.12393694592004402,2.9075111901946964
16,35,0.37303133269425565,0.0,26,36,0,0,49598,0.06252663162008497,0.12382311846272567,2.90575885712051
16,36,0.37684782853403537,0.0,61,37,0,0,49601,0.06253041362530413,0.12456365590755297,2.910849982905517
16,37,0.37656863853574507,0.0,52,38,0,0,49590,0.06251654627283386,0.1245202436271877,2.908201610242726
16,38,0.37986791069072867,0.0,82,39,0,0,49556,0.06247368354701663,0.12548941465374933,2.911750196394973
16,39,0.3959064019890791,0.0,119,40,0,0,49571,0.062492593573112466,0.12644096840951116,2.982353488308423
16,40,0.3754676663162043,0.0,46,41,0,0,49585,0.06251024293080192,0.12453927177005361,2.893396644057024
16,41,0.3746306512401253,0.0,37,42,0,0,49609,0.06254049897255524,0.12410480657480866,2.905038570157877
16,42,0.3896903913464403,0.0,113,43,0,0,49627,0.06256319100387026,0.12773090764130424,2.9308595634139745
16,43,0.37032308288725824,0.0,14,44,0,0,49548,0.06246359819976552,0.12345923635127992,2.889027199676537
16,44,0.3898655132924758,0.0,114,45,0,0,49616,0.06254932365139997,0.12767214069624366,2.931313074246093
16,45,0.4024231193661652,0.0,122,46,0,0,49593,0.06252032827805303,0.12733715424319436,2.9297809109554542
16,46,0.4486861397134217,0.0,127,47,0,0,49475,0.062371569406099114,0.125068250685486,2.9769944518306017
16,47,0.3853525912408216,0.0,110,48,0,0,49658,0.06260227172446832,0.12653865324851465,2.9278374292926563
16,48,0.37668439360113154,0.0,55,49,0,0,49541,0.06245477352092079,0.12490886932678119,2.908321774624381
16,49,0.3747243431352582,0.0,39,50,0,0,49679,0.06262874576100248,0.12414182138359922,2.9067817320589695
16,50,0.37557360139528456,0.0,48,51,0,0,49590,0.06251654627283386,0.1250460826263529,2.890041298836515
16,51,0.38102819356466316,0.0,90,52,0,0,49644,0.06258462236677886,0.1257826500511782,2.9102948804815574
16,52,0.37931851609129064,0.0,78,53,0,0,49601,0.06253041362530413,0.1251810173784779,2.9077850210644893
16,53,0.37592009581239993,0.0,50,54,0,0,49598,0.06252663162008497,0.12445668143496762,2.905594877745875
16,54,0.3799840552727886,0.0,83,55,0,0,49613,0.0625455416461808,0.12535737802299884,2.908899572433176
16,55,0.3758488257678941,0.0,49,56,0,0,49600,0.06252915295689775,0.12491534294534265,2.896640701427511
16,56,0.3713787141445239,0.0,16,57,0,0,49667,0.06261361774012582,0.12347344406260988,2.890134029766453
16,57,0.37757800480984227,0.0,67,58,0,0,49546,0.062461076862952734,0.12487933192938895,2.902872499880284
16,58,0.38137429368338266,0.0,93,59,0,0,49572,0.062493854241518855,0.12527268805417027,2.9263991820724002
16,59,0.3724407017186703,0.0,20,60,0,0,49620,0.06255436632502553,0.12360871847276379,2.896374286707306
16,60,0.36200386187369477,0.0,5,61,1,0,49470,0.06236526606406717,0.12121288800835744,2.8746460199005344
16,61,0.3739432849910987,0.0,32,62,0,0,49566,0.062486290231080516,0.12403703519661644,2.89830888314471
16,62,0.37905720370630136,0.0,74,63,0,0,49560,0.06247872622064218,0.12491162322236855,2.914194517726454
16,63,0.37371807177824984,0.0,28,64,0,0,49558,0.062476204883829406,0.12398522436267985,2.901002957203538
16,64,0.38276885305802955,0.0,99,65,0,0,49606,0.06253671696733608,0.12624913766472962,2.912325815714303
16,65,0.37681592146164034,0.0,59,66,0,0,49606,0.06253671696733608,0.12468745127442023,2.8994554242440045
16,66,0.37626596567589154,0.0,51,67,0,0,49669,0.0626161390769386,0.12451653800608192,2.902139782666293
16,67,0.3709214243730578,0.0,15,68,0,0,49537,0.062449730847295236,0.12322061205846109,2.8977774338364326
16,68,0.40675867612954075,0.0,123,69,0,0,49665,0.06261109640331304,0.13256773235231148,2.952887285614371
16,69,0.36697736602822756,0.0,10,70,1,0,49468,0.06236274472725439,0.12217593450016995,2.890132649251483
16,70,0.37469471714458896,0.0,38,71,0,0,49556,0.06247368354701663,0.12419759960048576,2.9036223660715943
16,71,0.3841574700665234,0.0,103,72,0,0,49604,0.0625341956305233,0.12636935160357607,2.9158419638316424
16,72,0.409544360950244,0.0,124,73,0,0,49668,0.0626148784085322,0.1328669921724157,2.968085956787895
16,73,0.3850676773133842,0.0,106,74,0,0,49657,0.06260101105606193,0.1268095064047669,2.9289260370250467
16,74,0.3426399464135384,0.0,2,75,1,0,49445,0.06233374935390744,0.11646776155163978,2.830514170891349
16,75,0.37255029934920175,0.0,21,76,0,0,49569,0.06249007223629969,0.12390708943774116,2.8969187792799045
16,76,0.3919173024481881,0.0,116,77,0,0,49600,0.06252915295689775,0.12834299960021575,2.9291509653550794
16,77,0.3772404235584685,0.0,63,78,0,0,49665,0.06261109640331304,0.12496257630563791,2.907172602514108
16,78,0.3806518702847215,0.0,88,79,0,0,49624,0.06255940899865109,0.12543153650005437,2.9189166840564704
16,79,0.3684532517364351,0.0,12,80,1,0,49541,0.06245477352092079,0.12282727420510443,2.8853577886781117
16,80,0.37675613748843684,0.0,57,81,0,0,49571,0.062492593573112466,0.124836759351441,2.9004608225481605
16,81,0.36807687956975893,0.0,11,82,1,0,49499,0.06240182544785245,0.1227910567512688,2.886164497802172
16,82,0.37190297623168966,0.0,18,83,0,0,49494,0.06239552210582051,0.12383862774482765,2.8927400968382524
16,83,0.38305291540214154,0.0,100,84,0,0,49523,0.06243208148960579,0.12518060200053344,2.939111473198672
16,84,0.3727772598893596,0.0,24,85,0,0,49550,0.062466119536578296,0.12389319558096927,2.8977896605518487
16,85,0.3779771692722336,0.0,71,86,0,0,49523,0.06243208148960579,0.12487719498125725,2.909480393520314
16,86,0.38179501958986534,0.0,95,87,0,0,49541,0.06245477352092079,0.12610753053050583,2.910049233379082
16,87,0.3850086123172418,0.0,105,88,0,0,49649,0.06259092570881081,0.12668074273240335,2.9176278559987097
16,88,0.37925114154369427,0.0,76,89,0,0,49554,0.06247116221020385,0.12537906222199835,2.909242431555654
16,89,0.3766627413074485,0.0,54,90,0,0,49581,0.06250520025717636,0.12469537791386671,2.8995696927129426
16,90,0.3741470775956228,0.0,34,91,0,0,49542,0.06245603418932718,0.12415179664353007,2.901983812745094
16,91,0.3772601201222436,0.0,64,92,0,0,49641,0.0625808403615597,0.1248303817034133,2.9024405389018004
16,92,0.3982208459560812,0.0,120,93,0,0,49649,0.06259092570881081,0.12979598015791555,2.9479286397145854
16,93,0.38534146397641444,0.0,109,94,0,0,49629,0.06256571234068303,0.1266877277107375,2.9306226064694862
16,94,0.47988215647535315,0.0,128,95,0,0,49609,0.06254049897255524,0.13056772310728984,3.056886805051203
16,95,0.3930001608113503,0.0,117,96,0,0,49689,0.06264135244506637,0.12843033039440857,2.949948823528195
16,96,0.3750982344100312,0.0,43,97,0,0,49547,0.06246233753135913,0.12423079486783777,2.903318582902203
16,97,0.38523944002803145,0.0,107,98,0,0,49648,0.06258966504040442,0.12680232219275042,2.924890372836638
16,98,0.3868315813408306,0.0,112,99,0,0,49571,0.062492593573112466,0.12704832715426415,2.929438724080174
16,99,0.3731120673251083,0.0,27,100,0,0,49557,0.06247494421542302,0.12375746907448215,2.8969295031535034
16,100,0.37418362273882755,0.0,35,101,0,0,49506,0.06241065012669717,0.12407603198610855,2.90098055664666
16,101,0.41106366595545046,0.0,125,102,0,0,49491,0.06239174010060134,0.126514636020588,2.964292147562816
16,102,0.38162435231518493,0.0,94,103,0,0,49558,0.062476204883829406,0.1255528115996611,2.9174819988397585
16,103,0.36314237982919256,0.0,6,104,1,0,49473,0.06236904806928634,0.1210863941636526,2.8797261843615
16,104,0.3755557041620178,0.0,47,105,0,0,49527,0.06243712416323135,0.12431860977591731,2.9129262550427577
16,105,0.37742240272631256,0.0,66,106,0,0,49609,0.06254049897255524,0.12480888745165104,2.907577758792174
16,106,0.39403207400375245,0.0,118,107,0,0,49606,0.06253671696733608,0.12904938499540522,2.931338077078043
16,107,0.37951372492843716,0.0,80,108,0,0,49626,0.06256193033546387,0.12529574380628306,2.9101563527725345
16,108,0.37376063348396554,0.0,29,109,0,0,49509,0.062414432131916345,0.12422444705433147,2.8925680930195505
16,109,0.3769690814661585,0.0,62,110,0,0,49535,0.06244720951048246,0.12479038934771505,2.903055491254534
16,110,0.3726831072021159,0.0,22,111,0,0,49516,0.062423256810761066,0.12371742622474674,2.895128445981127
16,111,0.38345037280509925,0.0,101,112,0,0,49539,0.06245225218410801,0.12647138700181257,2.915803142654471
16,112,0.37447207219380285,0.0,36,113,0,0,49506,0.06241065012669717,0.12400083734679061,2.905257952095775
16,113,0.4006128736992503,0.0,121,114,0,0,49619,0.06255310565661915,0.127864543102727,2.9399023646997438
16,114,0.38526815248361646,0.0,108,115,0,0,49627,0.06256319100387026,0.12642449546650913,2.925481929704802
16,115,0.3753458785553445,0.0,44,116,0,0,49546,0.062461076862952734,0.12428238258597805,2.899272190403123
16,116,0.3738836718082652,0.0,30,117,0,0,49602,0.06253167429371052,0.12396418747645083,2.9058134959299196
16,117,0.3810504079787904,0.0,91,118,0,0,49506,0.06241065012669717,0.12554338143994956,2.9053336550422033
16,118,0.38195706804793633,0.0,97,119,0,0,49591,0.06251780694124025,0.12574712277511627,2.916592770950575
16,119,0.37671805963189264,0.0,56,120,0,0,49567,0.06248755089948691,0.1252194333090336,2.89577302261366
16,120,0.37936752930510753,0.0,79,121,0,0,49601,0.06253041362530413,0.12499062686310497,2.916500109847255
16,121,0.3718576608093715,0.0,17,122,0,0,49563,0.06248250822586135,0.12336912743102789,2.893674311742676
16,122,0.36538842394530396,0.0,8,123,1,0,49650,0.0625921863772172,0.12211987951415904,2.88394644086785
16,123,0.3639164647665572,0.0,7,124,1,0,49502,0.06240560745307162,0.12142867974441857,2.877272539235622
16,124,0.3856975978361302,0.0,111,125,0,0,49661,0.06260605372968749,0.12695621779382688,2.926233444549019
16,125,0.3773113507492042,0.0,65,126,0,0,49638,0.06257705835634053,0.12483276339168496,2.90878377565465
16,126,0.3806794612124858,0.0,89,127,0,0,49589,0.06251528560442747,0.12576713709181306,2.9133078884878403
16,127,0.37298583912307504,0.0,25,128,0,0,49514,0.06242073547394829,0.1239349424888714,2.8984956366881987
17,0,0.46646432752130224,0.0,68,1,0,1,49629,0.06256571234068303,0.12466060435511445,3.51264823696741
17,1,0.47372944931898003,0.0,111,2,0,1,49533,0.06244468817366968,0.12606891036450885,3.51573647374462
17,2,0.4644471234339911,0.0,53,3,0,1,49555,0.06247242287861024,0.12453139311215938,3.50508433722896
17,3,0.4640214764675113,0.0,49,4,0,1,49617,0.06255058431980637,0.12478630962494291,3.492544411998729
17,4,0.45831002059787296,0.0,17,5,0,1,49502,0.06240560745307162,0.12337434104890262,3.491094611782361
17,5,0.46681734068634645,0.0,70,6,0,1,49510,0.062415692800322733,0.12465721670067165,3.5137847467328567
17,6,0.47094868526970046,0.0,97,7,0,1,49603,0.06253293496211691,0.12568259753556155,3.517648177607584
17,7,0.46758710713624774,0.0,75,8,0,1,49607,0.06253797763574247,0.1251764855323299,3.503433355981479
17,8,0.4610052201428464,0.0,30,9,0,1,49578,0.0625014182519572,0.12443370734675027,3.4761123350375294
17,9,0.46170560709926894,0.0,34,10,0,1,49668,0.0626148784085322,0.1241076807132963,3.4962283422918374
17,10,0.4714648387705494,0.0,101,11,0,1,49470,0.06236526606406717,0.12423604610344997,3.4853274885975756
17,11,0.4603981151708723,0.0,25,12,0,1,49611,0.06254302030936802,0.12374554362236427,3.4882939575984544
17,12,0.4749700152281519,0.0,114,13,0,0,49589,0.06251528560442747,0.12649292108760413,3.5154494476718487
17,13,0.4591448958298443,0.0,19,14,0,0,49549,0.06246485886817191,0.12355130306040966,3.4846131049001885
17,14,0.4729984579882122,0.0,108,15,0,0,49535,0.06244720951048246,0.12618604244069626,3.506145893857936
17,15,0.4624333611938558,0.0,39,16,0,0,49571,0.062492593573112466,0.12403532379553892,3.486678104521809
17,16,0.4620882560093686,0.0,37,17,0,0,49650,0.0625921863772172,0.12428175276653675,3.487330790701365
17,17,0.4818304689042406,0.0,123,18,0,0,49648,0.06258966504040442,0.12782154284757383,3.5384713486115422
17,18,0.46723123999582483,0.0,74,19,0,0,49610,0.06254175964096163,0.12522553122581564,3.50648175004348
17,19,0.4637022424501913,0.0,48,20,0,0,49599,0.06252789228849136,0.12478579017870615,3.492617689611514
17,20,0.46166201608836754,0.0,33,21,0,0,49504,0.062408128789884394,0.1242380852580917,3.4886884819463244
17,21,0.4599892515213752,0.0,23,22,0,0,49553,0.06246990154179746,0.12374025603381059,3.479383643448147
17,22,0.4710127661356617,0.0,98,23,0,0,49602,0.06253167429371052,0.12558216414793658,3.514652645225281
17,23,0.46296815930882695,0.0,44,24,0,0,49615,0.06254806298299358,0.1245727295611419,3.489518221737144
17,24,0.46515145980828215,0.0,56,25,0,0,49600,0.06252915295689775,0.12493631522107358,3.497018603930618
17,25,0.4600170634509696,0.0,24,26,0,0,49561,0.06247998688904857,0.1235782736846036,3.4922599347811336
17,26,0.41747487133311173,0.0,2,27,1,0,49455,0.06234635603797133,0.11598445017920106,3.3869462697178387
17,27,0.4661178330038313,0.0,65,28,0,0,49571,0.062492593573112466,0.12484414831311288,3.5006599928746986
17,28,0.635294263074446,0.0,128,29,0,0,49691,0.06264387378187915,0.1526536343329884,3.8860694551702304
17,29,0.5271076475588706,0.0,127,30,0,0,49714,0.0626728691552261,0.13575217178886537,3.6385945034058054
17,30,0.4295303411918815,0.0,3,31,1,0,49462,0.062355180716816054,0.11745212446031483,3.425005161978787
17,31,0.46339533993031745,0.0,46,32,0,0,49539,0.06245225218410801,0.12416409083524699,3.50771272104499
17,32,0.4690649639473605,0.0,87,33,0,0,49564,0.06248376889426774,0.12581277536533453,3.500929466670543
17,33,0.4628659212880056,0.0,43,34,0,0,49492,0.06239300076900773,0.12445653437472778,3.4886636186520223
17,34,0.46186487368923995,0.0,36,35,0,0,49613,0.0625455416461808,0.1240394386891933,3.4871890404382695
17,35,0.46054105294852327,0.0,26,36,0,0,49572,0.062493854241518855,0.12402357846412218,3.4833058650610016
17,36,0.47122658447868226,0.0,99,37,0,0,49519,0.06242703881598023,0.12594046508864595,3.5145479711412886
17,37,0.46111006349550654,0.0,31,38,0,0,49553,0.06246990154179746,0.1238117375423554,3.49062497548282
17,38,0.4419995136949653,0.0,5,39,1,0,49448,0.06233753135912661,0.12048649322279213,3.4502045396649907
17,39,0.47125219641722843,0.0,100,40,0,0,49497,0.06239930411103967,0.12575617180275256,3.513985360744698
17,40,0.46852795002413633,0.0,82,41,0,0,49634,0.06257201568271498,0.12650306455146423,3.495735245669545
17,41,0.4565490552484413,0.0,13,42,0,0,49602,0.06253167429371052,0.1229176950125728,3.489362966016506
17,42,0.4651919705165018,0.0,58,43,0,0,49611,0.06254302030936802,0.1247044520600959,3.505429971526963
17,43,0.4922181146038201,0.0,124,44,0,0,49673,0.06262118175056415,0.12949583352555094,3.566694689980459
17,44,0.47635505072981177,0.0,117,45,0,0,49652,0.06259470771402997,0.12661899299811955,3.5304542849118183
17,45,0.4157333997049652,0.0,1,46,1,0,49436,0.06232240333824994,0.11543303676997321,3.3857094727801362
17,46,0.46263984624656707,0.0,40,47,0,0,49611,0.06254302030936802,0.12439079143621154,3.4956325170269786
17,47,0.4560956938473139,0.0,12,48,1,0,49534,0.06244594884207607,0.12320440001603755,3.47503664785721
17,48,0.4607012503197209,0.0,28,49,0,0,49499,0.06240182544785245,0.12362389986032124,3.494845489794964
17,49,0.466243807800839,0.0,66,50,0,0,49583,0.06250772159398914,0.12503335277768915,3.4944526480433598
17,50,0.4425023345905512,0.0,7,51,1,0,49494,0.06239552210582051,0.12044229550908762,3.446746061329517
17,51,0.4702392848253931,0.0,92,52,0,0,49671,0.06261866041375137,0.12567220036183332,3.5092687490227683
17,52,0.4721928502236944,0.0,105,53,0,0,49618,0.06255184498821276,0.12556788001150634,3.5223875088458727
17,53,0.46647898588362635,0.0,69,54,0,0,49596,0.06252411028327219,0.12508551996267828,3.4996176003566344
17,54,0.459697027250641,0.0,20,55,0,0,49537,0.062449730847295236,0.12380082327168246,3.4873178799128755
17,55,0.4628126982461327,0.0,41,56,0,0,49464,0.06235770205362883,0.12415370482068883,3.4850055784631726
17,56,0.4660408330955731,0.0,64,57,0,0,49536,0.06244847017888885,0.12459196842248337,3.5065664535419345
17,57,0.46874808788655237,0.0,84,58,0,0,49552,0.062468640873391074,0.12517615076991068,3.50928022608308
17,58,0.46720872620763637,0.0,73,59,0,0,49461,0.062353920048409665,0.12437734956356766,3.500812234995435
17,59,0.46419247927787627,0.0,51,60,0,0,49623,0.0625581483302447,0.12424111330717946,3.5071148440487434
17,60,0.46779555048052635,0.0,78,61,0,0,49511,0.06241695346872912,0.12491004149702835,3.507389367552121
17,61,0.47077348671029734,0.0,95,62,0,0,49566,0.062486290231080516,0.1256943166751093,3.5077814326003156
17,62,0.4585823582554259,0.0,18,63,0,0,49551,0.062467380204984685,0.12333222298915662,3.492657427933703
17,63,0.4677815934767351,0.0,77,64,0,0,49654,0.06259722905084275,0.12548066715793857,3.504204125224343
17,64,0.46686222552725776,0.0,72,65,0,0,49662,0.06260731439809387,0.12518610190523644,3.506966080017826
17,65,0.4684517052287609,0.0,81,66,0,0,49590,0.06251654627283386,0.12545596017376606,3.499774454254804
17,66,0.46589276946165686,0.0,62,67,0,0,49620,0.06255436632502553,0.1251593511736682,3.490930174014707
17,67,0.4725643737838174,0.0,107,68,0,0,49605,0.06253545629892969,0.1259540370501493,3.5230022389060656
17,68,0.4775538767285768,0.0,118,69,0,0,49605,0.06253545629892969,0.125087860104107,3.5593207106233447
17,69,0.4555360346426313,0.0,11,70,1,0,49577,0.0625001575835508,0.12319674457183481,3.473982610165849
17,70,0.47949722294638136,0.0,122,71,0,0,49603,0.06253293496211691,0.12636872153198453,3.5360002998333866
17,71,0.4676819350784718,0.0,76,72,0,0,49572,0.062493854241518855,0.12477529304907511,3.5073666838503588
17,72,0.4613716209341439,0.0,32,73,0,0,49551,0.062467380204984685,0.12391934067847493,3.490901079455947
17,73,0.4578519986224323,0.0,16,74,0,0,49510,0.062415692800322733,0.12306789641523061,3.489720102073533
17,74,0.4717555627885332,0.0,103,75,0,0,49551,0.062467380204984685,0.1264041203348624,3.5028542301492074
17,75,0.4659928933946414,0.0,63,76,0,0,49544,0.06245855552613996,0.12498291202437511,3.4974550496734116
17,76,0.4736708538753513,0.0,109,77,0,0,49645,0.06258588303518525,0.12617996813284238,3.5203106715148493
17,77,0.4634746740621498,0.0,47,78,0,0,49561,0.06247998688904857,0.1247010054174828,3.4916053957540134
17,78,0.4599777728240814,0.0,22,79,0,0,49556,0.06247368354701663,0.12411874487200918,3.4826756972591344
17,79,0.4628658494065111,0.0,42,80,0,0,49600,0.06252915295689775,0.12434797892275627,3.499854644942021
17,80,0.4785443630923555,0.0,120,81,0,0,49599,0.06252789228849136,0.1270288855052077,3.5336150666603814
17,81,0.46639450711644403,0.0,67,82,0,0,49491,0.06239174010060134,0.1252640706784193,3.504620743597711
17,82,0.47147332315302715,0.0,102,83,0,0,49543,0.06245729485773357,0.12556063176784832,3.5150839169759323
17,83,0.4651798374222084,0.0,57,84,0,0,49595,0.0625228496148658,0.12480718445103067,3.5012040403679108
17,84,0.4617375979961982,0.0,35,85,0,0,49620,0.06255436632502553,0.12400845133961118,3.491380503358434
17,85,0.4706698033464721,0.0,93,86,0,0,49643,0.06258336169837247,0.12515907304644106,3.543604384618558
17,86,0.4537613512325877,0.0,10,87,1,0,49551,0.062467380204984685,0.1227906610627562,3.463987111511578
17,87,0.47542049261645347,0.0,115,88,0,0,49604,0.0625341956305233,0.12599255359342518,3.523675019772274
17,88,0.5019043094328854,0.0,125,89,0,0,49656,0.06259975038765553,0.13039700762414952,3.5958685283286274
17,89,0.47452922422218297,0.0,113,90,0,0,49607,0.06253797763574247,0.12642001955250423,3.5253079664233895
17,90,0.46578266155379117,0.0,61,91,0,0,49592,0.06251906760964664,0.12504881970997697,3.4962088898407893
17,91,0.46413860774695687,0.0,50,92,0,0,49543,0.06245729485773357,0.12446133792381561,3.4991934180974806
17,92,0.47090001290141553,0.0,96,93,0,0,49527,0.06243712416323135,0.12596369497013166,3.5072197957540636
17,93,0.4720109900249289,0.0,104,94,0,0,49626,0.06256193033546387,0.12576820363606603,3.521428013425599
17,94,0.4755883529218567,0.0,116,95,0,0,49651,0.06259344704562358,0.12681312173423695,3.516270292435319
17,95,0.479449065618808,0.0,121,96,0,0,49629,0.06256571234068303,0.12708822723698238,3.5414854405881724
17,96,0.46502484122281085,0.0,55,97,0,0,49604,0.0625341956305233,0.124773858219204,3.500651875474562
17,97,0.4605525834327448,0.0,27,98,0,0,49590,0.06251654627283386,0.12372193441462026,3.4905508711655333
17,98,0.4537557261132232,0.0,9,99,1,0,49492,0.06239300076900773,0.12331440872633567,3.4684022122172187
17,99,0.4645012248917634,0.0,54,100,0,0,49601,0.06253041362530413,0.1246463538695908,3.500654774258274
17,100,0.46313925429429037,0.0,45,101,0,0,49692,0.06264513445028554,0.12475433745556036,3.4889794026706284
17,101,0.4700105064093066,0.0,91,102,0,0,49673,0.06262118175056415,0.12634963630531099,3.5126925819893837
17,102,0.4699092706862008,0.0,90,103,0,0,49580,0.06250393958876997,0.12599387078415625,3.5074177323522457
17,103,0.4421513914701377,0.0,6,104,1,0,49439,0.06232618534346911,0.12080684583108563,3.4404882187931833
17,104,0.469211432945766,0.0,88,105,0,0,49541,0.06245477352092079,0.12535748878052014,3.512314145326793
17,105,0.4707691019041124,0.0,94,106,0,0,49615,0.06254806298299358,0.1263447968016138,3.4977933092065503
17,106,0.5144781528161139,0.0,126,107,0,0,49677,0.0626262244241897,0.13234115918584913,3.609115053631442
17,107,0.477860565847154,0.0,119,108,0,0,49564,0.06248376889426774,0.12693178730340138,3.5345761237077418
17,108,0.4687808307073293,0.0,85,109,0,0,49570,0.06249133290470608,0.1253246293323359,3.510706977904905
17,109,0.46833657079698554,0.0,80,110,0,0,49631,0.06256823367749581,0.12522123276820907,3.5140245426893744
17,110,0.45992301803454316,0.0,21,111,0,0,49510,0.062415692800322733,0.12364336174772234,3.489986599002096
17,111,0.4738022201063141,0.0,112,112,0,0,49510,0.062415692800322733,0.125972117311008,3.5170027090597267
17,112,0.47221996677989714,0.0,106,113,0,0,49619,0.06255310565661915,0.1257595588274072,3.5200641438729328
17,113,0.4689302865247796,0.0,86,114,0,0,49517,0.062424517479167455,0.1252978265060622,3.5034138884958996
17,114,0.4680998302215225,0.0,79,115,0,0,49562,0.06248124755745496,0.1254813039893632,3.497598864086612
17,115,0.46861355002090693,0.0,83,116,0,0,49555,0.06247242287861024,0.12521522832159926,3.5171408871385754
17,116,0.465733246601777,0.0,60,117,0,0,49582,0.06250646092558275,0.12429737206180295,3.5049479406487625
17,117,0.47371021757354265,0.0,110,118,0,0,49660,0.0626047930612811,0.12623858857094233,3.5225800501573596
17,118,0.45686615772151684,0.0,14,119,0,0,49596,0.06252411028327219,0.12330830852693458,3.4893383140531022
17,119,0.4668563820639865,0.0,71,120,0,0,49601,0.06253041362530413,0.1251935366538819,3.4978300173644286
17,120,0.446399942763273,0.0,8,121,1,0,49672,0.06261992108215776,0.12244678454488314,3.4593834781016928
17,121,0.4624265004875822,0.0,38,122,0,0,49681,0.06263126709781526,0.12424621895037068,3.4995615982755184
17,122,0.465245426658033,0.0,59,123,0,0,49563,0.06248250822586135,0.1248963611475585,3.497424148841612
17,123,0.4607355543960763,0.0,29,124,0,0,49604,0.0625341956305233,0.12374390335922536,3.491404142139934
17,124,0.46942976812307136,0.0,89,125,0,0,49471,0.06236652673247356,0.125228129738976,3.5157408684878555
17,125,0.4399637056631416,0.0,4,126,1,0,49468,0.06236274472725439,0.12006376139802905,3.4340810490838214
17,126,0.45726880244488755,0.0,15,127,0,0,49586,0.0625115035992083,0.12323312762394761,3.489622919796179
17,127,0.4643134443869736,0.0,52,128,0,0,49557,0.06247494421542302,0.12398992196953147,3.5060883014038637
18,0,0.42468127229631364,0.0,78,1,0,1,49555,0.06247242287861024,0.1254665879657673,3.242055237436654
18,1,0.42723397495535315,0.0,95,2,0,1,49609,0.06254049897255524,0.12586665472930408,3.24104590370326
18,2,0.42054984118739297,0.0,41,3,0,1,49612,0.06254428097777441,0.12485290213445918,3.2186973448972855
18,3,0.39298325386870375,0.0,5,4,1,1,49475,0.062371569406099114,0.11775211107733125,3.191526742775688
18,4,0.43340286814568857,0.0,114,5,0,1,49597,0.06252537095167858,0.12743195044475217,3.254196527114466
18,5,0.4188910412536149,0.0,27,6,0,1,49544,0.06245855552613996,0.1241235624759398,3.226849647643389
18,6,0.41638733722532884,0.0,16,7,0,1,49592,0.06251906760964664,0.12366207843645055,3.2280900826823666
18,7,0.43158072889391424,0.0,111,8,0,1,49601,0.06253041362530413,0.12714443996013755,3.2452300345421676
18,8,0.4243023024665529,0.0,76,9,0,1,49527,0.06243712416323135,0.1254798391400687,3.23611430566831
18,9,0.4254070474383569,0.0,84,10,0,1,49624,0.06255940899865109,0.12580037799048416,3.229169696773656
18,10,0.4300919309469777,0.0,102,11,0,1,49554,0.06247116221020385,0.12665042168502771,3.2431050022477295
18,11,0.426071500105396,0.0,90,12,0,1,49624,0.06255940899865109,0.1256809001338075,3.2387067879617244
18,12,0.4097257083085228,0.0,6,13,1,0,49446,0.06233501002231383,0.12218928727293564,3.2130829727350205
18,13,0.3515689474865109,0.0,3,14,1,0,49425,0.06230853598577966,0.10785853689307508,3.0989448852967945
18,14,0.42406154879259084,0.0,72,15,0,0,49605,0.06253545629892969,0.12535694936625888,3.2258706483881316
18,15,0.4200561000860298,0.0,37,16,0,0,49597,0.06252537095167858,0.12423436244335326,3.2291473386675387
18,16,0.3392980805481542,0.0,2,17,1,0,49414,0.06229466863330938,0.10535002448177083,3.0816877731797123
18,17,0.42204496716770834,0.0,55,18,0,0,49539,0.06245225218410801,0.124600376364142,3.230168025216571
18,18,0.4101505368938252,0.0,7,19,1,0,49513,0.0624194748055419,0.12204157310801272,3.2105632607082213
18,19,0.43149358739887317,0.0,110,20,0,0,49553,0.06246990154179746,0.1265172928435554,3.256644660161162
18,20,0.41789424877785236,0.0,23,21,0,0,49569,0.06249007223629969,0.12387502563883171,3.21461346177236
18,21,0.42622036210719366,0.0,92,22,0,0,49572,0.062493854241518855,0.1261856770700519,3.228701688105447
18,22,0.42185029963200155,0.0,52,23,0,0,49607,0.06253797763574247,0.12502171811547177,3.2263633741797935
18,23,0.4233069677457942,0.0,65,24,0,0,49516,0.062423256810761066,0.12466680367402531,3.2408524505719085
18,24,0.434905981292522,0.0,118,25,0,0,49542,0.06245603418932718,0.12764408191485013,3.2476168996756987
18,25,0.4199937268274141,0.0,36,26,0,0,49495,0.062396782774226896,0.12464848707144713,3.2205488762490564
18,26,0.42285517986807364,0.0,61,27,0,0,49535,0.06244720951048246,0.12460526441022464,3.2366339568635363
18,27,0.42809157957500615,0.0,99,28,0,0,49627,0.06256319100387026,0.12604469135396879,3.2388700023948473
18,28,0.41482941517555105,0.0,9,29,1,0,49485,0.062384176090163,0.12325509406251324,3.2189680910856953
18,29,0.4189597874556822,0.0,28,30,0,0,49645,0.06258588303518525,0.12405692500615978,3.22573783243199
18,30,0.4258729160182408,0.0,88,31,0,0,49538,0.062450991515701625,0.12536263850968887,3.2424157971752594
18,31,0.4256846111700104,0.0,86,32,0,0,49564,0.06248376889426774,0.1255223023867232,3.2458799204827327
18,32,0.42385995606897653,0.0,71,33,0,0,49575,0.06249763624673802,0.125370732381211,3.2340152094184416
18,33,0.42099162002961055,0.0,46,34,0,0,49558,0.062476204883829406,0.12431641846377746,3.2368583141146043
18,34,0.4178494976708915,0.0,22,35,0,0,49575,0.06249763624673802,0.1240585454447412,3.218348417220196
18,35,0.42758168139829766,0.0,97,36,0,0,49650,0.0625921863772172,0.1262861066181419,3.239302813054493
18,36,0.44968159143775255,0.0,122,37,0,0,49679,0.06262874576100248,0.1305028852962812,3.3079705539195183
18,37,0.4162107889747609,0.0,15,38,0,0,49583,0.06250772159398914,0.12297504629545049,3.2281085277771218
18,38,0.42166757671637334,0.0,51,39,0,0,49569,0.06249007223629969,0.125042303937854,3.2236886558391835
18,39,0.46570013487355777,0.0,125,40,0,0,49679,0.06262874576100248,0.13434419057601615,3.314770220253361
18,40,0.420332735110816,0.0,40,41,0,0,49563,0.06248250822586135,0.12412928875607206,3.238412567465814
18,41,0.43073691766914113,0.0,105,42,0,0,49616,0.06254932365139997,0.12679253978393756,3.2437448185223654
18,42,0.4847978921019999,0.0,126,43,0,0,49693,0.06264639511869192,0.13796062264449394,3.3817851587737318
18,43,0.4313399345608075,0.0,108,44,0,0,49596,0.06252411028327219,0.1266274632238881,3.2485567972633946
18,44,0.4186868476676911,0.0,26,45,0,0,49498,0.06240056477944606,0.12372042926319557,3.234390361608809
18,45,0.42478783942457665,0.0,79,46,0,0,49516,0.062423256810761066,0.12489365563722724,3.2414219293407758
18,46,0.4238008953103756,0.0,70,47,0,0,49515,0.06242199614235468,0.12503517356180283,3.2426875510056554
18,47,0.42464771090019204,0.0,77,48,0,0,49568,0.0624888115678933,0.12523704038774644,3.235150173978378
18,48,0.41553713754958654,0.0,12,49,1,0,49566,0.062486290231080516,0.12295034847366235,3.2268356945935213
18,49,0.4233150146456147,0.0,66,50,0,0,49650,0.0625921863772172,0.12500006511477305,3.2452942108118266
18,50,0.42079913369157185,0.0,43,51,0,0,49508,0.062413171463509956,0.12401620625478607,3.2446397192012606
18,51,0.4205501226494282,0.0,42,52,0,0,49598,0.06252663162008497,0.124476950141139,3.228891212458649
18,52,0.4201538145463141,0.0,38,53,0,0,49493,0.06239426143741412,0.12422501976782745,3.231402186620871
18,53,0.4908635761755049,0.0,127,54,0,0,49696,0.06265017712391109,0.14128568176589715,3.336571519517055
18,54,0.4241910479663389,0.0,74,55,0,0,49623,0.0625581483302447,0.12517933562616265,3.2426726612511994
18,55,0.414940587780817,0.0,10,56,1,0,49518,0.06242577814757384,0.1231276808703268,3.2176710042918804
18,56,0.41513655674959643,0.0,11,57,1,0,49597,0.06252537095167858,0.12333265050068998,3.2206867529922163
18,57,0.4285248434329931,0.0,100,58,0,0,49653,0.06259596838243636,0.12564001386910192,3.251558423323815
18,58,0.4235693896875202,0.0,68,59,0,0,49536,0.06244847017888885,0.12488813206658894,3.240824302477972
18,59,0.41643740645992844,0.0,17,60,0,0,49522,0.0624308208211994,0.12328350635930817,3.2264788946845036
18,60,0.4273837281742117,0.0,96,61,0,0,49634,0.06257201568271498,0.1260112200526624,3.2391241115204603
18,61,0.4173580075897405,0.0,19,62,0,0,49603,0.06253293496211691,0.12327866432880964,3.2264278420193317
18,62,0.4196350119289357,0.0,33,63,0,0,49581,0.06250520025717636,0.12383319003059425,3.2407811726492812
18,63,0.41129986570993327,0.0,8,64,1,0,49433,0.062318621333030774,0.12211736262392053,3.21499154812491
18,64,0.43012475681949053,0.0,103,65,0,0,49614,0.06254680231458719,0.12652017513089794,3.245803999603827
18,65,0.4198970888894339,0.0,35,66,0,0,49624,0.06255940899865109,0.12409073401617997,3.2319795262124034
18,66,0.44006533986910634,0.0,121,67,0,0,49559,0.062477465552235795,0.12825971770969302,3.273218841234461
18,67,0.42099325873267224,0.0,47,68,0,0,49522,0.0624308208211994,0.12489830419562017,3.229816317150175
18,68,0.3029141528097592,0.0,1,69,1,0,49390,0.062264412591556045,0.09663251568156925,2.988135769569723
18,69,0.42232290369848147,0.0,58,70,0,0,49588,0.06251402493602108,0.124500238829667,3.243529560167364
18,70,0.4157110934055582,0.0,13,71,0,0,49554,0.06247116221020385,0.1232686904014139,3.2190376868119124
18,71,0.4318836444577428,0.0,112,72,0,0,49626,0.06256193033546387,0.12720696964275158,3.2446181869422603
18,72,0.422870278681913,0.0,62,73,0,0,49584,0.06250898226239553,0.1250186892821826,3.231250655739823
18,73,0.4251765078312353,0.0,81,74,0,0,49555,0.06247242287861024,0.12489247820006978,3.2511298155935378
18,74,0.44982265535729554,0.0,123,75,0,0,49668,0.0626148784085322,0.13198399349528536,3.266013222200053
18,75,0.4209846519436627,0.0,45,76,0,0,49512,0.06241821413713551,0.12413757225545356,3.242217974078044
18,76,0.4309972252893234,0.0,106,77,0,0,49591,0.06251780694124025,0.12723206347927096,3.2334069656560374
18,77,0.43232878429864335,0.0,113,78,0,0,49577,0.0625001575835508,0.12677571043696917,3.25423712741411
18,78,0.42408483242580713,0.0,73,79,0,0,49512,0.06241821413713551,0.12528491426514493,3.2336322017881924
18,79,0.4180510752757861,0.0,25,80,0,0,49683,0.06263378843462804,0.12402244197452185,3.2274048634321435
18,80,0.4257233532895641,0.0,87,81,0,0,49652,0.06259470771402997,0.12524610517633117,3.245776181660036
18,81,0.41959133295922596,0.0,31,82,0,0,49501,0.06240434678466523,0.12407010398211064,3.233002838018615
18,82,0.42305955483276786,0.0,64,83,0,0,49595,0.0625228496148658,0.12442904795382079,3.248296015233367
18,83,0.41800221808031535,0.0,24,84,0,0,49603,0.06253293496211691,0.12379151439163955,3.2292710189487632
18,84,0.4218907475116579,0.0,54,85,0,0,49612,0.06254428097777441,0.1240999427265349,3.2420698193094974
18,85,0.4249126507847539,0.0,80,86,0,0,49582,0.06250646092558275,0.12598626885518355,3.224594735856497
18,86,0.41586217363709665,0.0,14,87,0,0,49556,0.06247368354701663,0.12353502292678332,3.2219078155169836
18,87,0.42427760049736757,0.0,75,88,0,0,49587,0.06251276426761469,0.12526060425293203,3.234044221412439
18,88,0.43143534131494465,0.0,109,89,0,0,49553,0.06246990154179746,0.12678349048780782,3.254571095340091
18,89,0.4218678985939513,0.0,53,90,0,0,49619,0.06255310565661915,0.1243941806756865,3.2345321104502203
18,90,0.4557968984241276,0.0,124,91,0,0,49672,0.06261992108215776,0.13233982743045897,3.2834392629930327
18,91,0.4264292549217994,0.0,93,92,0,0,49518,0.06242577814757384,0.1257654194383017,3.241790639786131
18,92,0.4382398739634725,0.0,119,93,0,0,49569,0.06249007223629969,0.12716924803663185,3.2572761745314645
18,93,0.41714598239423095,0.0,18,94,0,0,49667,0.06261361774012582,0.12353614430492733,3.229405311203255
18,94,0.41751862265886436,0.0,21,95,0,0,49622,0.06255688766183831,0.1233948865534598,3.2323438375705327
18,95,0.43108040919020596,0.0,107,96,0,0,49593,0.06252032827805303,0.12661652953926564,3.2475464337123383
18,96,0.4262161568113128,0.0,91,97,0,0,49593,0.06252032827805303,0.1251955623870017,3.249789625738391
18,97,0.4212314424945168,0.0,49,98,0,0,49558,0.062476204883829406,0.12470097244923185,3.229530964467542
18,98,0.4336044433468989,0.0,116,99,0,0,49639,0.06257831902474692,0.12608088716747062,3.251185860763587
18,99,0.42717433052643183,0.0,94,100,0,0,49558,0.062476204883829406,0.12615594728808296,3.234961112240072
18,100,0.4230205564504289,0.0,63,101,0,0,49509,0.062414432131916345,0.12479531996816842,3.2387014094136632
18,101,0.420258013143376,0.0,39,102,0,0,49635,0.06257327635112137,0.12415351721887725,3.2358511029615906
18,102,0.4237773574954391,0.0,69,103,0,0,49506,0.06241065012669717,0.12495655813252723,3.245269896949658
18,103,0.42283722775166366,0.0,60,104,0,0,49652,0.06259470771402997,0.124752085262931,3.2391299488763647
18,104,0.4195970062641796,0.0,32,105,0,0,49646,0.06258714370359164,0.12375385888102146,3.238836589929779
18,105,0.4253008830755449,0.0,82,106,0,0,49585,0.06251024293080192,0.12554426665842425,3.232682999057465
18,106,0.4191657887982489,0.0,29,107,0,0,49669,0.0626161390769386,0.12377235004348171,3.2280047266200453
18,107,0.42780293150220644,0.0,98,108,0,0,49653,0.06259596838243636,0.1259032587628235,3.2450367761611614
18,108,0.42253719686685554,0.0,59,109,0,0,49606,0.06253671696733608,0.12495024023564129,3.228045183487706
18,109,0.4398605843078547,0.0,120,110,0,0,49649,0.06259092570881081,0.12811873180228578,3.2610093471760377
18,110,0.4194418264742536,0.0,30,111,0,0,49467,0.062361484058848005,0.1239436570961864,3.2295236325652956
18,111,0.4233908278156576,0.0,67,112,0,0,49585,0.06251024293080192,0.12497200968334322,3.2347047468812957
18,112,0.4254405090687943,0.0,85,113,0,0,49527,0.06243712416323135,0.1255630663291595,3.244805824915096
18,113,0.42226805571066456,0.0,57,114,0,0,49533,0.06244468817366968,0.12471152151050222,3.2380984264889636
18,114,0.3858391767577493,0.0,4,115,1,0,49429,0.06231357865940522,0.11594156115049906,3.1854785438113584
18,115,0.42108306871910706,0.0,48,116,0,0,49659,0.06260353239287471,0.12420918023268769,3.2383078448692433
18,116,0.4208384748075686,0.0,44,117,0,0,49531,0.062442166836856904,0.12450519062776333,3.232375097342675
18,117,0.4253493791682646,0.0,83,118,0,0,49548,0.06246359819976552,0.12542333547710108,3.2378931583273665
18,118,0.43001051920927036,0.0,101,119,0,0,49596,0.06252411028327219,0.12638431741427972,3.2526599871976263
18,119,0.43344817039717215,0.0,115,120,0,0,49654,0.06259722905084275,0.12680119567522546,3.2551935572927886
18,120,0.43063740796584343,0.0,104,121,0,0,49578,0.0625014182519572,0.12662632727562784,3.247888729214577
18,121,0.42137871626584517,0.0,50,122,0,0,49669,0.0626161390769386,0.12418173439024466,3.235170286051777
18,122,0.515158894849832,0.0,128,123,0,0,49709,0.06266656581319416,0.1470448977477253,3.377871806183634
18,123,0.4259316435149579,0.0,89,124,0,0,49615,0.06254806298299358,0.1255633775722962,3.2491340723675024
18,124,0.41989038692749764,0.0,34,125,0,0,49558,0.062476204883829406,0.12414649209255908,3.2234676393332933
18,125,0.4222536957882281,0.0,56,126,0,0,49599,0.06252789228849136,0.1248977323035848,3.232426068709832
18,126,0.41739502168250026,0.0,20,127,0,0,49615,0.06254806298299358,0.12416693104552481,3.2200042814621708
18,127,0.43443801051981645,0.0,117,128,0,0,49505,0.06240938945829078,0.1275660578244254,3.2478112476975878
19,0,0.573045970776115,0.0,19,1,0,1,49605,0.06253545629892969,0.12304071643783186,4.484000149791298
19,1,0.5926602321967375,0.0,115,2,0,1,49663,0.06260857506650026,0.12612935500768735,4.524121908610969
19,2,0.582674874548193,0.0,58,3,0,1,49596,0.06252411028327219,0.12460976620943856,4.503343653956199
19,3,0.582675043964066,0.0,59,4,0,1,49637,0.06257579768793414,0.12480115882909677,4.490599607454074
19,4,0.591524077393514,0.0,111,5,0,1,49655,0.06259848971924914,0.12540943176859684,4.542332141096117
19,5,0.6246130682379162,0.0,126,6,0,1,49699,0.06265395912913027,0.13211440725759155,4.570074290392066
19,6,0.5905795664806216,0.0,103,7,0,1,49589,0.06251528560442747,0.12630877353344283,4.495105969311661
19,7,0.5727810866453836,0.0,18,8,0,1,49528,0.06243838483163774,0.12333074701266844,4.488925356801483
19,8,0.5798164709285917,0.0,42,9,0,1,49604,0.0625341956305233,0.12480167560585029,4.480794599139713
19,9,0.586695054621757,0.0,87,10,0,1,49581,0.06250520025717636,0.1254031302865372,4.508794638661267
19,10,0.5838417337606953,0.0,70,11,0,1,49620,0.06255436632502553,0.12442474657431671,4.510119514109235
19,11,0.5808538942458827,0.0,49,12,0,1,49571,0.062492593573112466,0.12456337660368455,4.49184044363106
19,12,0.5623672797654033,0.0,5,13,1,0,49483,0.062381654753350224,0.1214045054257567,4.450409105230972
19,13,0.5787067218825186,0.0,35,14,0,0,49549,0.06246485886817191,0.12414014469209847,4.481368732626905
19,14,0.5860591409233002,0.0,84,15,0,0,49549,0.06246485886817191,0.1254896667045512,4.49455756708478
19,15,0.5831384870949876,0.0,62,16,0,0,49587,0.06251276426761469,0.12498881581982985,4.4928514505410355
19,16,0.5872504726701533,0.0,91,17,0,0,49641,0.0625808403615597,0.1259772608182777,4.486949888200316
19,17,0.5836167477353473,0.0,67,18,0,0,49605,0.06253545629892969,0.125017167096185,4.49833946321847
19,18,0.5773969793745505,0.0,31,19,0,0,49552,0.062468640873391074,0.1241088002902634,4.4771426806798775
19,19,0.5720372357813774,0.0,15,20,0,0,49677,0.0626262244241897,0.12351758128627248,4.475255538330686
19,20,0.5819098700301156,0.0,52,21,0,0,49574,0.06249637557833163,0.12458400862560402,4.490937804868988
19,21,0.5974360717733196,0.0,124,22,0,0,49643,0.06258336169837247,0.1272012568900922,4.520247404534952
19,22,0.5743436890720768,0.0,21,23,0,0,49535,0.06244720951048246,0.12317378019790506,4.480929738664401
19,23,0.5807006182166344,0.0,48,24,0,0,49501,0.06240434678466523,0.12471999870306734,4.483403761577038
19,24,0.5855543819890158,0.0,82,25,0,0,49527,0.06243712416323135,0.12549618875689195,4.495086953060167
19,25,0.5805048438291202,0.0,45,26,0,0,49574,0.06249637557833163,0.12485042578972193,4.47988390508968
19,26,0.5911532705358383,0.0,107,27,0,0,49565,0.06248502956267413,0.12625351121269027,4.510231200226304
19,27,0.5784351024483769,0.0,34,28,0,0,49662,0.06260731439809387,0.12376082965281333,4.499024404661369
19,28,0.5994223534598666,0.0,125,29,0,0,49704,0.06266026247116221,0.12739845311674491,4.5225615141957975
19,29,0.5871318785428988,0.0,89,30,0,0,49496,0.062398043442633284,0.12547711511335982,4.511999384797034
19,30,0.5909270562346165,0.0,105,31,0,0,49547,0.06246233753135913,0.12657414415517143,4.495213267500272
19,31,0.5724845045150347,0.0,16,32,0,0,49485,0.062384176090163,0.12254045918242093,4.499789759492207
19,32,0.596157681230598,0.0,123,33,0,0,49664,0.06260983573490665,0.12745424856830984,4.512013284410628
19,33,0.5680355796624823,0.0,10,34,1,0,49510,0.062415692800322733,0.12276421293606513,4.4622284725306605
19,34,0.5757787805561186,0.0,25,35,0,0,49533,0.06244468817366968,0.12387452834606691,4.476057163787656
19,35,0.5821820126653997,0.0,55,36,0,0,49608,0.06253923830414886,0.1250471222258181,4.489905164483208
19,36,0.575908949682818,0.0,27,37,0,0,49545,0.062459816194546346,0.12365760952121484,4.482702646879809
19,37,0.5756278572527419,0.0,24,38,0,0,49523,0.06243208148960579,0.12500682174052918,4.459349835293107
19,38,0.5717190910210997,0.0,14,39,0,0,49541,0.06245477352092079,0.12320954396603226,4.4701000465005345
19,39,0.5931177306283119,0.0,117,40,0,0,49617,0.06255058431980637,0.1264543701847712,4.50372369627642
19,40,0.5774007859966308,0.0,32,41,0,0,49531,0.062442166836856904,0.12382678640757214,4.4779240127112585
19,41,0.5746084904196558,0.0,22,42,0,0,49517,0.062424517479167455,0.12328029005489838,4.4883608323883415
19,42,0.5906920756052673,0.0,104,43,0,0,49635,0.06257327635112137,0.12646156512317167,4.506564866674231
19,43,0.5881774860933148,0.0,94,44,0,0,49555,0.06247242287861024,0.125587327788488,4.500136527103243
19,44,0.5820314346585708,0.0,53,45,0,0,49571,0.062492593573112466,0.12474646472606077,4.496629977360269
19,45,0.5643642005768651,0.0,6,46,1,0,49471,0.06236652673247356,0.12180197014891514,4.465255387714563
19,46,0.5913491724029154,0.0,108,47,0,0,49615,0.06254806298299358,0.12634136717810449,4.507727240320321
19,47,0.5834642867828872,0.0,66,48,0,0,49590,0.06251654627283386,0.1250891938808585,4.4833996972091645
19,48,0.576251235984096,0.0,29,49,0,0,49598,0.06252663162008497,0.12413142822745424,4.476011180758706
19,49,0.5833311749945402,0.0,65,50,0,0,49570,0.06249133290470608,0.1255044992721929,4.474729207844244
19,50,0.5797366945766159,0.0,41,51,0,0,49568,0.0624888115678933,0.12419155132513764,4.494876963040426
19,51,0.7299750357343079,0.0,128,52,0,0,49707,0.06266404447638138,0.1491953584700907,4.710783867062392
19,52,0.5304952361808355,0.0,1,53,1,0,49451,0.06234131336434578,0.11585660349907699,4.414195006208135
19,53,0.5895022366652777,0.0,101,54,0,0,49646,0.06258714370359164,0.1262285679201007,4.49688801606925
19,54,0.5883664615910614,0.0,96,55,0,0,49520,0.06242829948438662,0.1260972712811847,4.497587939119831
19,55,0.5843571121087234,0.0,72,56,0,0,49602,0.06253167429371052,0.12491480365323747,4.509362520599714
19,56,0.5791248518941756,0.0,37,57,0,0,49499,0.06240182544785245,0.1243494387372343,4.4834596537698
19,57,0.5822858198655306,0.0,56,58,0,0,49604,0.0625341956305233,0.12467456355748933,4.497407391165754
19,58,0.5850292870707368,0.0,77,59,0,0,49537,0.062449730847295236,0.1254697524146574,4.491540823851159
19,59,0.5854713965716235,0.0,80,60,0,0,49585,0.06251024293080192,0.12527798881858146,4.501051952066281
19,60,0.5831029953907452,0.0,61,61,0,0,49527,0.06243712416323135,0.124849324755435,4.493268133066255
19,61,0.5654094271272607,0.0,7,62,1,0,49506,0.06241065012669717,0.12201801757656487,4.4614163695224125
19,62,0.5714284018156948,0.0,12,63,1,0,49523,0.06243208148960579,0.12247841444929473,4.49073020437165
19,63,0.5781894196598584,0.0,33,64,0,0,49563,0.06248250822586135,0.12411515591450573,4.4913863261613844
19,64,0.5935286304426756,0.0,118,65,0,0,49515,0.06242199614235468,0.1265275377816312,4.497454419511346
19,65,0.5758189864545472,0.0,26,66,0,0,49558,0.062476204883829406,0.12346806815541296,4.483879416085403
19,66,0.5861361249815253,0.0,85,67,0,0,49595,0.0625228496148658,0.1252711980628329,4.497067552583312
19,67,0.5797099312831941,0.0,40,68,0,0,49655,0.06259848971924914,0.12379489777880354,4.499972175648906
19,68,0.5870270534565651,0.0,88,69,0,0,49608,0.06253923830414886,0.12529201686382743,4.504590043351103
19,69,0.5919729538865434,0.0,113,70,0,0,49614,0.06254680231458719,0.12649037477417266,4.496556838673806
19,70,0.651097035507839,0.0,127,71,0,0,49704,0.06266026247116221,0.13414670449899532,4.680722107570216
19,71,0.5949999441601009,0.0,120,72,0,0,49612,0.06254428097777441,0.12656842486248518,4.521228797312259
19,72,0.584514375105068,0.0,73,73,0,0,49597,0.06252537095167858,0.12495241993489725,4.515757554148659
19,73,0.5830191947889263,0.0,60,74,0,0,49556,0.06247368354701663,0.12486581774194698,4.500856546069949
19,74,0.5711034053580509,0.0,11,75,1,0,49505,0.06240938945829078,0.12287582513520605,4.483957096590432
19,75,0.5669366943551492,0.0,9,76,1,0,49466,0.06236022339044161,0.12264949691769987,4.454068744988556
19,76,0.5950617378789645,0.0,121,77,0,0,49565,0.06248502956267413,0.1271567964814562,4.503416745964176
19,77,0.589177193205444,0.0,100,78,0,0,49642,0.06258210102996609,0.12572031348901985,4.5143215767991975
19,78,0.5936126101603291,0.0,119,79,0,0,49653,0.06259596838243636,0.1266975921934312,4.505322064187574
19,79,0.5856313996170925,0.0,83,80,0,0,49557,0.06247494421542302,0.12581291523992957,4.481505347279248
19,80,0.591142014642166,0.0,106,81,0,0,49568,0.0624888115678933,0.12595747443815794,4.5070193464209884
19,81,0.5754011023077914,0.0,23,82,0,0,49540,0.0624535128525144,0.12404299328178107,4.470745333419071
19,82,0.5816593037491985,0.0,51,83,0,0,49656,0.06259975038765553,0.12500165579622227,4.4814722761826635
19,83,0.5916118054734384,0.0,112,84,0,0,49562,0.06248124755745496,0.12608759098297942,4.511124335419735
19,84,0.5791299275987148,0.0,38,85,0,0,49562,0.06248124755745496,0.124066209626136,4.496037324676308
19,85,0.5885506023982993,0.0,97,86,0,0,49576,0.06249889691514441,0.1255821791967509,4.502766220759078
19,86,0.5796618148974091,0.0,39,87,0,0,49649,0.06259092570881081,0.12436393270638459,4.485280264629001
19,87,0.582067247710903,0.0,54,88,0,0,49693,0.06264639511869192,0.12475981162605917,4.501367036622425
19,88,0.5890596209362126,0.0,99,89,0,0,49599,0.06252789228849136,0.1255515557523689,4.505993395791457
19,89,0.595491373473669,0.0,122,90,0,0,49552,0.062468640873391074,0.12698881893676894,4.507732624162151
19,90,0.5832971174763114,0.0,64,91,0,0,49534,0.06244594884207607,0.12441618858054103,4.512255142907504
19,91,0.5905767099771705,0.0,102,92,0,0,49630,0.06256697300908942,0.12628148101788497,4.502728602264273
19,92,0.572691032210754,0.0,17,93,0,0,49483,0.062381654753350224,0.12319057046707003,4.477696415792427
19,93,0.5772231334128181,0.0,30,94,0,0,49527,0.06243712416323135,0.12410455656124868,4.482798143522089
19,94,0.5836438232873503,0.0,68,95,0,0,49591,0.06251780694124025,0.12492963651683488,4.503922949740357
19,95,0.5801391041953884,0.0,44,96,0,0,49530,0.062440906168450515,0.12441468966909335,4.487409842417265
19,96,0.5806017051764222,0.0,47,97,0,0,49543,0.06245729485773357,0.12481654816854401,4.48083723507172
19,97,0.5790603534015268,0.0,36,98,0,0,49528,0.06243838483163774,0.12472041896169822,4.478238736272124
19,98,0.5715114736609791,0.0,13,99,0,0,49533,0.06244468817366968,0.12307467467504854,4.466230456121036
19,99,0.576058477309372,0.0,28,100,0,0,49590,0.06251654627283386,0.12338325677486146,4.483918644234148
19,100,0.5864187353684827,0.0,86,101,0,0,49505,0.06240938945829078,0.1234740003711859,4.497710694036345
19,101,0.5924319700818551,0.0,114,102,0,0,49639,0.06257831902474692,0.1261810706317297,4.513643524652674
19,102,0.5811246828202095,0.0,50,103,0,0,49591,0.06251780694124025,0.12430791839248026,4.499038120106736
19,103,0.5849976064772728,0.0,76,104,0,0,49550,0.062466119536578296,0.12582311329834997,4.48062821803421
19,104,0.5842181002289819,0.0,71,105,0,0,49578,0.0625014182519572,0.12489898679029961,4.502678621495313
19,105,0.5846235867980003,0.0,74,106,0,0,49592,0.06251906760964664,0.12575080511338227,4.4747582677630175
19,106,0.5658136081025366,0.0,8,107,1,0,49481,0.06237913341653745,0.12205877238527142,4.460594953170532
19,107,0.5608149601494454,0.0,4,108,1,0,49492,0.06239300076900773,0.12082298666823336,4.457078099590838
19,108,0.5732511829214679,0.0,20,109,0,0,49561,0.06247998688904857,0.12331002656285389,4.475834167285509
19,109,0.5851610758783987,0.0,78,110,0,0,49587,0.06251276426761469,0.12524260623913902,4.494677164923347
19,110,0.585444158172142,0.0,79,111,0,0,49594,0.06252158894645941,0.12534652675685323,4.4931994302037035
19,111,0.5929485298980951,0.0,116,112,0,0,49610,0.06254175964096163,0.12642850255069144,4.5099604698438736
19,112,0.5355526232114863,0.0,2,113,1,0,49450,0.06234005269593939,0.11692317192628227,4.406727607395277
19,113,0.5872497138141156,0.0,90,114,0,0,49561,0.06247998688904857,0.1254187559174374,4.485643987556216
19,114,0.580511484071812,0.0,46,115,0,0,49570,0.06249133290470608,0.12453368712364665,4.486470429598296
19,115,0.5915212629516493,0.0,110,116,0,0,49653,0.06259596838243636,0.1257995111431919,4.507180169527223
19,116,0.5461111054212547,0.0,3,117,1,0,49466,0.06236022339044161,0.11873796773536043,4.428777546970133
19,117,0.5875563281759907,0.0,92,118,0,0,49647,0.06258840437199803,0.12588796554317547,4.498310303540066
19,118,0.588262413509468,0.0,95,119,0,0,49587,0.06251276426761469,0.126153589789246,4.487873154182336
19,119,0.5846979668475416,0.0,75,120,0,0,49663,0.06260857506650026,0.12514771350381493,4.498090404799444
19,120,0.5886246667339248,0.0,98,121,0,0,49597,0.06252537095167858,0.1254543320073024,4.508455555618414
19,121,0.5878442547734477,0.0,93,122,0,0,49593,0.06252032827805303,0.12581359425501912,4.487883570171571
19,122,0.5831723141720687,0.0,63,123,0,0,49534,0.06244594884207607,0.12520262555397813,4.4810050526658145
19,123,0.5854993238566176,0.0,81,124,0,0,49636,0.06257453701952775,0.12521494529125599,4.486399824950531
19,124,0.5825371674298049,0.0,57,125,0,0,49654,0.06259722905084275,0.1249498999037823,4.48108356520835
19,125,0.5798587059205614,0.0,43,126,0,0,49529,0.062439645500044126,0.1243392322140252,4.484286012975755
19,126,0.5914262449325498,0.0,109,127,0,0,49645,0.06258588303518525,0.12782057534551733,4.484379147588556
19,127,0.5836852780138831,0.0,69,128,0,0,49591,0.06251780694124025,0.1251083518303523,4.495731813036281
20,0,0.46507028836412845,0.0,7,1,1,1,49467,0.062361484058848005,0.12091567469930785,3.6291688017917796
20,1,0.4827141397304076,0.0,34,2,0,1,49667,0.06261361774012582,0.12409968651456274,3.6567676357961916
20,2,0.42310068673064166,0.0,1,3,1,1,49430,0.06231483932781161,0.11288035585862101,3.5459912118262777
20,3,0.48598139337701846,0.0,54,4,0,1,49575,0.06249763624673802,0.12428399821208903,3.673257653272162
20,4,0.4828418938850271,0.0,35,5,0,1,49475,0.062371569406099114,0.1233241486147671,3.6628164734665956
20,5,0.49281939115790624,0.0,99,6,0,1,49538,0.062450991515701625,0.1254548898092027,3.690441048994447
20,6,0.5064679574676846,0.0,122,7,0,1,49697,0.0626514377923175,0.12876727525131698,3.7266229779481046
20,7,0.49067167802061834,0.0,86,8,0,1,49631,0.06256823367749581,0.12557141307130193,3.6825150455656344
20,8,0.4874276751278723,0.0,63,9,0,1,49522,0.0624308208211994,0.1247641107410943,3.672842873022476
20,9,0.4888651130232135,0.0,71,10,0,1,49609,0.06254049897255524,0.12519965897051968,3.67137953582033
20,10,0.4900820130784321,0.0,80,11,0,1,49522,0.0624308208211994,0.1253673866060794,3.6770503242694232
20,11,0.48247318166122394,0.0,30,12,0,1,49506,0.06241065012669717,0.12416161059248834,3.6627651408179376
20,12,0.48031802683737873,0.0,24,13,0,0,49577,0.0625001575835508,0.1232330727201194,3.668914525653217
20,13,0.48262175386318146,0.0,31,14,0,0,49548,0.06246359819976552,0.12387346482947811,3.6598171916337305
20,14,0.4902019646136479,0.0,83,15,0,0,49606,0.06253671696733608,0.12545476898808422,3.6738159551990037
20,15,0.4909940555292489,0.0,88,16,0,0,49625,0.06256066966705748,0.1257913548452803,3.6737860886943543
20,16,0.5020101887796024,0.0,116,17,0,0,49629,0.06256571234068303,0.12786906986379137,3.6877871996951463
20,17,0.5050640337661586,0.0,120,18,0,0,49618,0.06255184498821276,0.12797689600067774,3.698104506682832
20,18,0.484518546880239,0.0,44,19,0,0,49564,0.06248376889426774,0.12432428165908656,3.6598138389653436
20,19,0.49128498213355914,0.0,90,20,0,0,49528,0.06243838483163774,0.12518498066892783,3.688585474813107
20,20,0.5003736288446007,0.0,114,21,0,0,49664,0.06260983573490665,0.12693665311058963,3.698148803055996
20,21,0.4684204510198448,0.0,8,22,1,0,49529,0.062439645500044126,0.12132974272525147,3.6397176303291685
20,22,0.5111717083217261,0.0,123,23,0,0,49676,0.06262496375578332,0.12994128727369933,3.7221872502271363
20,23,0.49496738548434854,0.0,101,24,0,0,49594,0.06252158894645941,0.12646622127779458,3.678536769833006
20,24,0.4747317568482218,0.0,13,25,0,0,49564,0.06248376889426774,0.12260452967023455,3.641246510962233
20,25,0.4792902894154069,0.0,21,26,0,0,49510,0.062415692800322733,0.12308467361418418,3.664897729434018
20,26,0.4916490998445641,0.0,96,27,0,0,49543,0.06245729485773357,0.12588884204013562,3.6730222463795363
20,27,0.4854422538365451,0.0,48,28,0,0,49551,0.062467380204984685,0.12463757773562333,3.6579124936147616
20,28,0.47799161815496327,0.0,17,29,0,0,49512,0.06241821413713551,0.12312854486436349,3.6552266774880855
20,29,0.4964044518822734,0.0,107,30,0,0,49560,0.06247872622064218,0.1265697496274187,3.6867268756507974
20,30,0.4586455779256458,0.0,5,31,1,0,49499,0.06240182544785245,0.11932312613358965,3.6152956692279443
20,31,0.48336643810723007,0.0,37,32,0,0,49612,0.06254428097777441,0.12402509813983359,3.6616426062931104
20,32,0.49135710080164996,0.0,94,33,0,0,49623,0.0625581483302447,0.12617709099979324,3.662625981083131
20,33,0.4954866406005284,0.0,105,34,0,0,49533,0.06244468817366968,0.12604179328740597,3.6805227896435717
20,34,0.48787281920157377,0.0,65,35,0,0,49627,0.06256319100387026,0.12441585422724814,3.6748355735979503
20,35,0.4699129326916326,0.0,9,36,1,0,49481,0.06237913341653745,0.12116204855595396,3.633308552106693
20,36,0.4894028907558607,0.0,75,37,0,0,49587,0.06251276426761469,0.12511583171453722,3.6716962278982117
20,37,0.4432458399246377,0.0,3,38,1,0,49452,0.06234257403275217,0.11641871773464267,3.5866797988287757
20,38,0.48588341145672703,0.0,52,39,0,0,49581,0.06250520025717636,0.12446924812278189,3.670051509577051
20,39,0.48077457518678474,0.0,26,40,0,0,49644,0.06258462236677886,0.12370425557569702,3.6595862974087723
20,40,0.47680146854488287,0.0,14,41,0,0,49495,0.062396782774226896,0.12266216387648404,3.6589020804423615
20,41,0.4903079103693282,0.0,84,42,0,0,49542,0.06245603418932718,0.12525151070024032,3.673164982758758
20,42,0.4964133142337403,0.0,108,43,0,0,49567,0.06248755089948691,0.12726358760600054,3.6699612512987536
20,43,0.485911820867669,0.0,53,44,0,0,49550,0.062466119536578296,0.12441223029129951,3.6722591279084593
20,44,0.4844966881412348,0.0,43,45,0,0,49603,0.06253293496211691,0.12427463865223914,3.6720698707970243
20,45,0.4915087679602126,0.0,95,46,0,0,49525,0.062434602826418564,0.1253124779462062,3.686068969704442
20,46,0.48487971813005737,0.0,46,47,0,0,49560,0.06247872622064218,0.12404052341008097,3.673274021982122
20,47,0.48513403051464776,0.0,47,48,0,0,49645,0.06258588303518525,0.12426151462480454,3.6682032406652905
20,48,0.5003311198056922,0.0,113,49,0,0,49686,0.0626375704398472,0.12743575989577585,3.6845131418507764
20,49,0.49135309026440877,0.0,93,50,0,0,49621,0.06255562699343192,0.12564922452524913,3.6778604147533893
20,50,0.48299868762802467,0.0,36,51,0,0,49549,0.06246485886817191,0.1241598984202864,3.6569791773953364
20,51,0.48992699488490044,0.0,79,52,0,0,49572,0.062493854241518855,0.12530985273164402,3.6704800415207726
20,52,0.48433737279549105,0.0,41,53,0,0,49488,0.062387958095382175,0.12416125648393637,3.65960423862684
20,53,0.49128658904381256,0.0,91,54,0,0,49643,0.06258336169837247,0.12534770489097263,3.6812732133821107
20,54,0.4948408955451165,0.0,100,55,0,0,49630,0.06256697300908942,0.12627840797806622,3.671869634624972
20,55,0.4901329742413763,0.0,81,56,0,0,49618,0.06255184498821276,0.12602651884696822,3.666719809335876
20,56,0.47357283042039344,0.0,11,57,1,0,49487,0.062386697426975786,0.12216413556635296,3.637479731281419
20,57,0.4903726699556801,0.0,85,58,0,0,49583,0.06250772159398914,0.12501082094272206,3.689199966884148
20,58,0.48598679138543643,0.0,55,59,0,0,49600,0.06252915295689775,0.12525359527865093,3.6664158849930013
20,59,0.4857324181207791,0.0,50,60,0,0,49557,0.06247494421542302,0.12479196602656141,3.664167651006524
20,60,0.4826475297199388,0.0,32,61,0,0,49620,0.06255436632502553,0.12420715142284693,3.665648292457943
20,61,0.5248633430827143,0.0,125,62,0,0,49650,0.0625921863772172,0.13209492909689205,3.7177717076353525
20,62,0.485465749747386,0.0,49,63,0,0,49574,0.06249637557833163,0.12468536145134924,3.6667009178014993
20,63,0.48880926017288306,0.0,70,64,0,0,49506,0.06241065012669717,0.12399194409793633,3.6714944009406922
20,64,0.4897735558858249,0.0,77,65,0,0,49618,0.06255184498821276,0.1250722623740308,3.6800569182775984
20,65,0.4867960477577639,0.0,60,66,0,0,49594,0.06252158894645941,0.12479696895169423,3.660518516593838
20,66,0.4837570126045754,0.0,40,67,0,0,49631,0.06256823367749581,0.12416997901047183,3.6720935543666067
20,67,0.49612778633575727,0.0,106,68,0,0,49645,0.06258588303518525,0.1263363215562809,3.68570555530682
20,68,0.43469119593455535,0.0,2,69,1,0,49469,0.06236400539566078,0.11448433229754666,3.568643290560719
20,69,0.4864713651983363,0.0,58,70,0,0,49668,0.0626148784085322,0.12445999552575507,3.6651924007456036
20,70,0.4826512732427042,0.0,33,71,0,0,49617,0.06255058431980637,0.1239406500533645,3.6650818441502
20,71,0.4890074884501354,0.0,73,72,0,0,49578,0.0625014182519572,0.1253368657885115,3.677617390714886
20,72,0.48941619078985066,0.0,76,73,0,0,49636,0.06257453701952775,0.1253447546031673,3.6720428123938254
20,73,0.5055655951589875,0.0,121,74,0,0,49659,0.06260353239287471,0.12828358124741515,3.7015635395207838
20,74,0.49094992173910007,0.0,87,75,0,0,49545,0.062459816194546346,0.12555365825641684,3.674538761257776
20,75,0.4874350305922503,0.0,64,76,0,0,49598,0.06252663162008497,0.125088606852538,3.6723261547875095
20,76,0.4793169852096816,0.0,22,77,0,0,49552,0.062468640873391074,0.12331332504566762,3.655601894289691
20,77,0.48163168473149176,0.0,28,78,0,0,49580,0.06250393958876997,0.12363546903407822,3.6677588563721746
20,78,0.49965140437619265,0.0,112,79,0,0,49585,0.06251024293080192,0.12713150645107454,3.6841636496967114
20,79,0.4837174593283199,0.0,39,80,0,0,49622,0.06255688766183831,0.12436861180400106,3.6592960901157054
20,80,0.4885079873529776,0.0,69,81,0,0,49548,0.06246359819976552,0.12479317528740398,3.6764644501358914
20,81,0.4864060356347122,0.0,57,82,0,0,49666,0.06261235707171943,0.124465249448833,3.661243712419558
20,82,0.48230612234638953,0.0,29,83,0,0,49580,0.06250393958876997,0.1238799771077979,3.662847130259476
20,83,0.45666663697079357,0.0,4,84,1,0,49493,0.06239426143741412,0.11889607312539628,3.6097606969690883
20,84,0.5030177043881022,0.0,118,85,0,0,49634,0.06257201568271498,0.12828279107864007,3.69020026898582
20,85,0.49712700983061175,0.0,109,86,0,0,49597,0.06252537095167858,0.12673952426055118,3.685605995591965
20,86,0.48578962588676866,0.0,51,87,0,0,49556,0.06247368354701663,0.12488092284096561,3.6619269110801986
20,87,0.47894134756201606,0.0,19,88,0,0,49574,0.06249637557833163,0.12342542446936339,3.6537312662758348
20,88,0.47814123138193215,0.0,18,89,0,0,49468,0.06236274472725439,0.12336435842853719,3.6523979236360145
20,89,0.48472420557953155,0.0,45,90,0,0,49567,0.06248755089948691,0.12436095635203055,3.6676709897698103
20,90,0.49744543274606545,0.0,110,91,0,0,49619,0.06255310565661915,0.12542735711757771,3.696062318001105
20,91,0.46372483687446847,0.0,6,92,1,0,49508,0.062413171463509956,0.1198955759451388,3.622798812173639
20,92,0.49134038537572844,0.0,92,93,0,0,49588,0.06251402493602108,0.1255450506142898,3.6840946922418953
20,93,0.486324146936176,0.0,56,94,0,0,49467,0.062361484058848005,0.1243743356061609,3.6688423176550002
20,94,0.4889623579127272,0.0,72,95,0,0,49665,0.06261109640331304,0.12495116257377559,3.6646791598008748
20,95,0.4989397862732675,0.0,111,96,0,0,49617,0.06255058431980637,0.12730640449567768,3.6903034695026253
20,96,0.5649166351438786,0.0,127,97,0,0,49670,0.06261739974534498,0.13897492203742223,3.7798844515848518
20,97,0.48796393188869785,0.0,66,98,0,0,49618,0.06255184498821276,0.12486733544176123,3.676222145119005
20,98,0.4739759920935912,0.0,12,99,1,0,49488,0.062387958095382175,0.12251872911225316,3.644064708840024
20,99,0.4769742654841525,0.0,15,100,0,0,49519,0.06242703881598023,0.12269897888778654,3.651976301165154
20,100,0.48837761178328043,0.0,68,101,0,0,49594,0.06252158894645941,0.12504561829402513,3.675153468587218
20,101,0.5032223196490033,0.0,119,102,0,0,49642,0.06258210102996609,0.1277517400994377,3.698740550406518
20,102,0.48439054742725796,0.0,42,103,0,0,49472,0.06236778740087995,0.12402704816740362,3.6689466397339383
20,103,0.5152964149317272,0.0,124,104,0,0,49658,0.06260227172446832,0.1305872632622394,3.714239191650994
20,104,0.49018233206395395,0.0,82,105,0,0,49536,0.06244847017888885,0.12510316060955703,3.689301155486792
20,105,0.49519446397138467,0.0,104,106,0,0,49630,0.06256697300908942,0.12657598682474505,3.67478564299291
20,106,0.5891225678382808,0.0,128,107,0,0,49710,0.06266782648160055,0.14342658689432558,3.8687310936862342
20,107,0.48834189994892313,0.0,67,108,0,0,49540,0.0624535128525144,0.12512902962780817,3.663931242330861
20,108,0.4800488826958205,0.0,23,109,0,0,49552,0.062468640873391074,0.12341822177113218,3.6598062463905077
20,109,0.47900797712516496,0.0,20,110,0,0,49554,0.06247116221020385,0.12345416213766491,3.651596244454467
20,110,0.4865793940720902,0.0,59,111,0,0,49625,0.06256066966705748,0.12547774662165634,3.661204044738803
20,111,0.5377803620855971,0.0,126,112,0,0,49675,0.06262370308737693,0.13416658423458533,3.7632623140251917
20,112,0.4951629244183799,0.0,103,113,0,0,49564,0.06248376889426774,0.12642823504451633,3.681472027890428
20,113,0.4833744779904246,0.0,38,114,0,0,49525,0.062434602826418564,0.12422974656648644,3.660166141791191
20,114,0.49190357534393436,0.0,97,115,0,0,49610,0.06254175964096163,0.12590577209222295,3.6770497152310466
20,115,0.5028225866729329,0.0,117,116,0,0,49594,0.06252158894645941,0.1259528202478974,3.6845415758352584
20,116,0.4807192381651096,0.0,25,117,0,0,49579,0.06250267892036358,0.12373497452301438,3.657898161724559
20,117,0.501554481409121,0.0,115,118,0,0,49560,0.06247872622064218,0.12774556922061855,3.69294396703427
20,118,0.4897903302886448,0.0,78,119,0,0,49585,0.06251024293080192,0.1252801266791023,3.675738357322117
20,119,0.47717973961851085,0.0,16,120,0,0,49526,0.06243586349482495,0.1230446932232156,3.6535684147147465
20,120,0.4815468765079406,0.0,27,121,0,0,49484,0.06238291542175661,0.12363134069586865,3.6580790550987583
20,121,0.4911646549180892,0.0,89,122,0,0,49573,0.062495114909925244,0.12559651128301916,3.6777069616304647
20,122,0.4873786638043989,0.0,62,123,0,0,49539,0.06245225218410801,0.12475568126306846,3.6816178533029773
20,123,0.495041807777645,0.0,102,124,0,0,49585,0.06251024293080192,0.12622367666373693,3.682450072209541
20,124,0.4714061476927794,0.0,10,125,1,0,49538,0.062450991515701625,0.12191377337497093,3.644681161504263
20,125,0.48711494785617454,0.0,61,126,0,0,49551,0.062467380204984685,0.12478597655023882,3.6736165695935243
20,126,0.49205288681045584,0.0,98,127,0,0,49602,0.06253167429371052,0.1260231543848826,3.671472440399027
20,127,0.4893668983006053,0.0,74,128,0,0,49651,0.06259344704562358,0.12529798176009266,3.675496606111397
21,0,0.5150025653819469,0.0,41,1,0,1,49566,0.062486290231080516,0.12500615287719455,3.9100349180200835
21,1,0.5132015709858235,0.0,38,2,0,1,49522,0.0624308208211994,0.12423768586767879,3.917184810526081
21,2,0.5086269593546487,0.0,20,3,0,1,49507,0.06241191079510357,0.12342086575233747,3.91611453539712
21,3,0.5195637492265489,0.0,77,4,0,1,49581,0.06250520025717636,0.12582532794871223,3.919819504428413
21,4,0.5201410191716533,0.0,80,5,0,1,49660,0.0626047930612811,0.1256225583870624,3.928099863277655
21,5,0.478570455842495,0.0,6,6,1,1,49447,0.06233627069072022,0.11796369013118366,3.8603978140127486
21,6,0.5203150920895453,0.0,81,7,0,1,49601,0.06253041362530413,0.12587629462881103,3.924741769382317
21,7,0.5371646282468228,0.0,122,8,0,1,49593,0.06252032827805303,0.12845520249147288,3.9515217514846825
21,8,0.46778129141790825,0.0,2,9,1,1,49448,0.06233753135912661,0.11563211424284746,3.838541632940378
21,9,0.4699352578852499,0.0,3,10,1,1,49473,0.06236904806928634,0.11590055315091637,3.8377426814269335
21,10,0.5262739687406077,0.0,103,11,0,1,49560,0.06247872622064218,0.12634898071779394,3.9421156176745455
21,11,0.5365164348219565,0.0,120,12,0,1,49641,0.0625808403615597,0.129021446431621,3.9420070330137835
21,12,0.49304853568125556,0.0,8,13,1,0,49476,0.0623728300745055,0.12044327458570349,3.889921307596719
21,13,0.5112121326713751,0.0,27,14,0,0,49490,0.06239047943219495,0.12415229516364687,3.905343454593246
21,14,0.5745263399809755,0.0,127,15,0,0,49672,0.06261992108215776,0.13571557946217272,4.013438429461072
21,15,0.5543827495409854,0.0,124,16,0,0,49626,0.06256193033546387,0.1310783965151736,3.989934070957328
21,16,0.49043436699993237,0.0,7,17,1,0,49499,0.06240182544785245,0.11971366105312908,3.885009675055424
21,17,0.522850868828569,0.0,93,18,0,0,49549,0.06246485886817191,0.125816426424428,3.9398260660378757
21,18,0.5168935437169548,0.0,60,19,0,0,49652,0.06259470771402997,0.12464009078246092,3.9354907356678397
21,19,0.515343332885262,0.0,46,20,0,0,49577,0.0625001575835508,0.12478410411030379,3.9219230569575187
21,20,0.5107645689826609,0.0,25,21,0,0,49511,0.06241695346872912,0.12380806433576745,3.9160184035612535
21,21,0.4969421775477115,0.0,11,22,1,0,49519,0.06242703881598023,0.12151987341595448,3.890934657226585
21,22,0.601913828645654,0.0,128,23,0,0,49703,0.06265900180275583,0.14057836032041413,4.077436731792307
21,23,0.5154311326368293,0.0,47,24,0,0,49629,0.06256571234068303,0.124619627027155,3.9215836519219915
21,24,0.5280519562642099,0.0,109,25,0,0,49537,0.062449730847295236,0.1267602633577184,3.9518275320429006
21,25,0.5253158895403426,0.0,101,26,0,0,49587,0.06251276426761469,0.12704043906621315,3.934095446079629
21,26,0.5205095108201885,0.0,83,27,0,0,49553,0.06246990154179746,0.12522725522758127,3.947521862667967
21,27,0.5181725039638875,0.0,67,28,0,0,49592,0.06251906760964664,0.12476183196210791,3.9360537989362925
21,28,0.527265694073125,0.0,108,29,0,0,49677,0.0626262244241897,0.12695660875984924,3.958980873208731
21,29,0.5062864855480653,0.0,15,30,0,0,49521,0.06242956015279301,0.12304679407557023,3.9044428906413144
21,30,0.5151430243564912,0.0,42,31,0,0,49604,0.0625341956305233,0.124527254320907,3.9271945374522383
21,31,0.5289661170327712,0.0,112,32,0,0,49574,0.06249637557833163,0.12732665086207978,3.9356999919334834
21,32,0.5166769048312955,0.0,57,33,0,0,49569,0.06249007223629969,0.12488520326344867,3.9339680123562055
21,33,0.5173542042063413,0.0,64,34,0,0,49630,0.06256697300908942,0.1251901469587283,3.925018967530726
21,34,0.5185147756089443,0.0,71,35,0,0,49604,0.0625341956305233,0.12569903078124092,3.9259285637985166
21,35,0.5113326342149691,0.0,29,36,0,0,49482,0.062380394084943835,0.12421643227536566,3.911196071392993
21,36,0.5151971826218542,0.0,43,37,0,0,49562,0.06248124755745496,0.1249243279255779,3.9250745832796214
21,37,0.528684314281837,0.0,111,38,0,0,49495,0.062396782774226896,0.1265987689248109,3.969635186523762
21,38,0.5578758561010698,0.0,126,39,0,0,49659,0.06260353239287471,0.1297884419821568,3.9949011299493047
21,39,0.5124471965076296,0.0,34,40,0,0,49601,0.06253041362530413,0.12454194224563053,3.9079140755701514
21,40,0.5348068592188511,0.0,117,41,0,0,49666,0.06261235707171943,0.12860112579211114,3.9483288118349598
21,41,0.5024371264169298,0.0,12,42,1,0,49528,0.06243838483163774,0.12214314832973835,3.9008235550592176
21,42,0.5363675214286695,0.0,119,43,0,0,49637,0.06257579768793414,0.12772802884970422,3.9460311530758845
21,43,0.5123154530866679,0.0,33,44,0,0,49506,0.06241065012669717,0.12401470846988238,3.9241738902200467
21,44,0.5169356927310009,0.0,61,45,0,0,49585,0.06251024293080192,0.12511620444710594,3.9221437376300767
21,45,0.5190292313572663,0.0,74,46,0,0,49590,0.06251654627283386,0.12543584093745228,3.924312231695167
21,46,0.5294796147655364,0.0,113,47,0,0,49572,0.062493854241518855,0.12694752442060653,3.952344861932645
21,47,0.4966674588712502,0.0,10,48,1,0,49512,0.06241821413713551,0.1210857247044783,3.8921780614417036
21,48,0.5186814762145376,0.0,73,49,0,0,49566,0.062486290231080516,0.12492243574287135,3.9333350783609187
21,49,0.5220429089511717,0.0,90,50,0,0,49594,0.06252158894645941,0.12567017229184002,3.933577152034785
21,50,0.5249791199996834,0.0,99,51,0,0,49596,0.06252411028327219,0.1262800875210376,3.9410530004047577
21,51,0.5268823066438033,0.0,105,52,0,0,49530,0.062440906168450515,0.12666829191748102,3.9374828685969603
21,52,0.5312891557042402,0.0,114,53,0,0,49671,0.06261866041375137,0.12789933195212816,3.9397443937512593
21,53,0.5213889674267108,0.0,88,54,0,0,49574,0.06249637557833163,0.12561065491947782,3.947761224110704
21,54,0.5365338762465474,0.0,121,55,0,0,49517,0.062424517479167455,0.1288823275377827,3.943894880644523
21,55,0.5112891463817828,0.0,28,56,0,0,49529,0.062439645500044126,0.1238885276083054,3.923767976080875
21,56,0.5182077442538301,0.0,69,57,0,0,49557,0.06247494421542302,0.12485082820542727,3.9389049764054316
21,57,0.5195687658096607,0.0,78,58,0,0,49644,0.06258462236677886,0.12562928298934298,3.9239105266627003
21,58,0.5180189873296686,0.0,66,59,0,0,49567,0.06248755089948691,0.1250981766960376,3.9337976999817994
21,59,0.520402778151716,0.0,82,60,0,0,49600,0.06252915295689775,0.12468662491364915,3.9417890236223996
21,60,0.4954327353449259,0.0,9,61,1,0,49503,0.062406868121478005,0.12085312334280117,3.885580791533581
21,61,0.5270237404630238,0.0,106,62,0,0,49679,0.06262874576100248,0.127063553180532,3.9420853512028105
21,62,0.5373388107221028,0.0,123,63,0,0,49668,0.0626148784085322,0.12856870612847054,3.9578832848518846
21,63,0.5063560988251097,0.0,16,64,0,0,49493,0.06239426143741412,0.12302995744747221,3.9044880977159204
21,64,0.5182548756493489,0.0,70,65,0,0,49568,0.0624888115678933,0.12540880968181561,3.9171321985766454
21,65,0.5207320804010078,0.0,85,66,0,0,49559,0.062477465552235795,0.12573270440435674,3.9285780849803906
21,66,0.5165060080657089,0.0,54,67,0,0,49555,0.06247242287861024,0.12495564150483682,3.927735129282592
21,67,0.513953598191366,0.0,39,68,0,0,49550,0.062466119536578296,0.12432669702808323,3.9140464039247784
21,68,0.5193033937637411,0.0,76,69,0,0,49622,0.06255688766183831,0.12593866015201235,3.9118914155516995
21,69,0.5129029829166685,0.0,36,70,0,0,49578,0.0625014182519572,0.12394044551883562,3.925808761486671
21,70,0.5152477197581856,0.0,44,71,0,0,49579,0.06250267892036358,0.12447170717975889,3.9286986261441954
21,71,0.47754798800215126,0.0,5,72,1,0,49508,0.062413171463509956,0.11705574085289586,3.858501185451522
21,72,0.5177046358402563,0.0,65,73,0,0,49596,0.06252411028327219,0.12511168825761967,3.938192825135865
21,73,0.5131119986110472,0.0,37,74,0,0,49562,0.06248124755745496,0.12456314819959072,3.914302655475286
21,74,0.5124684080664601,0.0,35,75,0,0,49546,0.062461076862952734,0.12383156749333589,3.928142282311697
21,75,0.525498865156689,0.0,102,76,0,0,49615,0.06254806298299358,0.1262946002462029,3.943024349591558
21,76,0.5164928363293624,0.0,53,77,0,0,49500,0.06240308611625884,0.12480771387970507,3.9298051041274906
21,77,0.5122834706097165,0.0,32,78,0,0,49553,0.06246990154179746,0.12366436853967422,3.926545553277942
21,78,0.5114856916502724,0.0,30,79,0,0,49646,0.06258714370359164,0.12411088837109273,3.919080112476656
21,79,0.5164428284458039,0.0,51,80,0,0,49590,0.06251654627283386,0.12480258455428266,3.9308600250836943
21,80,0.5236476520069228,0.0,97,81,0,0,49594,0.06252158894645941,0.12661333611059927,3.9330958871066737
21,81,0.5155124193195911,0.0,49,82,0,0,49593,0.06252032827805303,0.12481957695018008,3.920568528535452
21,82,0.5231213913061374,0.0,95,83,0,0,49599,0.06252789228849136,0.12650730801302473,3.9262858902760374
21,83,0.5078971417081293,0.0,18,84,0,0,49534,0.06244594884207607,0.1233075375936779,3.911316495549409
21,84,0.5271932687067694,0.0,107,85,0,0,49602,0.06253167429371052,0.1268477648442403,3.9413689946790393
21,85,0.5181956951815266,0.0,68,86,0,0,49582,0.06250646092558275,0.125163622459363,3.9167680968924645
21,86,0.5242938189030816,0.0,98,87,0,0,49651,0.06259344704562358,0.12622627102171569,3.934962945361409
21,87,0.5165910943283282,0.0,56,88,0,0,49564,0.06248376889426774,0.12462860592271519,3.927038803449294
21,88,0.5214974187666847,0.0,89,89,0,0,49622,0.06255688766183831,0.1265966696721559,3.9205843228536406
21,89,0.5233650136494883,0.0,96,90,0,0,49649,0.06259092570881081,0.12605112311856742,3.9308598271784096
21,90,0.522518174520225,0.0,91,91,0,0,49610,0.06254175964096163,0.125850552433418,3.9381187509505935
21,91,0.5161453348120115,0.0,50,92,0,0,49705,0.0626615231395686,0.12526339428740485,3.9318610326038415
21,92,0.5083668643704405,0.0,19,93,0,0,49686,0.0626375704398472,0.12350068975017536,3.9101397219289713
21,93,0.5096423861680054,0.0,23,94,0,0,49529,0.062439645500044126,0.12303561874791286,3.9342381067002585
21,94,0.5346062843620676,0.0,116,95,0,0,49657,0.06260101105606193,0.12827217466229734,3.9567226531820467
21,95,0.5266824698595538,0.0,104,96,0,0,49538,0.062450991515701625,0.12653376276011236,3.9424672382468233
21,96,0.5076730493274437,0.0,17,97,0,0,49622,0.06255688766183831,0.12311041478944043,3.917431781522915
21,97,0.5168160107644567,0.0,59,98,0,0,49594,0.06252158894645941,0.12480401130360172,3.9269150334777283
21,98,0.515341626105606,0.0,45,99,0,0,49567,0.06248755089948691,0.12432724548395192,3.9301424620047722
21,99,0.5061973609158705,0.0,14,100,0,0,49521,0.06242956015279301,0.12316495940003919,3.9026334283636896
21,100,0.5283810295579552,0.0,110,101,0,0,49611,0.06254302030936802,0.1272508854025101,3.93443475987325
21,101,0.5193003031650177,0.0,75,102,0,0,49590,0.06251654627283386,0.12577079764328242,3.9209669768965263
21,102,0.5196132319848981,0.0,79,103,0,0,49633,0.06257075501430859,0.12522138442152206,3.9346536997760846
21,103,0.5154586896326953,0.0,48,104,0,0,49537,0.062449730847295236,0.12430290441221535,3.9294436037267406
21,104,0.47376278055259724,0.0,4,105,1,0,49466,0.06236022339044161,0.11715361848313514,3.8562410439943857
21,105,0.5110483439852612,0.0,26,106,0,0,49556,0.06247368354701663,0.12390411660998016,3.925218424087512
21,106,0.5348768491210919,0.0,118,107,0,0,49596,0.06252411028327219,0.12842197967597066,3.9433318151546577
21,107,0.5206531333230849,0.0,84,108,0,0,49571,0.062492593573112466,0.12596457508651318,3.925378671170307
21,108,0.5167350322665539,0.0,58,109,0,0,49628,0.06256445167227664,0.12458120563962337,3.9241041216894708
21,109,0.5227329406364161,0.0,92,110,0,0,49517,0.062424517479167455,0.12605847707769266,3.9342826617056033
21,110,0.5164920974528795,0.0,52,111,0,0,49613,0.0625455416461808,0.12436110532457925,3.928561503719682
21,111,0.41045148589828784,0.0,1,112,1,0,49417,0.06229845063852855,0.10428946660888674,3.734015069182655
21,112,0.5121155422714019,0.0,31,113,0,0,49627,0.06256319100387026,0.1240097177765622,3.9188665427619624
21,113,0.5186298724936459,0.0,72,114,0,0,49529,0.062439645500044126,0.12510139173119264,3.9287160401646513
21,114,0.5140224125538112,0.0,40,115,0,0,49600,0.06252915295689775,0.12431112447888741,3.9191384276498935
21,115,0.5165104115007486,0.0,55,116,0,0,49565,0.06248502956267413,0.1253416494896184,3.914498361064831
21,116,0.5172824362357715,0.0,63,117,0,0,49549,0.06246485886817191,0.12487538106114442,3.9299060179492162
21,117,0.5577827335770131,0.0,125,118,0,0,49689,0.06264135244506637,0.1331925584355436,3.9832647939092043
21,118,0.5087966165875245,0.0,21,119,0,0,49660,0.0626047930612811,0.12302315509789956,3.922122410335968
21,119,0.5039949771550438,0.0,13,120,0,0,49502,0.06240560745307162,0.122738419357056,3.8990403913716545
21,120,0.521161186709112,0.0,87,121,0,0,49539,0.06245225218410801,0.12562832637084487,3.935139274292381
21,121,0.50946157240818,0.0,22,122,0,0,49564,0.06248376889426774,0.12373356883414165,3.90714107403977
21,122,0.5338261624864294,0.0,115,123,0,0,49584,0.06250898226239553,0.12813972802477352,3.9544600596416117
21,123,0.5228741768873818,0.0,94,124,0,0,49633,0.06257075501430859,0.1258981125226807,3.9335751522737956
21,124,0.5208248377715049,0.0,86,125,0,0,49605,0.06253545629892969,0.1259644345577595,3.9273749191073883
21,125,0.5096882819273432,0.0,24,126,0,0,49544,0.06245855552613996,0.12332907843405924,3.9180790146842877
21,126,0.5250157208948802,0.0,100,127,0,0,49544,0.06245855552613996,0.12631537707554993,3.9372401652370463
21,127,0.5172412393282322,0.0,62,128,0,0,49592,0.06251906760964664,0.12478282103677218,3.930070243695917
22,0,0.6237835582339426,0.0,8,1,1,1,49477,0.06237409074291189,0.1210627166923947,4.899283165678615
22,1,0.6439321946905655,0.0,55,2,0,1,49599,0.06252789228849136,0.12494644672068354,4.9008824647006275
22,2,0.6280386872162623,0.0,11,3,1,1,49475,0.062371569406099114,0.12239659135830845,4.887590161628625
22,3,0.6310448948897925,0.0,18,4,0,1,49610,0.06254175964096163,0.12251567645024714,4.897470342395084
22,4,0.6559092845389868,0.0,99,5,0,1,49609,0.06254049897255524,0.1265451991812708,4.927006325655062
22,5,0.6542344614788942,0.0,89,6,0,1,49641,0.0625808403615597,0.1262920670116684,4.927091409673604
22,6,0.6437826924346656,0.0,54,7,0,1,49602,0.06253167429371052,0.1250559114087629,4.88683927663449
22,7,0.6410906020766914,0.0,43,8,0,1,49581,0.06250520025717636,0.1244625857569149,4.897846964267816
22,8,0.662526046817094,0.0,108,9,0,1,49602,0.06253167429371052,0.12800168579291904,4.928642308188744
22,9,0.6420470363460294,0.0,48,10,0,1,49518,0.06242577814757384,0.12377245164531216,4.9115243394807
22,10,0.6421056577774952,0.0,49,11,0,1,49549,0.06246485886817191,0.12433047832129046,4.89582697612648
22,11,0.6402131146980204,0.0,41,12,0,1,49564,0.06248376889426774,0.12459495181312719,4.892550695692385
22,12,0.65570638898749,0.0,98,13,0,0,49618,0.06255184498821276,0.12685462857270244,4.908641155343924
22,13,0.6460366986081599,0.0,63,14,0,0,49545,0.062459816194546346,0.12513061842021814,4.9126126990850905
22,14,0.6351494914865514,0.0,22,15,0,0,49587,0.06251276426761469,0.12343619264155764,4.889724029658169
22,15,0.6543618189668807,0.0,91,16,0,0,49544,0.06245855552613996,0.12648221672909302,4.915185321210258
22,16,0.6714893244533957,0.0,120,17,0,0,49688,0.06264009177665998,0.12769795537835088,4.951984281063023
22,17,0.6545469848680845,0.0,93,18,0,0,49566,0.062486290231080516,0.126884010411964,4.8995394696883166
22,18,0.6547872668150246,0.0,96,19,0,0,49584,0.06250898226239553,0.12611288160657275,4.928519267279966
22,19,0.6415474022985203,0.0,44,20,0,0,49531,0.062442166836856904,0.12425803131553836,4.909399850368855
22,20,0.7467019484402274,0.0,126,21,0,0,49605,0.06253545629892969,0.1320378637494794,5.114015225243947
22,21,0.6307176653416038,0.0,17,22,0,0,49560,0.06247872622064218,0.12256060594174548,4.8919661191666455
22,22,0.6456387238394138,0.0,60,23,0,0,49593,0.06252032827805303,0.12437710777525875,4.932872833939215
22,23,0.6594953710141307,0.0,105,24,0,0,49678,0.0626274850925961,0.1267408267470205,4.952503305484903
22,24,0.6671736588276201,0.0,117,25,0,0,49586,0.0625115035992083,0.1280778517763627,4.947626273462046
22,25,0.654630523191086,0.0,94,26,0,0,49603,0.06253293496211691,0.12653210799734943,4.915542792264614
22,26,0.6454448277298688,0.0,59,27,0,0,49587,0.06251276426761469,0.12494801302264537,4.910700047953592
22,27,0.642455582720489,0.0,50,28,0,0,49600,0.06252915295689775,0.12422444581664392,4.911502664740613
22,28,0.6415936261994122,0.0,45,29,0,0,49592,0.06251906760964664,0.12408217606124196,4.902904067542694
22,29,0.6493774092940199,0.0,74,30,0,0,49590,0.06251654627283386,0.12555531566137387,4.913371199501943
22,30,0.6401219488863769,0.0,40,31,0,0,49616,0.06254932365139997,0.12439804550608538,4.896146516926481
22,31,0.6387104873147331,0.0,30,32,0,0,49558,0.062476204883829406,0.1237376891863598,4.904938446014308
22,32,0.6390250550882743,0.0,34,33,0,0,49652,0.06259470771402997,0.1235584237062341,4.908209891426834
22,33,0.6657853206612616,0.0,116,34,0,0,49679,0.06262874576100248,0.12836104230512257,4.953509414653364
22,34,0.6654262584562604,0.0,114,35,0,0,49615,0.06254806298299358,0.12745428596190853,4.962566253974255
22,35,0.6485896630113454,0.0,71,36,0,0,49564,0.06248376889426774,0.12564311717988563,4.905163810544148
22,36,0.6470308463395347,0.0,66,37,0,0,49616,0.06254932365139997,0.12471087670493321,4.9179051624189025
22,37,0.6296192886998011,0.0,14,38,0,0,49616,0.06254932365139997,0.12269558475000837,4.888502295749232
22,38,0.5907314893997486,0.0,3,39,1,0,49460,0.06235265938000328,0.11592708277789852,4.837322079516899
22,39,0.69275432157907,0.0,122,40,0,0,49588,0.06251402493602108,0.1282429269270747,5.018233149771343
22,40,0.6406089683174452,0.0,42,41,0,0,49493,0.06239426143741412,0.12406152978624069,4.894129805058928
22,41,0.6673315712982323,0.0,118,42,0,0,49612,0.06254428097777441,0.12856608670086087,4.928984505905344
22,42,0.6295790179484093,0.0,13,43,0,0,49508,0.062413171463509956,0.12174995233483282,4.8983100720816415
22,43,0.646479720672097,0.0,65,44,0,0,49504,0.062408128789884394,0.12493945660748586,4.907677665642325
22,44,0.7532407249368408,0.0,127,45,0,0,49665,0.06261109640331304,0.14235432370040116,5.032644273705981
22,45,0.6284657500556098,0.0,12,46,1,0,49493,0.06239426143741412,0.12252025172302394,4.8783549992298845
22,46,0.6136183354269819,0.0,6,47,1,0,49497,0.06239930411103967,0.1201806504992755,4.861681728714735
22,47,0.6471105863034287,0.0,67,48,0,0,49579,0.06250267892036358,0.12505008779298143,4.899337497650248
22,48,0.6462725912990622,0.0,64,49,0,0,49573,0.062495114909925244,0.12465878241652385,4.919063761919873
22,49,0.6443084815121918,0.0,57,50,0,0,49582,0.06250646092558275,0.12455422419896592,4.901746820438259
22,50,0.6509813448608601,0.0,79,51,0,0,49630,0.06256697300908942,0.1254039139707154,4.937842559546321
22,51,0.6424989483174889,0.0,51,52,0,0,49570,0.06249133290470608,0.1245892453484428,4.9002005778042985
22,52,0.6366829850437922,0.0,26,53,0,0,49589,0.06251528560442747,0.12357777841308797,4.901110035760597
22,53,0.6532731477973511,0.0,87,54,0,0,49598,0.06252663162008497,0.1262354758741649,4.916660387643758
22,54,0.6306659619278853,0.0,16,55,0,0,49492,0.06239300076900773,0.12224335940488124,4.900271876913799
22,55,0.6460318516191526,0.0,62,56,0,0,49549,0.06246485886817191,0.12506378347478875,4.904119397694087
22,56,0.6341718146667715,0.0,20,57,0,0,49622,0.06255688766183831,0.12314324754267648,4.8962775040262665
22,57,0.6630312118701235,0.0,109,58,0,0,49626,0.06256193033546387,0.127240649449791,4.937580119613173
22,58,0.647522743674168,0.0,69,59,0,0,49534,0.06244594884207607,0.12517579490707037,4.915170709632596
22,59,0.6419886747159709,0.0,47,60,0,0,49661,0.06260605372968749,0.12379373025640601,4.9136746984773
22,60,0.6393698018808724,0.0,35,61,0,0,49591,0.06251780694124025,0.12382563164174513,4.901447795086796
22,61,0.6270804186586154,0.0,10,62,1,0,49534,0.06244594884207607,0.12212426703511328,4.8824058303951805
22,62,0.6355054687707987,0.0,23,63,0,0,49607,0.06253797763574247,0.12312135572675728,4.895073780085466
22,63,0.6647760607342418,0.0,113,64,0,0,49607,0.06253797763574247,0.1268296093455859,4.947552858057639
22,64,0.6586591444761903,0.0,103,65,0,0,49507,0.06241191079510357,0.1268122954095281,4.923813857195243
22,65,0.6515573207811186,0.0,83,66,0,0,49611,0.06254302030936802,0.12576968864740912,4.915729909639288
22,66,0.6472014619190165,0.0,68,67,0,0,49638,0.06257705835634053,0.1250726785628418,4.912669170703479
22,67,0.6399891426830575,0.0,38,68,0,0,49522,0.0624308208211994,0.12479946654093474,4.894505199381137
22,68,0.6440992337195464,0.0,56,69,0,0,49512,0.06241821413713551,0.12453846135888114,4.906075851630151
22,69,0.6361804733618133,0.0,25,70,0,0,49630,0.06256697300908942,0.12368549157983755,4.887642153516308
22,70,0.6537218421043728,0.0,88,71,0,0,49595,0.0625228496148658,0.12625312157099583,4.912236743690432
22,71,0.6527804882889525,0.0,86,72,0,0,49561,0.06247998688904857,0.12617895312593985,4.917116612049556
22,72,0.6503328262431369,0.0,77,73,0,0,49481,0.06237913341653745,0.1251590242208665,4.9260703363933676
22,73,0.5990583276859426,0.0,5,74,1,0,49479,0.06237661207972467,0.11727411096298636,4.867646604867434
22,74,0.6590208958273891,0.0,104,75,0,0,49571,0.062492593573112466,0.12676849309597382,4.929997000485255
22,75,0.6395037618794419,0.0,36,76,0,0,49472,0.06236778740087995,0.12369604243664296,4.912358989944156
22,76,0.6543020857148211,0.0,90,77,0,0,49546,0.062461076862952734,0.12652966026492687,4.910934659605544
22,77,0.6300047589992925,0.0,15,78,0,0,49691,0.06264387378187915,0.1218299955664603,4.93336512266058
22,78,0.6547632744665183,0.0,95,79,0,0,49619,0.06255310565661915,0.12605686736931093,4.919024375843886
22,79,0.6387886088407578,0.0,33,80,0,0,49632,0.0625694943459022,0.1235036726544571,4.910660926305298
22,80,0.6507744872965894,0.0,78,81,0,0,49573,0.062495114909925244,0.1258889963907341,4.908843635880266
22,81,0.6520485684090808,0.0,84,82,0,0,49620,0.06255436632502553,0.1261983341255692,4.903874860503498
22,82,0.6695698810691122,0.0,119,83,0,0,49611,0.06254302030936802,0.12659409022411613,5.010542760693196
22,83,0.6562706507237304,0.0,102,84,0,0,49527,0.06243712416323135,0.126966736106052,4.91591678436329
22,84,0.7040324153936641,0.0,123,85,0,0,49686,0.0626375704398472,0.13425552018398546,4.98996093886658
22,85,0.63127645137508,0.0,19,86,0,0,49581,0.06250520025717636,0.12260261535398388,4.886807123331079
22,86,0.6600724253875626,0.0,106,87,0,0,49609,0.06254049897255524,0.12677317138810992,4.939665834371677
22,87,0.6551005506352685,0.0,97,88,0,0,49661,0.06260605372968749,0.1266408299380477,4.91413929361812
22,88,0.6395206564943564,0.0,37,89,0,0,49663,0.06260857506650026,0.12399028234770827,4.89747762205731
22,89,0.6655570758063291,0.0,115,90,0,0,49586,0.0625115035992083,0.12617733739663178,4.965913559133142
22,90,0.6387632061935383,0.0,32,91,0,0,49588,0.06251402493602108,0.12368292682350414,4.912121901260188
22,91,0.6360409658757225,0.0,24,92,0,0,49546,0.062461076862952734,0.12374923192436434,4.888764246753945
22,92,0.6489326512117797,0.0,72,93,0,0,49624,0.06255940899865109,0.12501303391954433,4.92479288195812
22,93,0.6510046291036143,0.0,80,94,0,0,49510,0.062415692800322733,0.1258508442225579,4.92059436240323
22,94,0.6417202115821026,0.0,46,95,0,0,49594,0.06252158894645941,0.12418148309531266,4.902349182611
22,95,0.6489565233748873,0.0,73,96,0,0,49547,0.06246233753135913,0.12530704988262364,4.910097690405986
22,96,0.6400158788770774,0.0,39,97,0,0,49610,0.06254175964096163,0.12361961749944189,4.912648785317379
22,97,0.6643216519287286,0.0,110,98,0,0,49572,0.062493854241518855,0.12742009452076125,4.947692641606574
22,98,0.6644955582045378,0.0,111,99,0,0,49647,0.06258840437199803,0.12787581239471776,4.934341344695182
22,99,0.6561804040101112,0.0,101,100,0,0,49518,0.06242577814757384,0.12624292534731382,4.9293321915360755
22,100,0.4564535301292584,0.0,1,101,1,0,49401,0.06227827994402632,0.09410941986315942,4.580186793139201
22,101,0.6608400039251877,0.0,107,102,0,0,49568,0.0624888115678933,0.12646537851456557,4.92887852671956
22,102,0.6544996201287379,0.0,92,103,0,0,49582,0.06250646092558275,0.1264037817483608,4.912946050829688
22,103,0.6343368432945433,0.0,21,104,0,0,49641,0.0625808403615597,0.12292976387486593,4.895602209621594
22,104,0.7815615871083691,0.0,128,105,0,0,49665,0.06261109640331304,0.1482811195978764,5.0525520153499865
22,105,0.6715689027345291,0.0,121,106,0,0,49576,0.06249889691514441,0.12878145649612138,4.939443057429203
22,106,0.5921307637394355,0.0,4,107,1,0,49445,0.06233374935390744,0.11609864115864958,4.85696628575206
22,107,0.7227309021144264,0.0,125,108,0,0,49665,0.06261109640331304,0.1368260166758845,5.02368127784434
22,108,0.6501368364135937,0.0,76,109,0,0,49654,0.06259722905084275,0.12544700131337946,4.923219906083648
22,109,0.6387359954272571,0.0,31,110,0,0,49579,0.06250267892036358,0.12437974376652312,4.8945850129598485
22,110,0.7116724289020764,0.0,124,111,0,0,49685,0.06263630977144082,0.1348749224801144,5.037285622733626
22,111,0.6381532220719645,0.0,29,112,0,0,49616,0.06254932365139997,0.12376699821855101,4.900459042558691
22,112,0.6376788523285727,0.0,27,113,0,0,49610,0.06254175964096163,0.12358951626467163,4.909457335016178
22,113,0.6514482006767379,0.0,82,114,0,0,49545,0.062459816194546346,0.12566958226031186,4.938508368255289
22,114,0.6426239293657146,0.0,52,115,0,0,49587,0.06251276426761469,0.12418016994845944,4.916025128933367
22,115,0.6561493077659655,0.0,100,116,0,0,49538,0.062450991515701625,0.1260232145911881,4.930024206703571
22,116,0.6448324247465503,0.0,58,117,0,0,49507,0.06241191079510357,0.12462252537656002,4.91504227279784
22,117,0.5215982465376584,0.0,2,118,1,0,49411,0.062290886628090215,0.10476491545420288,4.72328684303529
22,118,0.6377804940129315,0.0,28,119,0,0,49504,0.062408128789884394,0.12376552193959736,4.898078327465012
22,119,0.6522170911047944,0.0,85,120,0,0,49488,0.062387958095382175,0.12547102836551985,4.930140323869657
22,120,0.6511716910108692,0.0,81,121,0,0,49523,0.06243208148960579,0.12526536411495479,4.913390209890646
22,121,0.6457064179582274,0.0,61,122,0,0,49581,0.06250520025717636,0.1250334542309064,4.91097267982753
22,122,0.64377386921715,0.0,53,123,0,0,49618,0.06255184498821276,0.12453939024849406,4.912438632611387
22,123,0.6481183282850195,0.0,70,124,0,0,49563,0.06248250822586135,0.12488157535329796,4.928311835917571
22,124,0.6496338477460917,0.0,75,125,0,0,49662,0.06260731439809387,0.12523727705333498,4.920027182819386
22,125,0.6647027006919608,0.0,112,126,0,0,49559,0.062477465552235795,0.12788144494889744,4.920359368162502
22,126,0.6260662867964683,0.0,9,127,1,0,49467,0.062361484058848005,0.12188503353311628,4.879715608821925
22,127,0.6137982480775473,0.0,7,128,1,0,49496,0.062398043442633284,0.1197235650861317,4.872936268641317
23,0,0.7545337316236042,0.0,84,1,0,1,49543,0.06245729485773357,0.12606649763449498,5.566671278699989
23,1,0.7257390634929902,0.0,9,2,1,1,49493,0.06239426143741412,0.12200959886794209,5.540503578555958
23,2,0.7623605582264225,0.0,105,3,0,1,49612,0.06254428097777441,0.12565694582786513,5.618094636683407
23,3,0.7591672408011702,0.0,98,4,0,1,49503,0.062406868121478005,0.12625831659475986,5.6063690188229724
23,4,0.7506939367945568,0.0,63,5,0,1,49631,0.06256823367749581,0.12523471367735722,5.581245039500337
23,5,0.765491989031084,0.0,107,6,0,1,49610,0.06254175964096163,0.1271466780745651,5.597090695486142
23,6,0.7518283208380395,0.0,72,7,0,1,49651,0.06259344704562358,0.1257484820712177,5.5821442932566505
23,7,0.7700542524696741,0.0,110,8,0,1,49623,0.0625581483302447,0.1279721303099544,5.607456029813773
23,8,0.7437252568163818,0.0,45,9,0,1,49544,0.06245855552613996,0.12498442065445002,5.561339655632516
23,9,0.7537531246730332,0.0,83,10,0,1,49518,0.06242577814757384,0.12540973926216498,5.581330803874108
23,10,0.7361001240753742,0.0,21,11,0,1,49575,0.06249763624673802,0.12310937450089376,5.5487914917025005
23,11,0.75248491890442,0.0,75,12,0,1,49589,0.06251528560442747,0.1255716311880624,5.5763472426662615
23,12,0.6900508323921408,0.0,4,13,1,0,49453,0.062343834701158556,0.11719315885364762,5.4787858029725305
23,13,0.7738872434093974,0.0,115,14,0,0,49646,0.06258714370359164,0.12818120737847372,5.619137433326423
23,14,0.768891061756059,0.0,109,15,0,0,49617,0.06255058431980637,0.12778466740845318,5.599830503283786
23,15,0.7270780854095553,0.0,10,16,1,0,49482,0.062380394084943835,0.12271302175872953,5.540302432193785
23,16,0.7503109168062199,0.0,61,17,0,0,49651,0.06259344704562358,0.12524638399480273,5.586532851534828
23,17,0.7405136699165513,0.0,33,18,0,0,49586,0.0625115035992083,0.12416069381896436,5.563549416645396
23,18,0.7418549711540475,0.0,39,19,0,0,49492,0.06239300076900773,0.12439344474001572,5.571530531208191
23,19,0.7371225243811516,0.0,24,20,0,0,49533,0.06244468817366968,0.12369379563079569,5.547705137692568
23,20,0.7508232147753933,0.0,65,21,0,0,49579,0.06250267892036358,0.12525950638248723,5.577429072102041
23,21,0.7848084449402779,0.0,119,22,0,0,49462,0.062355180716816054,0.12654655197707823,5.63863451536434
23,22,0.7791907660349607,0.0,118,23,0,0,49627,0.06256319100387026,0.12900158941861473,5.620293016100963
23,23,0.7346953424203555,0.0,18,24,0,0,49576,0.06249889691514441,0.12310633019568079,5.558218842745294
23,24,0.7513194886573742,0.0,68,25,0,0,49675,0.06262370308737693,0.1255594599493894,5.5867346054536196
23,25,0.7449380092863285,0.0,49,26,0,0,49575,0.06249763624673802,0.12464672516488512,5.570369902755885
23,26,0.7390504134056401,0.0,29,27,0,0,49557,0.06247494421542302,0.12407889995326454,5.5615630426348455
23,27,0.7438063750768713,0.0,47,28,0,0,49600,0.06252915295689775,0.12443600791121548,5.576619624829672
23,28,0.5937811069224255,0.0,1,29,1,0,49430,0.06231483932781161,0.10518362213978621,5.281786295738725
23,29,0.7418349823836985,0.0,38,30,0,0,49457,0.06234887737478411,0.1239240677492812,5.558133951052832
23,30,0.7088377292578723,0.0,6,31,1,0,49461,0.062353920048409665,0.11982215274477938,5.509813200755724
23,31,0.6347133799505209,0.0,2,32,1,0,49434,0.06231988200143716,0.11043080994819397,5.3666092519690025
23,32,0.7437457567226854,0.0,46,33,0,0,49522,0.0624308208211994,0.1241791358659995,5.57653445574067
23,33,0.7507638654602994,0.0,64,34,0,0,49565,0.06248502956267413,0.12598717162549244,5.5663743410974
23,34,0.7383128376143552,0.0,27,35,0,0,49516,0.062423256810761066,0.1235455477972144,5.577611087670923
23,35,0.7362419673789623,0.0,22,36,0,0,49624,0.06255940899865109,0.12345603807577385,5.552382168104851
23,36,0.7336068273495533,0.0,15,37,0,0,49490,0.06239047943219495,0.12291339959294939,5.556859391913405
23,37,0.8098321335819405,0.0,123,38,0,0,49701,0.06265648046594305,0.13314614183092005,5.699023895366953
23,38,0.7479722936279402,0.0,57,39,0,0,49567,0.06248755089948691,0.12506584688764602,5.575557085886229
23,39,0.7528164771225521,0.0,78,40,0,0,49521,0.06242956015279301,0.12546711079094736,5.588121089956455
23,40,0.7859587418533389,0.0,120,41,0,0,49595,0.0625228496148658,0.12997252147974134,5.630050523625321
23,41,0.7601016809942759,0.0,102,42,0,0,49612,0.06254428097777441,0.12641304343300425,5.6016148037440745
23,42,0.7206669414249107,0.0,8,43,1,0,49518,0.06242577814757384,0.12123920339705055,5.547054800094001
23,43,0.75195307387735,0.0,73,44,0,0,49612,0.06254428097777441,0.12523076057332036,5.593098244360079
23,44,0.7346252254892908,0.0,16,45,0,0,49560,0.06247872622064218,0.12339107136372131,5.548785391338552
23,45,0.7383045623531934,0.0,26,46,0,0,49629,0.06256571234068303,0.12364056037157596,5.559328941032689
23,46,0.753272758126995,0.0,80,47,0,0,49560,0.06247872622064218,0.12557830387452817,5.572171469476732
23,47,0.7376208875974533,0.0,25,48,0,0,49614,0.06254680231458719,0.12392867544731107,5.557238096758059
23,48,0.7493051842038265,0.0,60,49,0,0,49625,0.06256066966705748,0.12501114311786157,5.577604462435878
23,49,0.7514197644109114,0.0,69,50,0,0,49626,0.06256193033546387,0.12525788694419326,5.591333732617583
23,50,0.8102414200813048,0.0,124,51,0,0,49659,0.06260353239287471,0.12997010160324496,5.676735767569968
23,51,0.760058832570345,0.0,101,52,0,0,49593,0.06252032827805303,0.1265532047555833,5.596837853617112
23,52,0.741889672935593,0.0,40,53,0,0,49630,0.06256697300908942,0.12457021436215486,5.5725222626864515
23,53,0.7746349284609644,0.0,116,54,0,0,49558,0.062476204883829406,0.12804866243189741,5.61224469250224
23,54,0.7448428867453124,0.0,48,55,0,0,49556,0.06247368354701663,0.12451916507540972,5.565140908201158
23,55,0.7334915438176886,0.0,14,56,0,0,49581,0.06250520025717636,0.12319585304643875,5.542817528558944
23,56,0.7457150067533378,0.0,50,57,0,0,49554,0.06247116221020385,0.12453313575914042,5.579750615865132
23,57,0.7396150029824027,0.0,30,58,0,0,49634,0.06257201568271498,0.12369977259162883,5.569623510814512
23,58,0.7510339637507885,0.0,66,59,0,0,49608,0.06253923830414886,0.1253181918740065,5.588165786429267
23,59,0.7563361160852202,0.0,92,60,0,0,49614,0.06254680231458719,0.126361239080731,5.590906165844868
23,60,0.7551405910968865,0.0,86,61,0,0,49549,0.06246485886817191,0.12578064211771275,5.591336628740738
23,61,0.7429280596346268,0.0,43,62,0,0,49509,0.062414432131916345,0.12458249012752065,5.57429437638061
23,62,0.7567706160368186,0.0,94,63,0,0,49587,0.06251276426761469,0.12630639800562107,5.5875162492244685
23,63,0.7363929325758802,0.0,23,64,0,0,49558,0.062476204883829406,0.12325725188353519,5.5797065023056165
23,64,0.7666428783573647,0.0,108,65,0,0,49605,0.06253545629892969,0.12770176588516075,5.596797988918565
23,65,0.742031914397911,0.0,41,66,0,0,49538,0.062450991515701625,0.12417605532586455,5.562423884411579
23,66,0.7474309310376044,0.0,55,67,0,0,49554,0.06247116221020385,0.12464480476270508,5.583910122779987
23,67,0.7322832726646169,0.0,12,68,1,0,49522,0.0624308208211994,0.12342130908261333,5.549060903443207
23,68,0.7133374292551126,0.0,7,69,1,0,49490,0.06239047943219495,0.12057165881119417,5.504525425392275
23,69,0.7734270397694336,0.0,113,70,0,0,49594,0.06252158894645941,0.12798611896839157,5.6307865523559855
23,70,0.7559710709689695,0.0,90,71,0,0,49605,0.06253545629892969,0.1261632008966565,5.592338244939157
23,71,0.7463159746273473,0.0,52,72,0,0,49630,0.06256697300908942,0.12448587459706276,5.569364580643209
23,72,0.7589759417456315,0.0,97,73,0,0,49615,0.06254806298299358,0.1258630707770643,5.605540732340053
23,73,0.7619276558227128,0.0,104,74,0,0,49645,0.06258588303518525,0.12621758158862448,5.603786559447227
23,74,0.8015614820363631,0.0,122,75,0,0,49672,0.06261992108215776,0.13179643508749594,5.679916001171188
23,75,0.753719821724456,0.0,82,76,0,0,49615,0.06254806298299358,0.12571608056279093,5.585185802971075
23,76,0.7020574173665359,0.0,5,77,1,0,49453,0.062343834701158556,0.11926336092977798,5.492819833011393
23,77,0.7523368188425901,0.0,74,78,0,0,49557,0.06247494421542302,0.12583531481556556,5.578095805230001
23,78,0.7920912552862327,0.0,121,79,0,0,49624,0.06255940899865109,0.1304428076116349,5.65668821122573
23,79,0.7579215315640472,0.0,95,80,0,0,49539,0.06245225218410801,0.12577834215360562,5.602112937709529
23,80,0.7594496488533565,0.0,99,81,0,0,49538,0.062450991515701625,0.12686667845586821,5.596081499260853
23,81,0.7759839526739023,0.0,117,82,0,0,49594,0.06252158894645941,0.1283343667657204,5.636247769524173
23,82,0.7734277323883234,0.0,114,83,0,0,49622,0.06255688766183831,0.12814952086386722,5.621702678475921
23,83,0.7547985082525102,0.0,85,84,0,0,49657,0.06260101105606193,0.12584264772418502,5.5954530128185676
23,84,0.7516983759204018,0.0,71,85,0,0,49622,0.06255688766183831,0.12537167293027213,5.591787808261175
23,85,0.7358599215398823,0.0,20,86,0,0,49626,0.06256193033546387,0.12302134566140262,5.556330061161981
23,86,0.7490748733283376,0.0,59,87,0,0,49467,0.062361484058848005,0.12515334315919352,5.591455085427146
23,87,0.7416608353934017,0.0,37,88,0,0,49544,0.06245855552613996,0.12436484673494182,5.5708822485865985
23,88,0.7559100768179232,0.0,89,89,0,0,49552,0.062468640873391074,0.12576407605222364,5.580709805781811
23,89,0.7596413892521299,0.0,100,90,0,0,49618,0.06255184498821276,0.126152430560435,5.604043944915783
23,90,0.7283224391253335,0.0,11,91,1,0,49538,0.062450991515701625,0.12270236174664383,5.534842921687255
23,91,0.819764406086067,0.0,127,92,0,0,49614,0.06254680231458719,0.12699198450290378,5.746392129229455
23,92,0.8299776101791426,0.0,128,93,0,0,49633,0.06257075501430859,0.13550301596439468,5.696459125487558
23,93,0.7464406779178848,0.0,53,94,0,0,49626,0.06256193033546387,0.12497195948548283,5.570474136637003
23,94,0.7506299398641032,0.0,62,95,0,0,49554,0.06247116221020385,0.12534198285706974,5.580587873072702
23,95,0.7525860465662929,0.0,77,96,0,0,49605,0.06253545629892969,0.12555764290919924,5.5936968448275515
23,96,0.7461001795479824,0.0,51,97,0,0,49606,0.06253671696733608,0.12465206430313633,5.570399187151168
23,97,0.7402561091707863,0.0,32,98,0,0,49589,0.06251528560442747,0.12440552363385261,5.554261842860324
23,98,0.7474898987281532,0.0,56,99,0,0,49576,0.06249889691514441,0.1248992316340724,5.577501047228244
23,99,0.7331084576564381,0.0,13,100,0,0,49561,0.06247998688904857,0.12301656019630512,5.558284281393314
23,100,0.7553773637779012,0.0,87,101,0,0,49615,0.06254806298299358,0.1256831715296596,5.602206193855634
23,101,0.7565088779933427,0.0,93,102,0,0,49538,0.062450991515701625,0.1263826301448401,5.572381482866087
23,102,0.7468728370474209,0.0,54,103,0,0,49544,0.06245855552613996,0.12471346652896793,5.571251392605345
23,103,0.7705524571864162,0.0,111,104,0,0,49667,0.06261361774012582,0.12622446453335187,5.624154028358412
23,104,0.7348900252365024,0.0,19,105,0,0,49638,0.06257705835634053,0.12313151453917416,5.555947700971206
23,105,0.7421019055812447,0.0,42,106,0,0,49532,0.06244342750526329,0.12408329730281167,5.565913021615774
23,106,0.7588277254382799,0.0,96,107,0,0,49511,0.06241695346872912,0.1262083745428682,5.586356964001993
23,107,0.752534908323447,0.0,76,108,0,0,49550,0.062466119536578296,0.12533142277826184,5.592715228392114
23,108,0.7398303663291137,0.0,31,109,0,0,49594,0.06252158894645941,0.12443971494214624,5.557083469867038
23,109,0.7389127982962727,0.0,28,110,0,0,49460,0.06235265938000328,0.12408941067728672,5.5812289678441145
23,110,0.7487769054865244,0.0,58,111,0,0,49567,0.06248755089948691,0.12509017524929855,5.5763823342039665
23,111,0.7514217981947724,0.0,70,112,0,0,49616,0.06254932365139997,0.12553576169032765,5.591247314248457
23,112,0.7407494735042122,0.0,34,113,0,0,49600,0.06252915295689775,0.12407642685288128,5.554093581204819
23,113,0.7534689534248421,0.0,81,114,0,0,49589,0.06251528560442747,0.1253602201027678,5.590354274810204
23,114,0.7430376533472957,0.0,44,115,0,0,49535,0.06244720951048246,0.12446719557490601,5.563457473057494
23,115,0.7414134130800973,0.0,36,116,0,0,49636,0.06257453701952775,0.12415196125050582,5.555607172242752
23,116,0.7510378711367385,0.0,67,117,0,0,49622,0.06255688766183831,0.12561382688174294,5.577012185955963
23,117,0.7532077666744611,0.0,79,118,0,0,49665,0.06261109640331304,0.12584504530084697,5.5728924381403555
23,118,0.7604262731577074,0.0,103,119,0,0,49613,0.0625455416461808,0.12606987623638294,5.621906503095866
23,119,0.762979847325507,0.0,106,120,0,0,49619,0.06255310565661915,0.12673012696869282,5.614366464067791
23,120,0.7706395509091235,0.0,112,121,0,0,49634,0.06257201568271498,0.12758450936572593,5.615776136090576
23,121,0.7346349841019771,0.0,17,122,0,0,49544,0.06245855552613996,0.12336079817396181,5.557667718315232
23,122,0.8117656487111867,0.0,125,123,0,0,49680,0.06263000642940887,0.1329296524783607,5.7151046846698845
23,123,0.7554510484047267,0.0,88,124,0,0,49633,0.06257075501430859,0.12555435555383324,5.605147464335482
23,124,0.6471392313666098,0.0,3,125,1,0,49417,0.06229845063852855,0.11219609583645036,5.405016216457078
23,125,0.7408017450734142,0.0,35,126,0,0,49613,0.0625455416461808,0.1239561795073463,5.5613607647458005
23,126,0.817941853840486,0.0,126,127,0,0,49585,0.06251024293080192,0.127282047509081,5.7105284708782005
23,127,0.756044969975268,0.0,91,128,0,0,49591,0.06251780694124025,0.12580120347293983,5.583897980704708
24,0,0.5794866737614203,0.0,100,1,0,1,49592,0.06251906760964664,0.1269211028843968,4.272433862080977
24,1,0.5728487561499132,0.0,72,2,0,1,49643,0.06258336169837247,0.12523263077638508,4.27497849717145
24,2,0.5682796605715854,0.0,54,3,0,1,49587,0.06251276426761469,0.12476454029892309,4.2589937093961066
24,3,0.5784922704474252,0.0,98,4,0,1,49620,0.06255436632502553,0.12644124278672572,4.268485241665635
24,4,0.5693809682606021,0.0,58,5,0,1,49518,0.06242577814757384,0.1246928202079068,4.271925406225127
24,5,0.5756308971778642,0.0,84,6,0,1,49626,0.06256193033546387,0.1254978713597342,4.281946066633884
24,6,0.5644945341954586,0.0,38,7,0,1,49660,0.0626047930612811,0.12415469635772716,4.2562290049439975
24,7,0.5730647335004023,0.0,76,8,0,1,49673,0.06262118175056415,0.12494679009637677,4.278999118694103
24,8,0.5750361337717647,0.0,82,9,0,1,49542,0.06245603418932718,0.12567352332209142,4.279617176920707
24,9,0.5606698968336611,0.0,22,10,0,1,49557,0.06247494421542302,0.12327802980374931,4.25222002677838
24,10,0.5621740274468519,0.0,31,11,0,1,49495,0.062396782774226896,0.1234548694445572,4.250147114640767
24,11,0.5885887305271928,0.0,116,12,0,1,49625,0.06256066966705748,0.12785671018062145,4.2949841501740345
24,12,0.538530990989021,0.0,6,13,1,0,49455,0.06234635603797133,0.11944333462046668,4.215138911697421
24,13,0.5727964756998358,0.0,71,14,0,0,49565,0.06248502956267413,0.12534373105667748,4.278399109397821
24,14,0.5811774362649194,0.0,104,15,0,0,49621,0.06255562699343192,0.1265858640212689,4.285377649719819
24,15,0.572337415856545,0.0,69,16,0,0,49619,0.06255310565661915,0.12523866066675637,4.267849789973741
24,16,0.5767285949401042,0.0,89,17,0,0,49609,0.06254049897255524,0.12597848027717784,4.273399801522877
24,17,0.6128105775499509,0.0,122,18,0,0,49618,0.06255184498821276,0.13128239254303253,4.333903874753212
24,18,0.5620628676260325,0.0,29,19,0,0,49531,0.062442166836856904,0.12364484907806943,4.258113391960266
24,19,0.5497957530478842,0.0,10,20,1,0,49559,0.062477465552235795,0.12162256015629622,4.240008613411555
24,20,0.5682594365813222,0.0,53,21,0,0,49615,0.06254806298299358,0.12445409405375112,4.272752240051668
24,21,0.5680422136004973,0.0,51,22,0,0,49540,0.0624535128525144,0.12425335745791896,4.26728497524423
24,22,0.5700874241931325,0.0,62,23,0,0,49595,0.0625228496148658,0.12525577079089723,4.266008145471505
24,23,0.5613095872360825,0.0,26,24,0,0,49534,0.06244594884207607,0.12312876714471185,4.264289066779811
24,24,0.567180087440318,0.0,46,25,0,0,49550,0.062466119536578296,0.12485248479088082,4.246112997393818
24,25,0.5817150782477984,0.0,106,26,0,0,49615,0.06254806298299358,0.1266158853535063,4.28208347949149
24,26,0.5765044473776308,0.0,87,27,0,0,49570,0.06249133290470608,0.1262000587438935,4.259737993758667
24,27,0.5879018745355351,0.0,115,28,0,0,49625,0.06256066966705748,0.1275279340503986,4.296078720438012
24,28,0.5398396583260565,0.0,7,29,1,0,49463,0.06235644138522244,0.11960362962847988,4.220366170015941
24,29,0.5585361053967787,0.0,19,30,0,0,49512,0.06241821413713551,0.12313908151420738,4.250714861409504
24,30,0.5305358083970323,0.0,5,31,1,0,49462,0.062355180716816054,0.11797668695061046,4.20918605040107
24,31,0.5532334539541067,0.0,12,32,1,0,49526,0.06243586349482495,0.12173760554269249,4.250668712773291
24,32,0.6178148491483613,0.0,124,33,0,0,49645,0.06258588303518525,0.13067613959358212,4.308892935922551
24,33,0.5774102973356925,0.0,95,34,0,0,49613,0.0625455416461808,0.12604916354271253,4.278421584754513
24,34,0.5718823842877545,0.0,67,35,0,0,49543,0.06245729485773357,0.1252108288636854,4.272487355758979
24,35,0.5743815157329704,0.0,79,36,0,0,49567,0.06248755089948691,0.12556554490208577,4.282360327841727
24,36,0.5682156545356734,0.0,52,37,0,0,49614,0.06254680231458719,0.12461399544716259,4.26946059913433
24,37,0.5868899253044405,0.0,113,38,0,0,49573,0.062495114909925244,0.12774166173187956,4.2934695723229455
24,38,0.5773655296604697,0.0,93,39,0,0,49597,0.06252537095167858,0.1261246334467133,4.284601514604669
24,39,0.5719774049655509,0.0,68,40,0,0,49535,0.06244720951048246,0.12530103362359704,4.267247020695782
24,40,0.5651172294217568,0.0,41,41,0,0,49547,0.06246233753135913,0.12382319148114761,4.252238879651534
24,41,0.5742922735336128,0.0,77,42,0,0,49552,0.062468640873391074,0.1254384839377612,4.270424766290075
24,42,0.5807732884798186,0.0,103,43,0,0,49649,0.06259092570881081,0.12619030723452668,4.270922245040774
24,43,0.6186622584152155,0.0,125,44,0,0,49634,0.06257201568271498,0.12865154301770873,4.331634111993395
24,44,0.5603708218358608,0.0,21,45,0,0,49564,0.06248376889426774,0.12320887770009349,4.252428675006497
24,45,0.5574081088573798,0.0,16,46,0,0,49512,0.06241821413713551,0.12249336502267841,4.2477372882544495
24,46,0.5610169990831767,0.0,24,47,0,0,49553,0.06246990154179746,0.12337040596745552,4.25518909595677
24,47,0.6165682346857476,0.0,123,48,0,0,49638,0.06257705835634053,0.13199196402492708,4.340671925883951
24,48,0.5632324198180496,0.0,36,49,0,0,49630,0.06256697300908942,0.12392510569076622,4.243718059579511
24,49,0.5564632193023911,0.0,13,50,0,0,49502,0.06240560745307162,0.12273077667728403,4.240926195081006
24,50,0.5699362427442441,0.0,61,51,0,0,49506,0.06241065012669717,0.12475244835132662,4.269961815068826
24,51,0.5927315721425296,0.0,119,52,0,0,49662,0.06260731439809387,0.1282339841551406,4.309137664040744
24,52,0.5773887518784607,0.0,94,53,0,0,49615,0.06254806298299358,0.12601961485720936,4.272457540264385
24,53,0.5663893641072664,0.0,45,54,0,0,49611,0.06254302030936802,0.12395223826582212,4.272127792462588
24,54,0.5438922468632116,0.0,9,55,1,0,49509,0.062414432131916345,0.12064836083188502,4.222690241782581
24,55,0.5870021973276864,0.0,114,56,0,0,49634,0.06257201568271498,0.12790818924926275,4.293754091555606
24,56,0.5918694961719456,0.0,118,57,0,0,49588,0.06251402493602108,0.1284647600024679,4.297128031929558
24,57,0.5677434834216886,0.0,48,58,0,0,49549,0.06246485886817191,0.12480119007538032,4.248436974723428
24,58,0.5650037274980526,0.0,39,59,0,0,49533,0.06244468817366968,0.12378665315912514,4.264902635277915
24,59,0.582490638643088,0.0,108,60,0,0,49616,0.06254932365139997,0.127483107079718,4.268060557218915
24,60,0.5783595192638765,0.0,97,61,0,0,49596,0.06252411028327219,0.12664166935445764,4.268270842150309
24,61,0.5756987064545159,0.0,85,62,0,0,49562,0.06248124755745496,0.12556690290560263,4.2854134739206335
24,62,0.5663100320398398,0.0,44,63,0,0,49514,0.06242073547394829,0.12458123550856211,4.256463990248512
24,63,0.5644864025206837,0.0,37,64,0,0,49561,0.06247998688904857,0.12410700976458792,4.25578779079862
24,64,0.5697710848122193,0.0,59,65,0,0,49530,0.062440906168450515,0.12465341867933186,4.2686350972185245
24,65,0.5794605014241695,0.0,99,66,0,0,49610,0.06254175964096163,0.12652022568111,4.277676110595557
24,66,0.5747737160472385,0.0,81,67,0,0,49654,0.06259722905084275,0.12490308538025094,4.309547216549629
24,67,0.5819190964521308,0.0,107,68,0,0,49578,0.0625014182519572,0.1265937135904777,4.280112174373832
24,68,0.5617759547059088,0.0,28,69,0,0,49616,0.06254932365139997,0.1233152460547109,4.2507372309945035
24,69,0.5672579896419988,0.0,47,70,0,0,49546,0.062461076862952734,0.12402389174283945,4.266675149343727
24,70,0.5686938914759477,0.0,55,71,0,0,49532,0.06244342750526329,0.12451986467640921,4.266819509920745
24,71,0.57292036957218,0.0,74,72,0,0,49666,0.06261235707171943,0.1252243843234542,4.268008209944111
24,72,0.5729871118518804,0.0,75,73,0,0,49599,0.06252789228849136,0.12522747197951103,4.28740003057369
24,73,0.6418270238317455,0.0,127,74,0,0,49669,0.0626161390769386,0.13716836936698218,4.383099828988653
24,74,0.5862845773264762,0.0,111,75,0,0,49500,0.06240308611625884,0.1272899651621854,4.2978721120318735
24,75,0.5677998005449513,0.0,49,76,0,0,49499,0.06240182544785245,0.12466516347647204,4.25551173792294
24,76,0.5099017138648386,0.0,3,77,1,0,49459,0.06235139871159689,0.11413134804535201,4.167343091637955
24,77,0.5086665924071226,0.0,2,78,1,0,49502,0.06240560745307162,0.11405010967303603,4.1732658489344265
24,78,0.5622261905480289,0.0,33,79,0,0,49546,0.062461076862952734,0.12388385733677425,4.249329226563649
24,79,0.5697946800683852,0.0,60,80,0,0,49608,0.06253923830414886,0.12510951034513096,4.2597424418968215
24,80,0.5660048164843786,0.0,42,81,0,0,49587,0.06251276426761469,0.12401071234938847,4.259197738484614
24,81,0.561183234393408,0.0,25,82,0,0,49620,0.06255436632502553,0.12348372459791508,4.256750742350625
24,82,0.5727756630325378,0.0,70,83,0,0,49575,0.06249763624673802,0.1254317247247642,4.264299103964269
24,83,0.5609247382244267,0.0,23,84,0,0,49505,0.06240938945829078,0.12342443974148161,4.253921667819752
24,84,0.5573351511552835,0.0,15,85,0,0,49638,0.06257705835634053,0.12290183514134617,4.241808737725799
24,85,0.5692857604320004,0.0,56,86,0,0,49535,0.06244720951048246,0.12436764575430091,4.279522400133214
24,86,0.5599660636391572,0.0,20,87,0,0,49529,0.062439645500044126,0.12287772206278982,4.258420980904997
24,87,0.5718049845330911,0.0,66,88,0,0,49547,0.06246233753135913,0.12497391597691071,4.2778064553428585
24,88,0.6550198747380753,0.0,128,89,0,0,49669,0.0626161390769386,0.13852929617341372,4.371311803104889
24,89,0.5614423682804884,0.0,27,90,0,0,49529,0.062439645500044126,0.12321624293040061,4.252497199197103
24,90,0.5621176518763487,0.0,30,91,0,0,49562,0.06248124755745496,0.1235814526355842,4.261149490285635
24,91,0.5771530721251238,0.0,91,92,0,0,49649,0.06259092570881081,0.12585761006108928,4.2748244361587835
24,92,0.5582335981390599,0.0,18,93,0,0,49620,0.06255436632502553,0.12307104588970873,4.244866096936062
24,93,0.5662391048063734,0.0,43,94,0,0,49549,0.06246485886817191,0.12429373102197695,4.266758832613171
24,94,0.5781009274552309,0.0,96,95,0,0,49649,0.06259092570881081,0.125851186267692,4.281884794734896
24,95,0.5743127641114445,0.0,78,96,0,0,49609,0.06254049897255524,0.12549382059882824,4.266584481190652
24,96,0.5772499766265985,0.0,92,97,0,0,49588,0.06251402493602108,0.12642925222531412,4.265035704304047
24,97,0.5624277306288942,0.0,34,98,0,0,49630,0.06256697300908942,0.12385879671321208,4.255880316483872
24,98,0.5427806573834698,0.0,8,99,1,0,49498,0.06240056477944606,0.1198939304964078,4.22456532142925
24,99,0.5803868045831674,0.0,102,100,0,0,49577,0.0625001575835508,0.12675523748143633,4.282813046538587
24,100,0.6297618225409968,0.0,126,101,0,0,49682,0.06263252776622165,0.13518419200719828,4.342368839789448
24,101,0.5753438217823492,0.0,83,102,0,0,49586,0.0625115035992083,0.1257789796852543,4.270227739792855
24,102,0.5770508784481166,0.0,90,103,0,0,49537,0.062449730847295236,0.12673409084975223,4.262304588353883
24,103,0.5728521642645553,0.0,73,104,0,0,49578,0.0625014182519572,0.12554119618428386,4.273051804801048
24,104,0.565014589826983,0.0,40,105,0,0,49583,0.06250772159398914,0.12369695486230345,4.27494306111207
24,105,0.49809864700620954,0.0,1,106,1,0,49445,0.06233374935390744,0.11231687408961888,4.156995736030649
24,106,0.58496116948005,0.0,110,107,0,0,49623,0.0625581483302447,0.12712628376004614,4.294041222375553
24,107,0.586621903754168,0.0,112,108,0,0,49588,0.06251402493602108,0.1271240195937491,4.297186851525904
24,108,0.6073576963203379,0.0,121,109,0,0,49660,0.0626047930612811,0.13102483598806453,4.3262468822733116
24,109,0.5812792709486972,0.0,105,110,0,0,49601,0.06253041362530413,0.12656941009728095,4.294976587998084
24,110,0.5703113802751331,0.0,63,111,0,0,49575,0.06249763624673802,0.12474571646077054,4.267137253909944
24,111,0.5580182014347068,0.0,17,112,0,0,49477,0.06237409074291189,0.1227484410528348,4.253696297959312
24,112,0.5743960885959486,0.0,80,113,0,0,49602,0.06253167429371052,0.12556997029601066,4.278240958823275
24,113,0.5933216969027107,0.0,120,114,0,0,49657,0.06260101105606193,0.12915905233886923,4.328220633944142
24,114,0.5622003642727399,0.0,32,115,0,0,49568,0.0624888115678933,0.12361508660052113,4.259608215366247
24,115,0.5840891467695946,0.0,109,116,0,0,49625,0.06256066966705748,0.12750784368600968,4.280704812990785
24,116,0.5717066245459868,0.0,64,117,0,0,49587,0.06251276426761469,0.12478842568947267,4.274130136337192
24,117,0.5511539149212217,0.0,11,118,1,0,49574,0.06249637557833163,0.1218014857194841,4.230116808537855
24,118,0.5235891841082292,0.0,4,119,1,0,49509,0.062414432131916345,0.11684926787876294,4.185760018490021
24,119,0.5564980477165283,0.0,14,120,0,0,49498,0.06240056477944606,0.12234507489064692,4.25207005263512
24,120,0.5693532471429339,0.0,57,121,0,0,49619,0.06255310565661915,0.12463112933749539,4.27054202386213
24,121,0.5678151839333586,0.0,50,122,0,0,49519,0.06242703881598023,0.12422209871915298,4.268028142590418
24,122,0.5627415597214269,0.0,35,123,0,0,49591,0.06251780694124025,0.1235728675082791,4.248410564718904
24,123,0.576198525881022,0.0,86,124,0,0,49570,0.06249133290470608,0.12563294250095727,4.282590959056501
24,124,0.5765111661465258,0.0,88,125,0,0,49610,0.06254175964096163,0.12583377338394694,4.279235703411005
24,125,0.571796204769413,0.0,65,126,0,0,49576,0.06249889691514441,0.12494775862061058,4.273799103302961
24,126,0.5887011663703496,0.0,117,127,0,0,49634,0.06257201568271498,0.12772412181698636,4.294158102181063
24,127,0.5801660696052414,0.0,101,128,0,0,49541,0.06245477352092079,0.12644929111585368,4.282460793708423
25,0,0.5460965809727164,0.0,105,1,0,1,49604,0.0625341956305233,0.1264973252917039,4.014055253031235
25,1,0.5371576380907737,0.0,70,2,0,1,49545,0.062459816194546346,0.12538879984674528,4.006332343933758
25,2,0.5179147942918646,0.0,12,3,1,1,49504,0.062408128789884394,0.12202605844629069,3.974901163475753
25,3,0.526302912834404,0.0,25,4,0,1,49644,0.06258462236677886,0.1238596223118916,3.988821656409082
25,4,0.5396354404787004,0.0,83,5,0,1,49593,0.06252032827805303,0.12555852921000293,4.014479560256331
25,5,0.5347910453699791,0.0,58,6,0,1,49689,0.06264135244506637,0.12455222101645526,4.001311334891521
25,6,0.5342136753027886,0.0,56,7,0,1,49566,0.062486290231080516,0.1245103580860838,4.007045333657633
25,7,0.537270517312353,0.0,71,8,0,1,49543,0.06245729485773357,0.12542088299889617,3.9965817024867962
25,8,0.5322891013633231,0.0,45,9,0,1,49603,0.06253293496211691,0.124688296982029,3.9946905645510085
25,9,0.5482685892874445,0.0,111,10,0,1,49610,0.06254175964096163,0.1271981084725683,4.016728029454188
25,10,0.5229440971456545,0.0,22,11,0,1,49490,0.06239047943219495,0.12288358794846307,3.9867236930175074
25,11,0.5201390277330541,0.0,14,12,0,1,49527,0.06243712416323135,0.12235459420317932,3.977363428079542
25,12,0.5289449121542755,0.0,37,13,0,0,49574,0.06249637557833163,0.12363901291775692,4.0033447766727415
25,13,0.5369537203470566,0.0,68,14,0,0,49621,0.06255562699343192,0.12525716972905787,4.003405384202653
25,14,0.5319161977873963,0.0,43,15,0,0,49539,0.06245225218410801,0.12408635183191903,4.002916903483931
25,15,0.5435290584398218,0.0,99,16,0,0,49638,0.06257705835634053,0.1265070290165354,4.012830145556569
25,16,0.5136583555888327,0.0,10,17,1,0,49553,0.06246990154179746,0.12069452073249289,3.971822543241305
25,17,0.5127467907657952,0.0,9,18,1,0,49494,0.06239552210582051,0.12069427575905327,3.967106983122431
25,18,0.5382782720708864,0.0,76,19,0,0,49627,0.06256319100387026,0.1251095186420612,4.010666833261155
25,19,0.5267042109514545,0.0,27,20,0,0,49505,0.06240938945829078,0.12321088988181181,3.9841326708191627
25,20,0.5522615323580025,0.0,117,21,0,0,49571,0.062492593573112466,0.1278543710578683,4.026166076907173
25,21,0.5282930080191564,0.0,34,22,0,0,49504,0.062408128789884394,0.12373838843155816,3.9930801963402764
25,22,0.5578062565563869,0.0,121,23,0,0,49653,0.06259596838243636,0.12860049784383523,4.040109860811396
25,23,0.5828478795808287,0.0,125,24,0,0,49628,0.06256445167227664,0.12690169310905167,4.098792900428377
25,24,0.5288966544531981,0.0,36,25,0,0,49618,0.06255184498821276,0.12385037933288984,3.9856686536549883
25,25,0.5632081075869768,0.0,122,26,0,0,49620,0.06255436632502553,0.12927546342757876,4.056575632585157
25,26,0.5481208852358228,0.0,110,27,0,0,49566,0.062486290231080516,0.12694810878131108,4.03074268846428
25,27,0.5318831640398357,0.0,42,28,0,0,49590,0.06251654627283386,0.12417923990651338,3.9939072731490355
25,28,0.548612405887785,0.0,112,29,0,0,49651,0.06259344704562358,0.1269287014775803,4.0320895725161385
25,29,0.5370415543437915,0.0,69,30,0,0,49574,0.06249637557833163,0.12513101826826842,4.005858673777216
25,30,0.535185341695024,0.0,62,31,0,0,49607,0.06253797763574247,0.12469979654002565,4.004131191370053
25,31,0.5348886770680711,0.0,60,32,0,0,49610,0.06254175964096163,0.12474240038057346,3.998407889578704
25,32,0.540299174826499,0.0,87,33,0,0,49609,0.06254049897255524,0.1255896482299301,4.017935604074659
25,33,0.5329577978685378,0.0,50,34,0,0,49631,0.06256823367749581,0.12443637534707967,4.006014716369269
25,34,0.5335612788672823,0.0,51,35,0,0,49561,0.06247998688904857,0.12458405436167007,3.9991136456795227
25,35,0.5393050429506392,0.0,81,36,0,0,49574,0.06249637557833163,0.1255419284490462,4.013828568485283
25,36,0.5488327404881327,0.0,114,37,0,0,49594,0.06252158894645941,0.1274863196649084,4.0217582772721805
25,37,0.5375755794204204,0.0,74,38,0,0,49617,0.06255058431980637,0.1251045008247169,4.001452207222288
25,38,0.5466538878992219,0.0,107,39,0,0,49552,0.062468640873391074,0.1271213072862091,4.014718944340305
25,39,0.5446042650238953,0.0,102,40,0,0,49579,0.06250267892036358,0.12622851038707775,4.028013861931433
25,40,0.5543661509363645,0.0,119,41,0,0,49563,0.06248250822586135,0.12795932725933046,4.040825869207391
25,41,0.5280002633273425,0.0,33,42,0,0,49577,0.0625001575835508,0.12376658775473363,3.994161900649513
25,42,0.5402967772150282,0.0,86,43,0,0,49595,0.0625228496148658,0.12589129611456562,4.005890293317454
25,43,0.5349046293130771,0.0,61,44,0,0,49647,0.06258840437199803,0.1245616934756269,4.006140213124289
25,44,0.5465592329245438,0.0,106,45,0,0,49630,0.06256697300908942,0.12659074351969907,4.02282848016302
25,45,0.5422536889481826,0.0,95,46,0,0,49561,0.06247998688904857,0.12624582757320252,4.012166804415851
25,46,0.5263284229156762,0.0,26,47,0,0,49641,0.0625808403615597,0.12311158474437267,3.9978919760706013
25,47,0.5404303532015894,0.0,88,48,0,0,49589,0.06251528560442747,0.12554070699372002,4.017321849449521
25,48,0.517490727824405,0.0,11,49,1,0,49534,0.06244594884207607,0.12189467182230948,3.9747792006353464
25,49,0.5275975295436481,0.0,30,50,0,0,49533,0.06244468817366968,0.12349449193959354,3.995172317888585
25,50,0.5269351127435726,0.0,28,51,0,0,49537,0.062449730847295236,0.12332969889452583,3.9938480804335397
25,51,0.5415651993703908,0.0,92,52,0,0,49555,0.06247242287861024,0.12602840523872513,4.008365759146352
25,52,0.5323976888303964,0.0,47,53,0,0,49583,0.06250772159398914,0.12449215809496202,3.998102301739147
25,53,0.5375141576271696,0.0,73,54,0,0,49508,0.062413171463509956,0.12538991144098616,4.012993144002237
25,54,0.5221847292726238,0.0,17,55,0,0,49531,0.062442166836856904,0.1221990256563567,3.9868456220342017
25,55,0.5324355124162798,0.0,48,56,0,0,49521,0.06242956015279301,0.12435870196925913,4.002178665155628
25,56,0.5416209341393514,0.0,93,57,0,0,49530,0.062440906168450515,0.125954669163153,4.013693265045661
25,57,0.641378842421967,0.0,128,58,0,0,49699,0.06265395912913027,0.14395465140841798,4.17154603366804
25,58,0.5336169143984629,0.0,54,59,0,0,49508,0.062413171463509956,0.12454823085895941,4.012330424484188
25,59,0.5249491505337833,0.0,23,60,0,0,49492,0.06239300076900773,0.12331225590753356,3.984528231402764
25,60,0.5468965847735261,0.0,109,61,0,0,49605,0.06253545629892969,0.12673722108851013,4.016140153058832
25,61,0.5393261205070181,0.0,82,62,0,0,49577,0.0625001575835508,0.12554753690387774,4.015476734374301
25,62,0.5405100851402158,0.0,89,63,0,0,49585,0.06251024293080192,0.12584502025375632,4.018239726110198
25,63,0.5361019936650492,0.0,66,64,0,0,49585,0.06251024293080192,0.12547468316046434,4.002310561907589
25,64,0.5390932303138767,0.0,80,65,0,0,49633,0.06257075501430859,0.12532038217893773,4.016074580140938
25,65,0.5300459851174952,0.0,40,66,0,0,49599,0.06252789228849136,0.12441803963293137,3.988455633481321
25,66,0.5323702332787555,0.0,46,67,0,0,49511,0.06241695346872912,0.1243730746048181,4.000168449107875
25,67,0.5225692570376852,0.0,20,68,0,0,49549,0.06246485886817191,0.12264192727832705,3.9822159692251455
25,68,0.5466551711760195,0.0,108,69,0,0,49593,0.06252032827805303,0.1269423080197883,4.0206222416734505
25,69,0.5435126374302605,0.0,98,70,0,0,49556,0.06247368354701663,0.1263536965301287,4.0207215063704185
25,70,0.5447842638778441,0.0,103,71,0,0,49613,0.0625455416461808,0.12582967903705236,4.022118732798253
25,71,0.5229368746887789,0.0,21,72,0,0,49639,0.06257831902474692,0.12285325664649188,3.9789678059344538
25,72,0.5368498330632582,0.0,67,73,0,0,49568,0.0624888115678933,0.12476757904518053,4.009684936100114
25,73,0.5440928444806329,0.0,100,74,0,0,49522,0.0624308208211994,0.12625558840706755,4.018716544895234
25,74,0.4840682935421875,0.0,1,75,1,0,49436,0.06232240333824994,0.11483936452065141,3.9310902406663986
25,75,0.511022443559734,0.0,7,76,1,0,49494,0.06239552210582051,0.12027263776904805,3.9661214275112555
25,76,0.5379364364801349,0.0,75,77,0,0,49602,0.06253167429371052,0.12583368211149631,4.004372628037095
25,77,0.5224194966363134,0.0,19,78,0,0,49496,0.062398043442633284,0.12267777221406435,3.9819155769915833
25,78,0.5643444574034102,0.0,123,79,0,0,49646,0.06258714370359164,0.1295040884350168,4.057978604549946
25,79,0.522336655786289,0.0,18,80,0,0,49610,0.06254175964096163,0.12286258794675564,3.9846079512645654
25,80,0.5327804397084787,0.0,49,81,0,0,49539,0.06245225218410801,0.12432669904518416,4.013548362010975
25,81,0.5083379432339203,0.0,6,82,1,0,49492,0.06239300076900773,0.1201977326247456,3.9584224275241806
25,82,0.5278603079713297,0.0,32,83,0,0,49510,0.062415692800322733,0.1234726104786583,4.000233317197721
25,83,0.5253587392602712,0.0,24,84,0,0,49509,0.062414432131916345,0.12303449955863446,3.9885255685738863
25,84,0.5430873434569701,0.0,96,85,0,0,49556,0.06247368354701663,0.12628477141746344,4.0126657848721825
25,85,0.5120603673839018,0.0,8,86,1,0,49688,0.06264009177665998,0.12191058924163983,3.9634335100940095
25,86,0.5454758877032612,0.0,104,87,0,0,49559,0.062477465552235795,0.1265402867434951,4.029617931877523
25,87,0.5510030712190361,0.0,115,88,0,0,49623,0.0625581483302447,0.12761873396715703,4.027499464544331
25,88,0.5360286461271786,0.0,64,89,0,0,49581,0.06250520025717636,0.12498647984094653,3.9969771967702465
25,89,0.6021571858104554,0.0,126,90,0,0,49643,0.06258336169837247,0.1365975370329555,4.0967595094384155
25,90,0.5307520662868783,0.0,41,91,0,0,49633,0.06257075501430859,0.12377087888138523,4.0014154145897285
25,91,0.5398723915310515,0.0,84,92,0,0,49669,0.0626161390769386,0.12594843734719602,4.011689899470488
25,92,0.5387263078770732,0.0,77,93,0,0,49528,0.06243838483163774,0.12569875149435028,4.0155968762135
25,93,0.5209151776599547,0.0,16,94,0,0,49488,0.062387958095382175,0.12256327348450669,3.9821892675187116
25,94,0.5373543495405039,0.0,72,95,0,0,49653,0.06259596838243636,0.12559268165321166,4.00659881802475
25,95,0.5295126602329202,0.0,38,96,0,0,49664,0.06260983573490665,0.12453220106094845,3.9999728152356875
25,96,0.5322739825261867,0.0,44,97,0,0,49599,0.06252789228849136,0.12391132386769138,4.00869551292607
25,97,0.5444027184938907,0.0,101,98,0,0,49625,0.06256066966705748,0.12648358363945328,4.01637439645892
25,98,0.6034669430671179,0.0,127,99,0,0,49671,0.06261866041375137,0.13598365745504012,4.112584634031411
25,99,0.4993651539240233,0.0,4,100,1,0,49515,0.06242199614235468,0.11838340298880667,3.9435838468691897
25,100,0.541088125200651,0.0,91,101,0,0,49548,0.06246359819976552,0.12568974202127978,4.025469762154271
25,101,0.528528299310712,0.0,35,102,0,0,49530,0.062440906168450515,0.1235138212387801,3.9937476425418117
25,102,0.5516269506940986,0.0,116,103,0,0,49578,0.0625014182519572,0.12766272980832363,4.031401973769851
25,103,0.5408530536772042,0.0,90,104,0,0,49598,0.06252663162008497,0.12590271686252036,4.014632697629643
25,104,0.5433926293394384,0.0,97,105,0,0,49644,0.06258462236677886,0.12625029166906682,4.0154081533994885
25,105,0.5530909777158941,0.0,118,106,0,0,49614,0.06254680231458719,0.1273636560101404,4.035552880509465
25,106,0.5200854112384163,0.0,13,107,0,0,49513,0.0624194748055419,0.12259198867210122,3.9703420085599137
25,107,0.5417038294713385,0.0,94,108,0,0,49588,0.06251402493602108,0.1259412398386832,4.017888483435636
25,108,0.5353950872524793,0.0,63,109,0,0,49592,0.06251906760964664,0.1247907066437363,3.9988097170012584
25,109,0.5298027399098671,0.0,39,110,0,0,49592,0.06251906760964664,0.1239380502300663,3.989458367108761
25,110,0.5487380391343063,0.0,113,111,0,0,49589,0.06251528560442747,0.12719386369679578,4.023137625134942
25,111,0.5278293165680721,0.0,31,112,0,0,49470,0.06236526606406717,0.12333462145862895,3.9909661632932085
25,112,0.5401915363688491,0.0,85,113,0,0,49609,0.06254049897255524,0.1255184723121449,4.019282847371781
25,113,0.5387791317626225,0.0,78,114,0,0,49653,0.06259596838243636,0.1257424856924784,4.006256153882969
25,114,0.5389293150015119,0.0,79,115,0,0,49652,0.06259470771402997,0.1255993085524265,4.014942605018959
25,115,0.48825259134355853,0.0,2,116,1,0,49468,0.06236274472725439,0.11608977168663646,3.9347566777856176
25,116,0.5344854684742402,0.0,57,117,0,0,49557,0.06247494421542302,0.12418351825571365,4.012600642769946
25,117,0.5336127712430427,0.0,53,118,0,0,49638,0.06257705835634053,0.12429901416459979,4.00132901692394
25,118,0.49393640028208735,0.0,3,119,1,0,49475,0.062371569406099114,0.11715990227032048,3.943903986543108
25,119,0.503650207486301,0.0,5,120,1,0,49477,0.06237409074291189,0.11947456566003967,3.9541273783836752
25,120,0.5753773620518186,0.0,124,121,0,0,49632,0.0625694943459022,0.13175866985203818,4.062916339617176
25,121,0.5204843248899799,0.0,15,122,0,0,49546,0.062461076862952734,0.1219010903053288,3.982507393461575
25,122,0.5270701326233221,0.0,29,123,0,0,49562,0.06248124755745496,0.12350982382507894,3.97855800709224
25,123,0.5552300544689497,0.0,120,124,0,0,49587,0.06251276426761469,0.1284771704230086,4.029517860829503
25,124,0.533689674556109,0.0,55,125,0,0,49486,0.06238543675856939,0.12460900432950127,4.008932327793363
25,125,0.5360868550273108,0.0,65,126,0,0,49595,0.0625228496148658,0.1250177379055898,4.001435245443254
25,126,0.5335671634522535,0.0,52,127,0,0,49528,0.06243838483163774,0.12417226707286161,3.9966105557203018
25,127,0.5348884972004204,0.0,59,128,0,0,49643,0.06258336169837247,0.12515146493006893,3.9976005375555883
26,0,0.4283706080739938,0.0,63,1,0,1,49587,0.06251276426761469,0.12509840952836232,3.2154710554450103
26,1,0.41999006980060116,0.0,24,2,0,1,49527,0.06243712416323135,0.12310822343225744,3.2051822976664384
26,2,0.42399329302142713,0.0,38,3,0,1,49558,0.062476204883829406,0.12410709466522848,3.209670230267283
26,3,0.4215527935484953,0.0,30,4,0,1,49641,0.0625808403615597,0.12339442362434766,3.2085928848568472
26,4,0.4181578815069313,0.0,19,5,0,1,49533,0.06244468817366968,0.1226321632473132,3.206856256735726
26,5,0.3932194160889668,0.0,1,6,1,1,49483,0.062381654753350224,0.1166496070388803,3.163572680232521
26,6,0.4135172925300818,0.0,9,7,1,1,49505,0.06240938945829078,0.12160930859588885,3.1925629776374147
26,7,0.4349298780213551,0.0,103,8,0,1,49597,0.06252537095167858,0.1261439837610107,3.2358133828866813
26,8,0.4145236505493732,0.0,10,9,1,1,49488,0.062387958095382175,0.1214528094184929,3.197155564660868
26,9,0.44638261323930806,0.0,120,10,0,1,49644,0.06258462236677886,0.12904991965890475,3.2467408977490684
26,10,0.42017827488419807,0.0,27,11,0,1,49491,0.06239174010060134,0.12290014713435134,3.2089780313953273
26,11,0.4171894005689755,0.0,14,12,0,1,49537,0.062449730847295236,0.12230131272660488,3.2029144326664043
26,12,0.42869564285896916,0.0,66,13,0,0,49518,0.06242577814757384,0.12482575484571388,3.219363319585737
26,13,0.42882247216280256,0.0,68,14,0,0,49566,0.062486290231080516,0.1251167423116988,3.21810835467863
26,14,0.4354980864209585,0.0,105,15,0,0,49536,0.06244847017888885,0.1258779596483581,3.2428345204316393
26,15,0.4320922969228204,0.0,92,16,0,0,49662,0.06260731439809387,0.12567968418467107,3.2172090629255683
26,16,0.42711288088251403,0.0,53,17,0,0,49633,0.06257075501430859,0.12485852429726849,3.2139536519284553
26,17,0.4353013749537158,0.0,104,18,0,0,49622,0.06255688766183831,0.12636784536023316,3.223581244547377
26,18,0.42969655255727074,0.0,77,19,0,0,49576,0.06249889691514441,0.12499409162693614,3.2267937432251763
26,19,0.4461897545253807,0.0,119,20,0,0,49658,0.06260227172446832,0.1291533914874648,3.23836456177765
26,20,0.4782925786724061,0.0,127,21,0,0,49555,0.06247242287861024,0.1267900796869121,3.3267149856692915
26,21,0.4243902827550808,0.0,39,22,0,0,49549,0.06246485886817191,0.12412777847884403,3.2094009622836928
26,22,0.438671956958647,0.0,111,23,0,0,49613,0.0625455416461808,0.12574594175951428,3.243469016599144
26,23,0.418865599731041,0.0,20,24,0,0,49519,0.06242703881598023,0.12264280186492454,3.2070798328748595
26,24,0.4225102687461776,0.0,32,25,0,0,49558,0.062476204883829406,0.12379146272602523,3.213642498740648
26,25,0.43217312140070985,0.0,94,26,0,0,49600,0.06252915295689775,0.12596105985294637,3.2316950970389167
26,26,0.42950764992074103,0.0,76,27,0,0,49601,0.06253041362530413,0.12538688313117208,3.2175543848560024
26,27,0.4100218577996832,0.0,5,28,1,0,49483,0.062381654753350224,0.1207896296489271,3.1889043215213437
26,28,0.42489538687971484,0.0,41,29,0,0,49561,0.06247998688904857,0.12400605245534788,3.223583719702579
26,29,0.43166713361535397,0.0,89,30,0,0,49492,0.06239300076900773,0.12549335010511808,3.222990230021732
26,30,0.43081235155105424,0.0,82,31,0,0,49585,0.06251024293080192,0.12521686697979037,3.2221125729778746
26,31,0.4282472155007592,0.0,61,32,0,0,49664,0.06260983573490665,0.1251144765642728,3.2162242837552673
26,32,0.42835008454708856,0.0,62,33,0,0,49644,0.06258462236677886,0.1249424238479807,3.2208081392016257
26,33,0.4174381675910029,0.0,15,34,0,0,49518,0.06242577814757384,0.1225161473932387,3.2000182188991
26,34,0.42489932534985214,0.0,42,35,0,0,49628,0.06256445167227664,0.12409638832830312,3.220367105889147
26,35,0.4197052422291608,0.0,22,36,0,0,49551,0.062467380204984685,0.12306104463395373,3.205812044119309
26,36,0.41633389325627895,0.0,12,37,1,0,49618,0.06255184498821276,0.12217457731076423,3.2003584845936346
26,37,0.4180240650547211,0.0,17,38,0,0,49509,0.062414432131916345,0.12263814669941635,3.206483412191086
26,38,0.4337102281429169,0.0,98,39,0,0,49610,0.06254175964096163,0.12605790325705726,3.2239980168162385
26,39,0.4252716470735192,0.0,44,40,0,0,49658,0.06260227172446832,0.12388718738425246,3.2221994355147063
26,40,0.42935526382083994,0.0,74,41,0,0,49660,0.0626047930612811,0.12476190145437291,3.2189535981742377
26,41,0.42126406251769444,0.0,28,42,0,0,49510,0.062415692800322733,0.12311050654124672,3.213066890010332
26,42,0.42856721917692975,0.0,65,43,0,0,49596,0.06252411028327219,0.1251365252181149,3.217675378363798
26,43,0.41483186516061826,0.0,11,44,1,0,49501,0.06240434678466523,0.1217221826041104,3.201214511019328
26,44,0.4315895956725994,0.0,88,45,0,0,49566,0.062486290231080516,0.12579473271441452,3.2209840919280595
26,45,0.4294235920518302,0.0,75,46,0,0,49585,0.06251024293080192,0.1259732621141643,3.2118390092627176
26,46,0.4164968487363407,0.0,13,47,0,0,49502,0.06240560745307162,0.12215448255755454,3.1993868259247713
26,47,0.44460196925579115,0.0,118,48,0,0,49692,0.06264513445028554,0.12807617074929017,3.255564242876887
26,48,0.4285662477140397,0.0,64,49,0,0,49598,0.06252663162008497,0.1246601653097663,3.228972757137904
26,49,0.43443754602078083,0.0,100,50,0,0,49552,0.062468640873391074,0.1261434123013409,3.2316757066586543
26,50,0.43294271393937905,0.0,96,51,0,0,49623,0.0625581483302447,0.12598076883515866,3.2252420486511686
26,51,0.42886034937983386,0.0,69,52,0,0,49477,0.06237409074291189,0.12490553332577678,3.222111991866837
26,52,0.4281233808256331,0.0,59,53,0,0,49522,0.0624308208211994,0.12462530377598752,3.220521562845918
26,53,0.4237877967169911,0.0,37,54,0,0,49571,0.062492593573112466,0.12376576609469453,3.214299283085063
26,54,0.4434534380024152,0.0,117,55,0,0,49522,0.0624308208211994,0.12775053597205413,3.25316367570368
26,55,0.4699954944473647,0.0,126,56,0,0,49675,0.06262370308737693,0.13392879313543238,3.3046251226351924
26,56,0.43392061445872354,0.0,99,57,0,0,49639,0.06257831902474692,0.12580462022098748,3.2280599475389025
26,57,0.423767141819229,0.0,36,58,0,0,49536,0.06244847017888885,0.12422126158280404,3.2114708017353024
26,58,0.4357911952034521,0.0,106,59,0,0,49587,0.06251276426761469,0.12651563908792177,3.2332927563552043
26,59,0.4401780329808634,0.0,115,60,0,0,49559,0.062477465552235795,0.1273614780345537,3.24148481483539
26,60,0.40226388748105074,0.0,4,61,1,0,49454,0.062345095369564944,0.1192812870539122,3.1784015714513503
26,61,0.4269749634717996,0.0,50,62,0,0,49533,0.06244468817366968,0.12469338928140143,3.2199140305107097
26,62,0.4278065390831272,0.0,58,63,0,0,49552,0.062468640873391074,0.12513477146466664,3.2143047101761644
26,63,0.43482722195458273,0.0,102,64,0,0,49598,0.06252663162008497,0.12652251192480218,3.2291784862789483
26,64,0.42709432408868586,0.0,52,65,0,0,49616,0.06254932365139997,0.12460315261620374,3.2152079911221976
26,65,0.43090467503298263,0.0,83,66,0,0,49641,0.0625808403615597,0.12509834039526327,3.220153125815083
26,66,0.4198487827538729,0.0,23,67,0,0,49524,0.062433342158012176,0.12294470647568811,3.2079545510122323
26,67,0.4281244939800107,0.0,60,68,0,0,49661,0.06260605372968749,0.12500668809819157,3.2139272412850497
26,68,0.43799001348503463,0.0,109,69,0,0,49570,0.06249133290470608,0.1267835051883955,3.2422737102521446
26,69,0.4290046204414192,0.0,70,70,0,0,49557,0.06247494421542302,0.12527697037659719,3.2179866983070915
26,70,0.4201459161550681,0.0,26,71,0,0,49540,0.0624535128525144,0.12311160313161026,3.1993416692136547
26,71,0.45731203141907006,0.0,123,72,0,0,49651,0.06259344704562358,0.1318338260919716,3.272185595331631
26,72,0.4538318844922035,0.0,122,73,0,0,49568,0.0624888115678933,0.13041538469942968,3.2518648142733726
26,73,0.43231847118368,0.0,95,74,0,0,49574,0.06249637557833163,0.12609786827006514,3.2200087355753397
26,74,0.4263877695790776,0.0,46,75,0,0,49542,0.06245603418932718,0.12440967380148263,3.2204436490141237
26,75,0.4270839748360157,0.0,51,76,0,0,49544,0.06245855552613996,0.12472944338236022,3.22118032215421
26,76,0.42644578155151247,0.0,47,77,0,0,49627,0.06256319100387026,0.12440182513930809,3.217506995837362
26,77,0.42984169201701167,0.0,79,78,0,0,49583,0.06250772159398914,0.12496747129917378,3.228408388238411
26,78,0.39742674159976743,0.0,2,79,1,0,49465,0.06235896272203522,0.11768791196674085,3.167323264871941
26,79,0.4189830912615033,0.0,21,80,0,0,49552,0.062468640873391074,0.12290952115031431,3.2058700075888606
26,80,0.4180792530625911,0.0,18,81,0,0,49545,0.062459816194546346,0.12261443196943723,3.200733290917859
26,81,0.4306623944860462,0.0,81,82,0,0,49686,0.0626375704398472,0.12565765899370024,3.2227907708071335
26,82,0.43992363572649806,0.0,114,83,0,0,49534,0.06244594884207607,0.1270761890344768,3.2435855271851217
26,83,0.4273036423815898,0.0,55,84,0,0,49581,0.06250520025717636,0.12491865186815101,3.2122133233695065
26,84,0.43928620399050433,0.0,113,85,0,0,49586,0.0625115035992083,0.12737437173460026,3.238307637511952
26,85,0.42871977794065785,0.0,67,86,0,0,49527,0.06243712416323135,0.12474720724362003,3.2272042875527465
26,86,0.4274926126009181,0.0,56,87,0,0,49572,0.062493854241518855,0.1250102539182089,3.2133320904048213
26,87,0.41779971210679356,0.0,16,88,0,0,49461,0.062353920048409665,0.12252485801930275,3.2012770310073706
26,88,0.45111017101823697,0.0,121,89,0,0,49547,0.06246233753135913,0.12693797839259213,3.2602966084649014
26,89,0.43353782565199084,0.0,97,90,0,0,49531,0.062442166836856904,0.126142163449717,3.220917191007625
26,90,0.43119721992659094,0.0,84,91,0,0,49595,0.0625228496148658,0.1256200895401448,3.220080405010408
26,91,0.43211817052703033,0.0,93,92,0,0,49665,0.06261109640331304,0.12594452770402492,3.2247098441057025
26,92,0.4314568143646634,0.0,87,93,0,0,49581,0.06250520025717636,0.12540866856776137,3.2263649307863163
26,93,0.4005330127226406,0.0,3,94,1,0,49471,0.06236652673247356,0.11885910501118858,3.1659718534001855
26,94,0.4389669045708199,0.0,112,95,0,0,49596,0.06252411028327219,0.12760563226146976,3.230336019262809
26,95,0.42286445190602223,0.0,33,96,0,0,49645,0.06258588303518525,0.12362643456429255,3.2063829713558687
26,96,0.4265257167945867,0.0,49,97,0,0,49616,0.06254932365139997,0.12456810731534335,3.2142719748495705
26,97,0.4109224661567343,0.0,7,98,1,0,49654,0.06259722905084275,0.1214331034317348,3.199908444731513
26,98,0.425313491315084,0.0,45,99,0,0,49504,0.062408128789884394,0.12407132637549391,3.2131970667227514
26,99,0.4215512553906828,0.0,29,100,0,0,49557,0.06247494421542302,0.12301412465759198,3.2192125379880903
26,100,0.42909777439368435,0.0,71,101,0,0,49655,0.06259848971924914,0.12520265782943296,3.219673435658823
26,101,0.4319753949346742,0.0,91,102,0,0,49610,0.06254175964096163,0.12605223950389843,3.225820276716592
26,102,0.42307316463020816,0.0,34,103,0,0,49551,0.062467380204984685,0.12376494338277222,3.2152733319725684
26,103,0.42199148652787877,0.0,31,104,0,0,49619,0.06255310565661915,0.12368095078499738,3.2082913043982266
26,104,0.4272642032987473,0.0,54,105,0,0,49646,0.06258714370359164,0.1244924470486784,3.2218132060653533
26,105,0.423761401629708,0.0,35,106,0,0,49642,0.06258210102996609,0.12373082311074658,3.212582500255104
26,106,0.4960911763564207,0.0,128,107,0,0,49700,0.06265521979753666,0.13988601629701922,3.3255946816768307
26,107,0.4382534408820275,0.0,110,108,0,0,49565,0.06248502956267413,0.12725572464317775,3.2322633152298366
26,108,0.4376916519999276,0.0,108,109,0,0,49643,0.06258336169837247,0.1265523558625163,3.236900699308223
26,109,0.46616855484068664,0.0,124,110,0,0,49685,0.06263630977144082,0.13423333341405552,3.2801617900392195
26,110,0.4200505746434853,0.0,25,111,0,0,49492,0.06239300076900773,0.12293523259109111,3.2066374006823386
26,111,0.46807880369722227,0.0,125,112,0,0,49671,0.06261866041375137,0.13338274280353052,3.297903652965109
26,112,0.43145143552257176,0.0,86,113,0,0,49579,0.06250267892036358,0.12549466855009153,3.2251310424496813
26,113,0.4404056655293266,0.0,116,114,0,0,49631,0.06256823367749581,0.12793249546437757,3.2361389247430967
26,114,0.42932744553932106,0.0,73,115,0,0,49515,0.06242199614235468,0.12511568706252052,3.2208936189087742
26,115,0.43138148416493566,0.0,85,116,0,0,49520,0.06242829948438662,0.1255944292335425,3.2272555683665747
26,116,0.43035264164679016,0.0,80,117,0,0,49574,0.06249637557833163,0.12583665427768634,3.2141723441115277
26,117,0.4345167583324048,0.0,101,118,0,0,49666,0.06261235707171943,0.12610610450116885,3.236240529661491
26,118,0.41219089435688494,0.0,8,119,1,0,49521,0.06242956015279301,0.12090995239330449,3.195575986811039
26,119,0.42916324871862893,0.0,72,120,0,0,49614,0.06254680231458719,0.12514095719241153,3.2196629013053695
26,120,0.4108553663866002,0.0,6,121,1,0,49498,0.06240056477944606,0.12091872092163164,3.1848918997542444
26,121,0.42981145033757023,0.0,78,122,0,0,49603,0.06253293496211691,0.12538023439531307,3.228515816330066
26,122,0.42776802048567714,0.0,57,123,0,0,49537,0.062449730847295236,0.12484419629412105,3.22175802550961
26,123,0.4264487424915706,0.0,48,124,0,0,49531,0.062442166836856904,0.12411139164987257,3.2186135933526923
26,124,0.4251160237115948,0.0,43,125,0,0,49574,0.06249637557833163,0.12399303264839932,3.2145493375173895
26,125,0.4370061214117456,0.0,107,126,0,0,49621,0.06255562699343192,0.12638972611110136,3.234803144822105
26,126,0.43182724328595035,0.0,90,127,0,0,49639,0.06257831902474692,0.12532345219526803,3.231569655002068
26,127,0.42467231403173056,0.0,40,128,0,0,49581,0.06250520025717636,0.12426477420306996,3.206567205617563
27,0,0.19083687487246656,0.0,95,1,0,1,49574,0.06249637557833163,0.12594398385852076,1.445711691077715
27,1,0.2150682937591483,0.0,127,2,0,1,49686,0.0626375704398472,0.1387375969518208,1.4807712592805136
27,2,0.1853961925011557,0.0,18,3,0,1,49536,0.06244847017888885,0.12308577432137588,1.4391797596329203
27,3,0.1934515044710146,0.0,114,4,0,1,49538,0.062450991515701625,0.12728579751176733,1.4489240759688369
27,4,0.19150464699569836,0.0,100,5,0,1,49628,0.06256445167227664,0.12667361710682146,1.4423598187498032
27,5,0.19526871696848142,0.0,118,6,0,1,49566,0.062486290231080516,0.1284169091131452,1.4471288034346377
27,6,0.21152243015896108,0.0,125,7,0,1,49669,0.0626161390769386,0.13771341013755667,1.4707483127269017
27,7,0.18570356706403057,0.0,23,8,0,1,49471,0.06236652673247356,0.12293777810025434,1.4381430702159115
27,8,0.19003848199273035,0.0,81,9,0,1,49498,0.06240056477944606,0.12518753857886233,1.4445618679828083
27,9,0.19087369473925953,0.0,96,10,0,1,49619,0.06255310565661915,0.12548528436773546,1.4480103030176186
27,10,0.1884019337311777,0.0,56,11,0,1,49626,0.06256193033546387,0.124973638769533,1.4413731658006408
27,11,0.19270325503054464,0.0,110,12,0,1,49551,0.062467380204984685,0.12673345766449404,1.4482074592271308
27,12,0.16944794139748673,0.0,1,13,1,0,49475,0.062371569406099114,0.1142931510980169,1.4146288266106857
27,13,0.18656117055354854,0.0,36,14,0,0,49520,0.06242829948438662,0.12358001459460263,1.4366544270736354
27,14,0.1864550006331784,0.0,33,15,0,0,49482,0.062380394084943835,0.12318720387888027,1.4414439215569848
27,15,0.19234058524521774,0.0,105,16,0,0,49609,0.06254049897255524,0.12652645634963774,1.448970232443862
27,16,0.18373822929832406,0.0,10,17,1,0,49522,0.0624308208211994,0.12256106044528788,1.430737743355594
27,17,0.1900830119541916,0.0,83,18,0,0,49671,0.06261866041375137,0.12567495356124941,1.44198125210477
27,18,0.19800105896663903,0.0,121,19,0,0,49632,0.0625694943459022,0.12963378409509274,1.4488053926181876
27,19,0.18653767765474155,0.0,34,20,0,0,49543,0.06245729485773357,0.12352702173393887,1.439370016215945
27,20,0.19064605248965197,0.0,91,21,0,0,49586,0.0625115035992083,0.1254951642363487,1.4531696846412288
27,21,0.1926079791527816,0.0,108,22,0,0,49602,0.06253167429371052,0.12680840711374644,1.4483279674089946
27,22,0.1860235140394359,0.0,28,23,0,0,49499,0.06240182544785245,0.12349807531705806,1.439820395873257
27,23,0.18922422183272475,0.0,69,24,0,0,49539,0.06245225218410801,0.12512603570444716,1.4430974123003972
27,24,0.1855942828863358,0.0,22,25,0,0,49587,0.06251276426761469,0.12324663884201337,1.436375798352272
27,25,0.19042506243472831,0.0,86,26,0,0,49522,0.0624308208211994,0.12536783229555448,1.4457507010874444
27,26,0.18816595383706833,0.0,53,27,0,0,49601,0.06253041362530413,0.12458373249031203,1.4403505634782365
27,27,0.18891089823092533,0.0,64,28,0,0,49556,0.06247368354701663,0.12482052491991717,1.4416400637957643
27,28,0.18870876531891395,0.0,59,29,0,0,49588,0.06251402493602108,0.12477897866052105,1.44425775705052
27,29,0.18808881546384043,0.0,52,30,0,0,49554,0.06247116221020385,0.12432754573219751,1.4422611100446072
27,30,0.18695169744640291,0.0,41,31,0,0,49635,0.06257327635112137,0.1239111064531797,1.4408631257963593
27,31,0.18403993801277202,0.0,11,32,1,0,49572,0.062493854241518855,0.12243962116046275,1.4335562253725067
27,32,0.19428020953053174,0.0,116,33,0,0,49601,0.06253041362530413,0.1275372339248803,1.4491481564695696
27,33,0.1963821702365846,0.0,119,34,0,0,49649,0.06259092570881081,0.1281887239811498,1.4559474328482112
27,34,0.18616009100963604,0.0,30,35,0,0,49542,0.06245603418932718,0.12331632703842285,1.4406626173165191
27,35,0.18724225806217654,0.0,43,36,0,0,49620,0.06255436632502553,0.12387895757561052,1.4390596544038992
27,36,0.19670808273299112,0.0,120,37,0,0,49685,0.06263630977144082,0.1279661861571564,1.4622812513316383
27,37,0.186661671118676,0.0,38,38,0,0,49563,0.06248250822586135,0.12383859540756689,1.4398286853645827
27,38,0.20215019527508027,0.0,124,39,0,0,49686,0.0626375704398472,0.1309316892610644,1.4665959942226532
27,39,0.18637682743649583,0.0,32,40,0,0,49586,0.0625115035992083,0.12359500679004203,1.4385051381365594
27,40,0.18749201883637295,0.0,47,41,0,0,49650,0.0625921863772172,0.12406079812410539,1.441504709775566
27,41,0.18935366732680334,0.0,73,42,0,0,49537,0.062449730847295236,0.12510303110306145,1.4435993643619023
27,42,0.19145927682669506,0.0,99,43,0,0,49690,0.06264261311347276,0.12630974792579777,1.4460572291013936
27,43,0.18258333232040092,0.0,7,44,1,0,49494,0.06239552210582051,0.12163457223778151,1.435313718808906
27,44,0.19312612836768353,0.0,112,45,0,0,49565,0.06248502956267413,0.12691864654338003,1.4513643652340438
27,45,0.19007384162653046,0.0,82,46,0,0,49589,0.06251528560442747,0.12530264747651618,1.4469641170203287
27,46,0.19315679271454214,0.0,113,47,0,0,49579,0.06250267892036358,0.12685717849899852,1.454055688207533
27,47,0.18427722516028092,0.0,14,48,0,0,49546,0.062461076862952734,0.12263423681017574,1.436194194014939
27,48,0.18781765354495683,0.0,48,49,0,0,49624,0.06255940899865109,0.12444572360171309,1.4388719866462047
27,49,0.18425850092139676,0.0,13,50,0,0,49695,0.0626489164555047,0.1224900834859452,1.4361750834480054
27,50,0.1909012578873999,0.0,97,51,0,0,49524,0.062433342158012176,0.12597734318714712,1.4433951910958127
27,51,0.1854376799450971,0.0,19,52,0,0,49461,0.062353920048409665,0.12256358122525851,1.4410009822079697
27,52,0.19217215657039455,0.0,104,53,0,0,49615,0.06254806298299358,0.12667339285419846,1.4450691070418848
27,53,0.19195378113543096,0.0,102,54,0,0,49544,0.06245855552613996,0.1260264798500388,1.4482622997979047
27,54,0.1858842059070757,0.0,25,55,0,0,49583,0.06250772159398914,0.12371860794747301,1.4359840810557867
27,55,0.18876494518885295,0.0,62,56,0,0,49581,0.06250520025717636,0.12505736501226586,1.4423381201944874
27,56,0.1865533421867191,0.0,35,57,0,0,49493,0.06239426143741412,0.12369534408505531,1.4389157666133359
27,57,0.190687709171931,0.0,92,58,0,0,49547,0.06246233753135913,0.12575800623671418,1.4445513988604248
27,58,0.19030310122068203,0.0,84,59,0,0,49682,0.06263252776622165,0.1262156727682462,1.4394841487045975
27,59,0.18972621283685148,0.0,78,60,0,0,49641,0.0625808403615597,0.1256961813791081,1.441994654799749
27,60,0.18743629433523218,0.0,46,61,0,0,49559,0.062477465552235795,0.12475945833223405,1.4356568322829153
27,61,0.19058308692998624,0.0,89,62,0,0,49558,0.062476204883829406,0.12539639652712808,1.4456813764331264
27,62,0.1882240761944262,0.0,54,63,0,0,49543,0.06245729485773357,0.12464886969519158,1.4409523568918148
27,63,0.1879173697805235,0.0,49,64,0,0,49582,0.06250646092558275,0.12438613963702407,1.4417917561804945
27,64,0.2010847541195893,0.0,122,65,0,0,49571,0.062492593573112466,0.12738933472781913,1.4757525992452716
27,65,0.23146014766244313,0.0,128,66,0,0,49554,0.06247116221020385,0.12722793697093973,1.5051203541675304
27,66,0.18822899588097217,0.0,55,67,0,0,49584,0.06250898226239553,0.12455976035274968,1.4410399470324233
27,67,0.18355291828063805,0.0,8,68,1,0,49523,0.06243208148960579,0.12251274886001547,1.4309275316331074
27,68,0.1926594116210571,0.0,109,69,0,0,49622,0.06255688766183831,0.12740404738190533,1.4478811916516259
27,69,0.18874160155749356,0.0,60,70,0,0,49567,0.06248755089948691,0.12464917187465509,1.4437199665301377
27,70,0.19371124707936505,0.0,115,71,0,0,49609,0.06254049897255524,0.12702437265242356,1.4509262720243585
27,71,0.1889085675297814,0.0,63,72,0,0,49548,0.06246359819976552,0.1250408233741189,1.4426910133979363
27,72,0.18943575901632456,0.0,75,73,0,0,49563,0.06248250822586135,0.12523699808489258,1.4442539795299878
27,73,0.18876353214897765,0.0,61,74,0,0,49659,0.06260353239287471,0.12475939350252079,1.4405361389399927
27,74,0.1890023734249519,0.0,65,75,0,0,49569,0.06249007223629969,0.1248194460379937,1.4413671967790933
27,75,0.186002371320775,0.0,26,76,0,0,49546,0.062461076862952734,0.12354474826097273,1.4370253043408052
27,76,0.18861106972235003,0.0,57,77,0,0,49569,0.06249007223629969,0.12456169137135038,1.446171424811567
27,77,0.1868384445623903,0.0,40,78,0,0,49545,0.062459816194546346,0.12367813566268973,1.4366303171701285
27,78,0.19101738629176127,0.0,98,79,0,0,49564,0.06248376889426774,0.12564743655875743,1.4484084225964953
27,79,0.17667468377879716,0.0,3,80,1,0,49481,0.06237913341653745,0.1180937027203366,1.4249406596083707
27,80,0.19043917280204906,0.0,88,81,0,0,49553,0.06246990154179746,0.12499730732411696,1.4449523461583194
27,81,0.18414498886383907,0.0,12,82,1,0,49536,0.06244847017888885,0.12268657473438463,1.4334735880162628
27,82,0.19077862227715678,0.0,93,83,0,0,49522,0.0624308208211994,0.12572094191112945,1.447823400735822
27,83,0.1892171558393519,0.0,68,84,0,0,49645,0.06258588303518525,0.12501029723155702,1.444928138452081
27,84,0.1879345020269803,0.0,50,85,0,0,49560,0.06247872622064218,0.12441397158955574,1.4416208436007854
27,85,0.19171556986310506,0.0,101,86,0,0,49631,0.06256823367749581,0.1257340136223357,1.4475277998749487
27,86,0.18105009077300863,0.0,4,87,1,0,49468,0.06236274472725439,0.12085794852233596,1.4332910043988714
27,87,0.1813814208148112,0.0,5,88,1,0,49509,0.062414432131916345,0.12106867405155752,1.4286886654825208
27,88,0.1903120675302,0.0,85,89,0,0,49666,0.06261235707171943,0.12547252175901805,1.44692487457429
27,89,0.1871986057506684,0.0,42,90,0,0,49553,0.06246990154179746,0.12421521837020663,1.4382280746175553
27,90,0.18924838418741824,0.0,71,91,0,0,49635,0.06257327635112137,0.12537417429104078,1.44190430051083
27,91,0.18545411814335977,0.0,20,92,0,0,49526,0.06243586349482495,0.12325418483318781,1.4369433076943872
27,92,0.19080673741430582,0.0,94,93,0,0,49610,0.06254175964096163,0.1259646227839539,1.4426765898120453
27,93,0.18958325979381146,0.0,77,94,0,0,49558,0.062476204883829406,0.12538255416853408,1.4426437410807258
27,94,0.1873451565320336,0.0,44,95,0,0,49508,0.062413171463509956,0.12430645774535541,1.4387899290653623
27,95,0.18604449623494226,0.0,29,96,0,0,49619,0.06255310565661915,0.12338317471595162,1.4393173885432686
27,96,0.20140239167995586,0.0,123,97,0,0,49582,0.06250646092558275,0.1290149475918322,1.459749704690422
27,97,0.1920928625816487,0.0,103,98,0,0,49623,0.0625581483302447,0.1263757188674442,1.4477713698073416
27,98,0.1929579991494914,0.0,111,99,0,0,49599,0.06252789228849136,0.1265011787526537,1.4502472264587496
27,99,0.19240612057847603,0.0,107,100,0,0,49626,0.06256193033546387,0.12630633217157344,1.4477775428193926
27,100,0.18601209555591902,0.0,27,101,0,0,49493,0.06239426143741412,0.12337643959425953,1.4391603805594397
27,101,0.1948546893021941,0.0,117,102,0,0,49613,0.0625455416461808,0.12674504013376275,1.447614094822598
27,102,0.18558283929897365,0.0,21,103,0,0,49664,0.06260983573490665,0.1234310419032911,1.4342838298758667
27,103,0.18356828118927243,0.0,9,104,1,0,49473,0.06236904806928634,0.12242257089799098,1.4341285146297456
27,104,0.18531220334796744,0.0,17,105,0,0,49561,0.06247998688904857,0.12288792438461446,1.4389484118549363
27,105,0.1906024415981489,0.0,90,106,0,0,49568,0.0624888115678933,0.1259220275792156,1.44502648014132
27,106,0.18905930291495135,0.0,66,107,0,0,49647,0.06258840437199803,0.12493782558809866,1.4423916553840368
27,107,0.18192247263597466,0.0,6,108,1,0,49478,0.06237535141131828,0.12120135179544071,1.4339964639763398
27,108,0.18503219886333988,0.0,15,109,0,0,49676,0.06262496375578332,0.12317937648287762,1.436594779658307
27,109,0.18911014129336046,0.0,67,110,0,0,49629,0.06256571234068303,0.1249426612229276,1.4462799641522752
27,110,0.18945471765254476,0.0,76,111,0,0,49553,0.06246990154179746,0.12478422006730895,1.4424374235991806
27,111,0.18662848920505373,0.0,37,112,0,0,49521,0.06242956015279301,0.12361483854424263,1.4358492569116685
27,112,0.1892386726577855,0.0,70,113,0,0,49527,0.06243712416323135,0.12507579774803265,1.4439277207415322
27,113,0.21476290708482043,0.0,126,114,0,0,49681,0.06263126709781526,0.1373729099933295,1.4817181933746806
27,114,0.18988689511698148,0.0,80,115,0,0,49575,0.06249763624673802,0.12535368461306506,1.4420610744750721
27,115,0.18863736338064385,0.0,58,116,0,0,49624,0.06255940899865109,0.12481804759836272,1.4412040094375798
27,116,0.1893132258529017,0.0,72,117,0,0,49614,0.06254680231458719,0.12514260668430233,1.4403116211297708
27,117,0.1880180822085313,0.0,51,118,0,0,49576,0.06249889691514441,0.12434312831775005,1.4436297673871432
27,118,0.16969324034196345,0.0,2,119,1,0,49481,0.06237913341653745,0.1144043189755194,1.4175557423458003
27,119,0.1904347171536278,0.0,87,120,0,0,49550,0.062466119536578296,0.12597308327435439,1.4443063933420373
27,120,0.19234778712058143,0.0,106,121,0,0,49604,0.0625341956305233,0.12652618886038747,1.4464145372159216
27,121,0.18739035576298776,0.0,45,122,0,0,49686,0.0626375704398472,0.12363764277811147,1.4423821773454812
27,122,0.18667968778751118,0.0,39,123,0,0,49547,0.06246233753135913,0.12367907312742289,1.4380756763501092
27,123,0.18940328498525502,0.0,74,124,0,0,49599,0.06252789228849136,0.1251332438259188,1.4437990939146963
27,124,0.18580283124797156,0.0,24,125,0,0,49572,0.062493854241518855,0.12356268365516565,1.4359375634349396
27,125,0.18987630029734776,0.0,79,126,0,0,49689,0.06264135244506637,0.1265935736590393,1.4426015530662513
27,126,0.1851388684456768,0.0,16,127,0,0,49493,0.06239426143741412,0.12268721585701117,1.43804044803938
27,127,0.1862839689529989,0.0,31,128,0,0,49472,0.06236778740087995,0.12366987910072132,1.439291077599377
28,0,0.15819450269819005,0.0,29,1,0,1,49612,0.06254428097777441,0.12286559972392236,1.1503554793771578
28,1,0.1607293368587169,0.0,65,2,0,1,49624,0.06255940899865109,0.12443215582200645,1.1563396743729424
28,2,0.1622666034142256,0.0,84,3,0,1,49596,0.06252411028327219,0.12533651389630712,1.1575407547922283
28,3,0.16278738067024826,0.0,92,4,0,1,49591,0.06251780694124025,0.12546688978454743,1.157450364211636
28,4,0.21697901325892752,0.0,128,5,0,1,49674,0.06262244241897054,0.14810099955538317,1.2774399776765455
28,5,0.1579884076123075,0.0,28,6,0,1,49555,0.06247242287861024,0.12282752223502108,1.1506724625662648
28,6,0.16234419121508364,0.0,85,7,0,1,49637,0.06257579768793414,0.1259536986877054,1.1554428919846373
28,7,0.15085601589726144,0.0,5,8,1,1,49467,0.062361484058848005,0.11947955806990274,1.1356536344944093
28,8,0.1603285348648678,0.0,58,9,0,1,49551,0.062467380204984685,0.12423942149563118,1.1553427566321668
28,9,0.16343204406814255,0.0,103,10,0,1,49638,0.06257705835634053,0.12626826930968632,1.160511109927517
28,10,0.15620396638242873,0.0,17,11,0,1,49543,0.06245729485773357,0.12202936291709755,1.147565880385166
28,11,0.16319014726896358,0.0,102,12,0,1,49632,0.0625694943459022,0.1255274075991264,1.1620637856156895
28,12,0.16143332839728394,0.0,73,13,0,0,49562,0.06248124755745496,0.12532229813688142,1.1568527083566795
28,13,0.15719277756551256,0.0,21,14,0,0,49564,0.06248376889426774,0.12274998744998779,1.148174431977418
28,14,0.14832945872837253,0.0,3,15,1,0,49498,0.06240056477944606,0.11754027765515639,1.132521294090876
28,15,0.1516185592454446,0.0,6,16,1,0,49496,0.062398043442633284,0.11989494926053522,1.1375238690667757
28,16,0.1589936537705106,0.0,36,17,0,0,49576,0.06249889691514441,0.1239804446629644,1.1524194412388016
28,17,0.1602515868621444,0.0,55,18,0,0,49531,0.062442166836856904,0.12443878101853029,1.150846913493184
28,18,0.16092849765291853,0.0,68,19,0,0,49503,0.062406868121478005,0.12489195381349777,1.1554577015061749
28,19,0.1631534532451722,0.0,100,20,0,0,49656,0.06259975038765553,0.12662991192852782,1.1574268330137016
28,20,0.1614540298340003,0.0,74,21,0,0,49664,0.06260983573490665,0.12497104500150656,1.1571132251894989
28,21,0.16105295318629945,0.0,69,22,0,0,49553,0.06246990154179746,0.12415304954811933,1.155855500097803
28,22,0.1550941269017427,0.0,13,23,0,0,49474,0.062370308737692726,0.12235936772179326,1.1438777315706958
28,23,0.15300691455734147,0.0,10,24,1,0,49484,0.06238291542175661,0.12031900010096312,1.1411203217398427
28,24,0.14244479470273397,0.0,1,25,1,0,49433,0.062318621333030774,0.11419892294916315,1.122894358429362
28,25,0.16040200474344668,0.0,60,26,0,0,49510,0.062415692800322733,0.12420014289014569,1.1569722124804047
28,26,0.15904853651922582,0.0,37,27,0,0,49602,0.06253167429371052,0.12338748307845543,1.1545120423640374
28,27,0.18098862453395842,0.0,125,28,0,0,49685,0.06263630977144082,0.1361604231647503,1.192747684604385
28,28,0.16141730295544351,0.0,72,29,0,0,49579,0.06250267892036358,0.1248763734660558,1.155513460574615
28,29,0.15957667692150718,0.0,47,30,0,0,49504,0.062408128789884394,0.12381136283887557,1.15765048650177
28,30,0.16613706727065994,0.0,115,31,0,0,49521,0.06242956015279301,0.12736426403466203,1.1653856074003972
28,31,0.16285477028988096,0.0,96,32,0,0,49532,0.06244342750526329,0.125841775276176,1.1587192948604141
28,32,0.16582447950544296,0.0,114,33,0,0,49642,0.06258210102996609,0.1270080741918625,1.164558188386713
28,33,0.1516839730195014,0.0,7,34,1,0,49460,0.06235265938000328,0.11931260809561428,1.1388851570845426
28,34,0.19013861017127806,0.0,127,35,0,0,49697,0.0626514377923175,0.14038035105903757,1.2055385872041178
28,35,0.14979731300539478,0.0,4,36,1,0,49504,0.062408128789884394,0.11944969359515313,1.1326721824901727
28,36,0.16181442697967932,0.0,78,37,0,0,49539,0.06245225218410801,0.12511301088000434,1.1585333866844858
28,37,0.1607532170792607,0.0,66,38,0,0,49530,0.062440906168450515,0.12557213913791096,1.1544797998251113
28,38,0.17582728254293586,0.0,122,39,0,0,49635,0.06257327635112137,0.13247767857996326,1.1807678828225203
28,39,0.15178173249412436,0.0,9,40,1,0,49705,0.0626615231395686,0.12138829858991984,1.1350730188535572
28,40,0.15998602811054852,0.0,51,41,0,0,49621,0.06255562699343192,0.12430806195654731,1.1577304547601688
28,41,0.1603123781562357,0.0,57,42,0,0,49656,0.06259975038765553,0.12534680041846216,1.149471703434592
28,42,0.1594507495884457,0.0,43,43,0,0,49540,0.0624535128525144,0.12338255756590283,1.1541060280398368
28,43,0.16192281085729962,0.0,81,44,0,0,49576,0.06249889691514441,0.12560830693621333,1.156387089196956
28,44,0.15939240859777137,0.0,42,45,0,0,49621,0.06255562699343192,0.12387652614646169,1.1492672596645783
28,45,0.15980476804969157,0.0,50,46,0,0,49614,0.06254680231458719,0.1244333632427094,1.1513407907905502
28,46,0.15955781803282254,0.0,45,47,0,0,49666,0.06261235707171943,0.12431005989245059,1.1529147009365281
28,47,0.1628426147677439,0.0,94,48,0,0,49674,0.06262244241897054,0.12578830709059957,1.1592110571697956
28,48,0.16542945597557365,0.0,112,49,0,0,49590,0.06251654627283386,0.12719842233004158,1.1636180605958295
28,49,0.16708312309296905,0.0,118,50,0,0,49659,0.06260353239287471,0.12883284296125513,1.1669614249665898
28,50,0.160243706434157,0.0,54,51,0,0,49592,0.06251906760964664,0.12464708431692159,1.1521548315058538
28,51,0.1621729330890899,0.0,83,52,0,0,49558,0.062476204883829406,0.12552485668267557,1.1552242711056075
28,52,0.15869735048490394,0.0,33,53,0,0,49513,0.0624194748055419,0.12425440928342155,1.1489145314077076
28,53,0.15845777772800004,0.0,30,54,0,0,49505,0.06240938945829078,0.12358572140908695,1.1514595448090545
28,54,0.163830931217297,0.0,107,55,0,0,49588,0.06251402493602108,0.12571852598718325,1.1642565154552855
28,55,0.15934393028142338,0.0,41,56,0,0,49555,0.06247242287861024,0.12402071854648972,1.1562528477305043
28,56,0.1604301699975255,0.0,61,57,0,0,49606,0.06253671696733608,0.12420264515587287,1.1542280970096943
28,57,0.16253789194794635,0.0,88,58,0,0,49572,0.062493854241518855,0.125590177021298,1.1599973469071456
28,58,0.16479714553303004,0.0,110,59,0,0,49610,0.06254175964096163,0.1271522078202049,1.162371675046057
28,59,0.1636488336584902,0.0,104,60,0,0,49642,0.06258210102996609,0.12582110724372544,1.1643613796364534
28,60,0.16526755431500278,0.0,111,61,0,0,49624,0.06255940899865109,0.12719862274461857,1.1621019068478495
28,61,0.1590951895079629,0.0,38,62,0,0,49563,0.06248250822586135,0.12438633001188099,1.1510395834936322
28,62,0.1597241283375351,0.0,49,63,0,0,49665,0.06261109640331304,0.12493196877844157,1.153042629864529
28,63,0.16577208274202135,0.0,113,64,0,0,49570,0.06249133290470608,0.12660933270973798,1.1689594635062646
28,64,0.1618148299203671,0.0,79,65,0,0,49618,0.06255184498821276,0.12494420480094809,1.1608187743957643
28,65,0.16082148321594056,0.0,67,66,0,0,49581,0.06250520025717636,0.12451974949339367,1.1556465144369137
28,66,0.1573856124388615,0.0,22,67,0,0,49601,0.06253041362530413,0.12272343089498863,1.1468571719258602
28,67,0.15927705635261313,0.0,40,68,0,0,49682,0.06263252776622165,0.12319902328599323,1.1529125418904442
28,68,0.1552079870282198,0.0,14,69,0,0,49513,0.0624194748055419,0.12155685034624299,1.1487428966067448
28,69,0.1588586548552666,0.0,34,70,0,0,49669,0.0626161390769386,0.12319212675151381,1.1521218381098028
28,70,0.1552929469315139,0.0,15,71,0,0,49495,0.062396782774226896,0.12188876493186578,1.145413401426244
28,71,0.16283851973782099,0.0,93,72,0,0,49572,0.062493854241518855,0.1259546970828639,1.1627455688761554
28,72,0.1618323426911138,0.0,80,73,0,0,49529,0.062439645500044126,0.1252207111134927,1.1608457302422313
28,73,0.1574328839942412,0.0,23,74,0,0,49512,0.06241821413713551,0.122593654461735,1.1492902948441563
28,74,0.1619822155779272,0.0,82,75,0,0,49576,0.06249889691514441,0.12523535893149376,1.1550778984334138
28,75,0.16243661618748462,0.0,86,76,0,0,49558,0.062476204883829406,0.12556176908784644,1.1594733145004512
28,76,0.15955048589994283,0.0,44,77,0,0,49529,0.062439645500044126,0.12398700927248417,1.1528893427285478
28,77,0.1637415850777209,0.0,105,78,0,0,49629,0.06256571234068303,0.12697268622492772,1.1589125022899363
28,78,0.161265672177615,0.0,70,79,0,0,49560,0.06247872622064218,0.12481727171037196,1.1567797174234198
28,79,0.1476704019014827,0.0,2,80,1,0,49472,0.06236778740087995,0.1176585615055151,1.1290900832303463
28,80,0.159244938189572,0.0,39,81,0,0,49592,0.06251906760964664,0.12336511821988225,1.1552026377933453
28,81,0.15773190114949356,0.0,26,82,0,0,49682,0.06263252776622165,0.1238379600711626,1.1480161625102145
28,82,0.1662453707584312,0.0,116,83,0,0,49538,0.062450991515701625,0.1275681852671335,1.1691909568826517
28,83,0.16374550220930145,0.0,106,84,0,0,49589,0.06251528560442747,0.1260973830079547,1.1620764271868254
28,84,0.16868391892909165,0.0,121,85,0,0,49591,0.06251780694124025,0.129205575062483,1.1681989603561431
28,85,0.1584783581899483,0.0,32,86,0,0,49524,0.062433342158012176,0.12336786996303765,1.153396744254534
28,86,0.15846350058599742,0.0,31,87,0,0,49633,0.06257075501430859,0.12306320255017798,1.1526911826593123
28,87,0.16050341534698484,0.0,62,88,0,0,49659,0.06260353239287471,0.12407482144793584,1.1538439420450852
28,88,0.15316787240476584,0.0,11,89,1,0,49487,0.062386697426975786,0.12055605760539265,1.1391287039626006
28,89,0.16317571120138571,0.0,101,90,0,0,49619,0.06255310565661915,0.12623967620719423,1.1565307543954666
28,90,0.1640543936241013,0.0,108,91,0,0,49667,0.06261361774012582,0.12652615675922493,1.1618007993976482
28,91,0.1629625416472889,0.0,97,92,0,0,49545,0.062459816194546346,0.12601321605544996,1.1566386895795002
28,92,0.16248171075075146,0.0,87,93,0,0,49541,0.06245477352092079,0.1258549128948255,1.152948259472625
28,93,0.1576875141333743,0.0,25,94,0,0,49549,0.06246485886817191,0.12314995083121189,1.1510005579118696
28,94,0.1548411285562373,0.0,12,95,1,0,49471,0.06236652673247356,0.12127278777091376,1.1452896628557392
28,95,0.16312105271113453,0.0,98,96,0,0,49649,0.06259092570881081,0.1258148444184246,1.1588189763037562
28,96,0.16836097717485535,0.0,120,97,0,0,49489,0.06238921876378856,0.12424516066263051,1.1706957004657492
28,97,0.162585534768202,0.0,91,98,0,0,49595,0.0625228496148658,0.12518879867761903,1.1603901726670667
28,98,0.15957330884686521,0.0,46,99,0,0,49485,0.062384176090163,0.12397552473221952,1.1551884684875318
28,99,0.1606282344051484,0.0,64,100,0,0,49499,0.06240182544785245,0.1247773734089649,1.155160680769087
28,100,0.15754286779063514,0.0,24,101,0,0,49522,0.0624308208211994,0.1223605421049908,1.1524458408076326
28,101,0.1601501678045888,0.0,53,102,0,0,49633,0.06257075501430859,0.12457327952939579,1.1543395095463562
28,102,0.16137247649863914,0.0,71,103,0,0,49541,0.06245477352092079,0.12513510374827688,1.1569730136648617
28,103,0.16315054416065713,0.0,99,104,0,0,49533,0.06244468817366968,0.12613412548257655,1.1565273243545604
28,104,0.1566278502208851,0.0,19,105,0,0,49500,0.06240308611625884,0.1226407177607256,1.1473434903896622
28,105,0.15655168962632426,0.0,18,106,0,0,49513,0.0624194748055419,0.12251784236405679,1.1502938322485061
28,106,0.1787193355026339,0.0,124,107,0,0,49693,0.06264639511869192,0.1331863891624735,1.19625064019305
28,107,0.18893533742940294,0.0,126,108,0,0,49702,0.06265774113434944,0.13593174629484167,1.2197299902591305
28,108,0.16037704591242607,0.0,59,109,0,0,49629,0.06256571234068303,0.12488470230245621,1.1527789441799954
28,109,0.15778343332111275,0.0,27,110,0,0,49489,0.06238921876378856,0.12289878592268016,1.150068280604394
28,110,0.16721169852134535,0.0,119,111,0,0,49696,0.06265017712391109,0.12935329930203085,1.1616035028860732
28,111,0.16426267952511037,0.0,109,112,0,0,49649,0.06259092570881081,0.1264461194905228,1.1606463104367422
28,112,0.15175202631365006,0.0,8,113,1,0,49480,0.06237787274813106,0.11991969206042531,1.136800794525825
28,113,0.16683842884566313,0.0,117,114,0,0,49582,0.06250646092558275,0.12796608722853964,1.1639108503537356
28,114,0.16284667276378045,0.0,95,115,0,0,49676,0.06262496375578332,0.12655072410935758,1.1630833697926501
28,115,0.17868343809319134,0.0,123,116,0,0,49656,0.06259975038765553,0.1338746947438093,1.1917200998832183
28,116,0.1617087938361025,0.0,75,117,0,0,49566,0.062486290231080516,0.12522485789448737,1.156219449769958
28,117,0.15701618817779742,0.0,20,118,0,0,49505,0.06240938945829078,0.12293089975808642,1.147426562280756
28,118,0.15552962872719614,0.0,16,119,0,0,49549,0.06246485886817191,0.12257222216646635,1.1405823925326188
28,119,0.16255382352278405,0.0,90,120,0,0,49563,0.06248250822586135,0.1256701924834161,1.157817123065931
28,120,0.16172281859512244,0.0,76,121,0,0,49603,0.06253293496211691,0.1255566343666287,1.1550234409107267
28,121,0.16001508412087417,0.0,52,122,0,0,49546,0.062461076862952734,0.12417212857828744,1.1539473260626325
28,122,0.16254767284271116,0.0,89,123,0,0,49540,0.0624535128525144,0.1252391551846475,1.1616910442697639
28,123,0.16027622212939616,0.0,56,124,0,0,49516,0.062423256810761066,0.12479461469194061,1.1525135399863748
28,124,0.1618040640550027,0.0,77,125,0,0,49588,0.06251402493602108,0.12534870599598463,1.1617215842629582
28,125,0.1605545641527361,0.0,63,126,0,0,49574,0.06249637557833163,0.1244946779156947,1.15650730354173
28,126,0.15959009003646119,0.0,48,127,0,0,49645,0.06258588303518525,0.12404885191300798,1.1502960568253657
28,127,0.1589890618487455,0.0,35,128,0,0,49512,0.06241821413713551,0.12392785260779234,1.1526857658579122
29,0,0.1665632719463993,0.0,116,1,0,1,49659,0.06260353239287471,0.128276920192638,1.2296937894780873
29,1,0.1613792077987426,0.0,64,2,0,1,49546,0.062461076862952734,0.12510384585501724,1.2218998909754462
29,2,0.1655111385119089,0.0,114,3,0,1,49550,0.062466119536578296,0.12819161016661318,1.2263193096629914
29,3,0.16382651121813468,0.0,107,4,0,1,49570,0.06249133290470608,0.12613849954436115,1.2264233714899366
29,4,0.16226734843008359,0.0,80,5,0,1,49614,0.06254680231458719,0.12550837949411128,1.2243650504182313
29,5,0.1628585631054879,0.0,97,6,0,1,49641,0.0625808403615597,0.12601999894164775,1.2245618841270929
29,6,0.16283064889161336,0.0,96,7,0,1,49539,0.06245225218410801,0.12582380690899028,1.2267705453755564
29,7,0.16064198394153886,0.0,45,8,0,1,49533,0.06244468817366968,0.12475459130024259,1.216839594755296
29,8,0.1631445991440955,0.0,102,9,0,1,49609,0.06254049897255524,0.12606734587391932,1.2239149694626736
29,9,0.16204891125813958,0.0,78,10,0,1,49588,0.06251402493602108,0.1252149893215263,1.224850707784344
29,10,0.16051943668154156,0.0,43,11,0,1,49524,0.062433342158012176,0.12432522191513366,1.222957534207538
29,11,0.16253872929148408,0.0,91,12,0,1,49511,0.06241695346872912,0.12575795477306703,1.225437334828235
29,12,0.1624601218148021,0.0,84,13,0,0,49516,0.062423256810761066,0.12595311491583538,1.2227990252939576
29,13,0.16114163483827026,0.0,56,14,0,0,49532,0.06244342750526329,0.1250061877653981,1.2232910075266252
29,14,0.16311321758441508,0.0,101,15,0,0,49678,0.0626274850925961,0.12585687675258403,1.2273285638727067
29,15,0.16071373230471517,0.0,46,16,0,0,49615,0.06254806298299358,0.1246411174513977,1.2197266158360032
29,16,0.15748612999660014,0.0,11,17,1,0,49675,0.06262370308737693,0.12276938335018567,1.2152071092064718
29,17,0.1600966513223344,0.0,34,18,0,0,49582,0.06250646092558275,0.12416931074812526,1.2245441758921194
29,18,0.1624885985347019,0.0,87,19,0,0,49598,0.06252663162008497,0.1255304025089495,1.223989270900269
29,19,0.1618031691774876,0.0,75,20,0,0,49649,0.06259092570881081,0.12503458847713056,1.227176466994004
29,20,0.14895236157345393,0.0,4,21,1,0,49409,0.06228836529127744,0.11786454632601898,1.2028251202125109
29,21,0.16082914028365947,0.0,51,22,0,0,49656,0.06259975038765553,0.12510572919899346,1.220517968198737
29,22,0.1574862495230125,0.0,12,23,1,0,49444,0.06233248868550105,0.12306894594707389,1.2160123274704484
29,23,0.18023470193349939,0.0,127,24,0,0,49679,0.06262874576100248,0.13674592641944208,1.2572639658885312
29,24,0.20014005447886282,0.0,128,25,0,0,49701,0.06265648046594305,0.14691696609383245,1.2884365157540798
29,25,0.16028355158244548,0.0,38,26,0,0,49649,0.06259092570881081,0.12444952788640014,1.2185966322611106
29,26,0.16137118876274353,0.0,63,27,0,0,49627,0.06256319100387026,0.1249436806224895,1.2227039534602182
29,27,0.15822451762135234,0.0,17,28,0,0,49648,0.06258966504040442,0.12377877754763746,1.2197416765761806
29,28,0.16115027831789355,0.0,58,29,0,0,49624,0.06255940899865109,0.12471245097309995,1.2243337606808753
29,29,0.17055252475081084,0.0,122,30,0,0,49683,0.06263378843462804,0.12990768273135278,1.243409822476803
29,30,0.16149570842658603,0.0,67,31,0,0,49599,0.06252789228849136,0.1252366522830553,1.2225957251098598
29,31,0.1614672774725149,0.0,66,32,0,0,49644,0.06258462236677886,0.12487837036043686,1.2259558800737913
29,32,0.16107451777084797,0.0,53,33,0,0,49557,0.06247494421542302,0.12480852086174278,1.2229451744499245
29,33,0.17055771971193628,0.0,123,34,0,0,49601,0.06253041362530413,0.13023068205866364,1.2366221970301048
29,34,0.16249624123997555,0.0,88,35,0,0,49596,0.06252411028327219,0.12517840038385689,1.228736421095611
29,35,0.1612326436576827,0.0,61,36,0,0,49553,0.06246990154179746,0.12475717421906009,1.223124411826415
29,36,0.16300265025179092,0.0,100,37,0,0,49622,0.06255688766183831,0.12550497057748844,1.226667781713812
29,37,0.15848581873799988,0.0,20,38,0,0,49638,0.06257705835634053,0.12345112538232504,1.218172650388132
29,38,0.16114959218918176,0.0,57,39,0,0,49508,0.062413171463509956,0.12486487874871685,1.2250168106830859
29,39,0.16170190354735015,0.0,72,40,0,0,49660,0.0626047930612811,0.12503331655327365,1.2235480831260248
29,40,0.16334702265435486,0.0,103,41,0,0,49504,0.062408128789884394,0.12629385018679382,1.2241879864665501
29,41,0.16759609895712343,0.0,118,42,0,0,49665,0.06261109640331304,0.12846963200301867,1.2343046976389669
29,42,0.15993166930827957,0.0,30,43,0,0,49583,0.06250772159398914,0.12416979251364636,1.2230259615597165
29,43,0.16232238213797923,0.0,81,44,0,0,49611,0.06254302030936802,0.12546847628655966,1.2241186290639352
29,44,0.16000735957320303,0.0,32,45,0,0,49536,0.06244847017888885,0.12417503128349251,1.219654890247313
29,45,0.15887962151456422,0.0,23,46,0,0,49453,0.062343834701158556,0.12385915275844306,1.2180132406760715
29,46,0.16142661271312064,0.0,65,47,0,0,49579,0.06250267892036358,0.12511418428822849,1.2215694145197944
29,47,0.1643486336061821,0.0,108,48,0,0,49499,0.06240182544785245,0.126699884561279,1.2274148792120527
29,48,0.15866342379893297,0.0,22,49,0,0,49515,0.06242199614235468,0.1235181115914144,1.2195332255264593
29,49,0.15418815455043178,0.0,7,50,1,0,49446,0.06233501002231383,0.12100855210070544,1.2084725663039577
29,50,0.16509498263844172,0.0,113,51,0,0,49658,0.06260227172446832,0.12696920828671723,1.228896082777236
29,51,0.1644973208276921,0.0,109,52,0,0,49560,0.06247872622064218,0.12710079582694833,1.2263491380010927
29,52,0.15809363629145712,0.0,16,53,0,0,49664,0.06260983573490665,0.12329302374635837,1.2163856549702703
29,53,0.16165758670140445,0.0,70,54,0,0,49675,0.06262370308737693,0.1251572534391515,1.2232720238359824
29,54,0.16201569398171725,0.0,76,55,0,0,49638,0.06257705835634053,0.12504589403780036,1.226572088619208
29,55,0.15842545690120596,0.0,19,56,0,0,49616,0.06254932365139997,0.12343192026526466,1.2157462416741065
29,56,0.16156066395510207,0.0,68,57,0,0,49552,0.062468640873391074,0.12506363537058382,1.2235902230526028
29,57,0.16035753013243056,0.0,40,58,0,0,49559,0.062477465552235795,0.12449704013605802,1.2223266839432987
29,58,0.16288111865058633,0.0,98,59,0,0,49627,0.06256319100387026,0.12592284304218226,1.2274405710335727
29,59,0.14052523146045046,0.0,3,60,1,0,49455,0.06234635603797133,0.11212463700203593,1.186989106843758
29,60,0.1626674633529155,0.0,93,61,0,0,49571,0.062492593573112466,0.125775929512327,1.2239263777162208
29,61,0.1634530616408566,0.0,105,62,0,0,49562,0.06248124755745496,0.12612169607697707,1.2272284122283557
29,62,0.14024012648165704,0.0,2,63,1,0,49409,0.06228836529127744,0.11214096067697711,1.1885140235741298
29,63,0.16451756769754958,0.0,111,64,0,0,49620,0.06255436632502553,0.12688180635319493,1.2270324762355949
29,64,0.16172100809717374,0.0,73,65,0,0,49553,0.06246990154179746,0.12538559619021047,1.2221488177324982
29,65,0.1611832378131186,0.0,60,66,0,0,49517,0.062424517479167455,0.12492804933088231,1.2227313441109333
29,66,0.16451334626929226,0.0,110,67,0,0,49637,0.06257579768793414,0.12683202025074375,1.2303000552498253
29,67,0.1620167638237705,0.0,77,68,0,0,49647,0.06258840437199803,0.12507464194502502,1.2244230484146186
29,68,0.16168223180037014,0.0,71,69,0,0,49572,0.062493854241518855,0.12527632524770702,1.220772826422722
29,69,0.1583051640079791,0.0,18,70,0,0,49558,0.062476204883829406,0.12304860453669994,1.220455889548143
29,70,0.16118216543429806,0.0,59,71,0,0,49653,0.06259596838243636,0.1247819780649475,1.2232206126506953
29,71,0.1607962231498451,0.0,49,72,0,0,49573,0.062495114909925244,0.12423398599217284,1.2263333083342163
29,72,0.16274397924139172,0.0,94,73,0,0,49536,0.06244847017888885,0.12576993337080128,1.2258298752390373
29,73,0.16461895567218832,0.0,112,74,0,0,49627,0.06256319100387026,0.12658330191011313,1.2287199910455175
29,74,0.16258899715803005,0.0,92,75,0,0,49624,0.06255940899865109,0.12584526983120373,1.2261704132985969
29,75,0.16253520921895756,0.0,90,76,0,0,49576,0.06249889691514441,0.12566890609117753,1.226108945771684
29,76,0.160116958517446,0.0,35,77,0,0,49531,0.062442166836856904,0.12398253651403714,1.2238393591564602
29,77,0.1595025798474951,0.0,27,78,0,0,49504,0.062408128789884394,0.12378216957159532,1.2201302575969017
29,78,0.1617864460913605,0.0,74,79,0,0,49605,0.06253545629892969,0.12512681331151695,1.2246466405022207
29,79,0.1533819941137449,0.0,5,80,1,0,49456,0.06234761670637772,0.12029153550146446,1.2115556481016405
29,80,0.1615991023870883,0.0,69,81,0,0,49622,0.06255688766183831,0.12504521042806643,1.2236839200417984
29,81,0.1611170291168332,0.0,54,82,0,0,49588,0.06251402493602108,0.1246091086194729,1.225003554306058
29,82,0.1566089498080113,0.0,8,83,1,0,49435,0.06232114266984355,0.12264973714249137,1.2144420939129068
29,83,0.16915482013633126,0.0,121,84,0,0,49662,0.06260731439809387,0.13032370803212423,1.2322870881718606
29,84,0.16275141747378624,0.0,95,85,0,0,49498,0.06240056477944606,0.12591860552377362,1.223031129324175
29,85,0.1676767500686361,0.0,119,86,0,0,49640,0.06257957969315331,0.12885793997074263,1.2342721112142048
29,86,0.1586211068341399,0.0,21,87,0,0,49568,0.0624888115678933,0.12312835587920312,1.220206646476124
29,87,0.15777904820417993,0.0,13,88,0,0,49445,0.06233374935390744,0.12265769342846385,1.2165350376107915
29,88,0.1590579297472226,0.0,25,89,0,0,49630,0.06256697300908942,0.12359520675336375,1.2203712356247318
29,89,0.16060294715680284,0.0,44,90,0,0,49596,0.06252411028327219,0.12473725380514339,1.2193945610007224
29,90,0.16251103271976733,0.0,89,91,0,0,49525,0.062434602826418564,0.12552592807638863,1.2238254464753386
29,91,0.16072246712118834,0.0,47,92,0,0,49616,0.06254932365139997,0.12471367721641073,1.2225121071674558
29,92,0.16098136423124595,0.0,52,93,0,0,49490,0.06239047943219495,0.12472031169248624,1.2227238810598242
29,93,0.16241560322353996,0.0,83,94,0,0,49572,0.062493854241518855,0.125978690841004,1.2213640732243038
29,94,0.15917304545798797,0.0,26,95,0,0,49480,0.06237787274813106,0.12407722785402987,1.2191727473881013
29,95,0.15889046414336874,0.0,24,96,0,0,49581,0.06250520025717636,0.12354675661261945,1.220949918783972
29,96,0.16112856406250353,0.0,55,97,0,0,49530,0.062440906168450515,0.12459263549154888,1.2244890315196155
29,97,0.15990172845763495,0.0,29,98,0,0,49528,0.06243838483163774,0.12391485696408173,1.2195746051508962
29,98,0.1608165750688629,0.0,50,99,0,0,49642,0.06258210102996609,0.12458144940446693,1.2233652491216158
29,99,0.16211131001287976,0.0,79,100,0,0,49623,0.0625581483302447,0.12544191219898296,1.2242957592073795
29,100,0.16609942541218317,0.0,115,101,0,0,49487,0.062386697426975786,0.12752831770033715,1.230811769194923
29,101,0.15709169362255773,0.0,9,102,1,0,49597,0.06252537095167858,0.12264631999714806,1.2157985584774522
29,102,0.16133375659119764,0.0,62,103,0,0,49575,0.06249763624673802,0.12532229155234417,1.2215106078386657
29,103,0.16233503094627505,0.0,82,104,0,0,49561,0.06247998688904857,0.1255442365034615,1.224261794256933
29,104,0.15408676708331412,0.0,6,105,1,0,49456,0.06234761670637772,0.12043400552356238,1.2145685564892663
29,105,0.15741968574332058,0.0,10,106,1,0,49570,0.06249133290470608,0.12255789582325051,1.2169096081265525
29,106,0.1624773622309698,0.0,85,107,0,0,49471,0.06236652673247356,0.12563484082996337,1.2244810847537195
29,107,0.1604514344518701,0.0,41,108,0,0,49543,0.06245729485773357,0.12457128115942916,1.2216913072092608
29,108,0.11338466280162703,0.0,1,109,1,0,49369,0.062237938555021875,0.09580431592754146,1.1356995484078678
29,109,0.1580376712815821,0.0,15,110,0,0,49518,0.06242577814757384,0.12312137000422227,1.21504247835564
29,110,0.17081552509830802,0.0,125,111,0,0,49654,0.06259722905084275,0.130673054509878,1.236342231006733
29,111,0.16340329264226167,0.0,104,112,0,0,49591,0.06251780694124025,0.12593551044414722,1.2262082199220903
29,112,0.17241411521677735,0.0,126,113,0,0,49635,0.06257327635112137,0.13089277497756827,1.2411312842565418
29,113,0.16035584662981353,0.0,39,114,0,0,49483,0.062381654753350224,0.12457696922215128,1.222524093921558
29,114,0.17059558821640494,0.0,124,115,0,0,49685,0.06263630977144082,0.13001961671523551,1.238469735284839
29,115,0.15961205939732293,0.0,28,116,0,0,49595,0.0625228496148658,0.12397457946642854,1.2214966853955664
29,116,0.16021154437349344,0.0,37,117,0,0,49654,0.06259722905084275,0.12452180138119331,1.21916932389745
29,117,0.16715290814116754,0.0,117,118,0,0,49681,0.06263126709781526,0.12852245003874463,1.2323781296210734
29,118,0.16047640503577584,0.0,42,119,0,0,49610,0.06254175964096163,0.12405569673288892,1.2249607234122055
29,119,0.16076977501681458,0.0,48,120,0,0,49552,0.062468640873391074,0.12466851456950785,1.2229368134855227
29,120,0.16882220689416455,0.0,120,121,0,0,49640,0.06257957969315331,0.12960214523499491,1.2336905545342247
29,121,0.160162052360464,0.0,36,122,0,0,49543,0.06245729485773357,0.12433454284481558,1.2223514897341903
29,122,0.16296316504783642,0.0,99,123,0,0,49648,0.06258966504040442,0.12603539810024467,1.2248662548304101
29,123,0.16381331452369755,0.0,106,124,0,0,49619,0.06255310565661915,0.1263564888155327,1.225312521984938
29,124,0.16004342882559297,0.0,33,125,0,0,49466,0.06236022339044161,0.12417240375872626,1.21925199746642
29,125,0.1624825309495214,0.0,86,126,0,0,49616,0.06254932365139997,0.12568236038494093,1.2243254620729764
29,126,0.1599940060359311,0.0,31,127,0,0,49541,0.06245477352092079,0.12415969036011201,1.2228280334411896
29,127,0.15802457721047075,0.0,14,128,0,0,49656,0.06259975038765553,0.12310720372348871,1.2170472884644326
